mark,heads,gloss
大,475,"big"
小,286,"small"
不,265,"not"
水,251,"water"
白,242,"white"
海,231,"sea"
上,224,"up"
一,209,"one"
中,209,"central"
高,204,"high"
天,198,"sky"
打,192,"beat"
出,188,"out"
开,188,"on"
公,184,"fair"
自,184,"self"
重,180,"heavy"
分,175,"divide"
下,174,"down"
花,169,"flower"
老,168,"old"
外,163,"outside"
发,158,"issue"
地,147,"earth"
金,147,"gold"
手,144,"hand"
新,144,"new"
山,143,"mountain"
回,140,"return"
无,140,"negative"
生,138,"life"
平,137,"flat"
正,133,"upright"
相,133,"mutual"
反,133,"reverse"
人,131,"person"
长,130,"long"
前,128,"forward"
清,128,"clear"
石,127,"stone"
火,126,"fire"
家,123,"home"
西,122,"west"
转,120,"turn"
心,119,"heart"
黑,119,"black"
三,119,"three"
安,117,"peaceful"
通,117,"pass through"
后,114,"backward"
南,113,"south"
主,111,"master"
失,111,"lose"
文,111,"literature"
有,110,"have"
沙,110,"sand"
同,108,"alley"
成,108,"completed"
马,107,"horse"
全,107,"maintain"
对,107,"correct"
内,107,"inside"
电,106,"electric"
神,104,"god"
交,103,"hand"
光,103,"light"
合,102,"combine"
行,102,"column"
阿,101,"prefix for people's names"
多,100,"many"
加,100,"add"
流,100,"flow"
空,100,"empty"
名,99,"name"
青,99,"blue"
黄,99,"yellow"
木,99,"tree"
定,97,"decide"
变,96,"change"
冰,96,"ice"
日,95,"day"
本,95,"root"
血,95,"blood"
放,94,"put"
面,94,"face"
可,93,"may"
收,93,"gather together"
红,92,"red"
推,91,"push"
解,91,"loosen"
好,90,"nice"
明,89,"bright"
起,89,"rise"
受,89,"receive"
月,89,"month"
香,89,"fragrant"
死,89,"die"
排,88,"row"
美,88,"beauty"
口,88,"mouth"
法,88,"law"
北,87,"north"
干,87,"dry"
提,87,"hold in hand"
土,87,"soil"
风,86,"wind"
倒,86,"pour"
国,85,"nation"
牛,85,"cow"
特,85,"special"
酒,85,"wine"
無,85,"not have"
入,84,"enter"
原,84,"source"
油,84,"oil"
单,83,"single"
年,83,"year"
气,83,"gas"
传,83,"summon"
古,82,"old"
走,81,"go"
精,81,"essence"
五,81,"five"
头,80,"head"
接,80,"catch"
包,79,"pack"
商,79,"business"
教,79,"teach"
直,78,"straight"
双,78,"pair"
散,78,"scatter"
暗,78,"obscure"
女,77,"female"
作,77,"work"
眼,77,"eyelet"
草,77,"grass"
落,77,"fall"
调,77,"transfer"
茶,77,"tea"
肉,77,"meat"
保,76,"protect"
东,75,"east"
真,75,"real"
破,75,"break"
拉,75,"pull"
脱,75,"take off"
風,75,"wind"
结,74,"tie"
过,74,"pass"
四,74,"four"
冷,74,"cold"
苦,74,"bitter"
病,73,"illness"
情,73,"feeling"
报,72,"report"
铁,72,"iron"
连,71,"join"
微,71,"small"
偏,71,"inclined one side"
假,70,"falsehood"
武,70,"military"
追,70,"pursue"
王,70,"king"
雪,70,"snow"
米,68,"rice"
门,68,"door"
复,68,"repeat"
热,68,"hot"
轻,68,"light"
洋,68,"ocean"
龙,68,"dragon"
開,68,"open"
先,67,"first"
食,67,"eat"
國,67,"country"
周,66,"week"
指,66,"finger"
深,66,"deep"
表,66,"sheet"
松,66,"fir tree"
横,66,"across"
路,65,"road"
信,65,"letter"
要,65,"necessary"
毛,65,"hair"
牙,65,"tooth"
临,65,"draw near"
引,65,"pull"
抽,65,"draw out"
书,64,"book"
飞,64,"fly"
改,64,"change"
点,64,"dot"
防,64,"defend"
低,64,"low"
吊,64,"condole"
電,64,"lightning"
学,63,"learning"
体,63,"body"
代,63,"generation"
民,63,"people"
背,63,"back"
圣,63,"holy"
鱼,63,"fish"
方,62,"a square"
春,62,"spring"
基,62,"foundation"
二,62,"two"
私,62,"private"
胡,62,"recklessly"
切,62,"cut"
波,62,"wave"
浮,62,"float"
半,61,"incomplete"
工,61,"labor"
修,61,"study"
麻,61,"hemp"
粗,61,"rough"
惊,61,"frighten"
硬,61,"hard"
看,60,"look"
车,60,"cart"
比,60,"ratio"
音,60,"sound"
巴,60,"greatly desire"
船,60,"boat"
野,60,"open country"
黃,60,"yellow"
早,59,"early"
银,59,"silver"
官,59,"official"
竹,59,"flute"
後,59,"behind"
紅,59,"red"
長,59,"long"
实,58,"real"
当,58,"while"
活,58,"live"
短,58,"short"
强,58,"strong"
密,58,"dense"
封,58,"letter"
折,58,"break off"
發,58,"shoot"
得,57,"obtain"
时,57,"time"
太,57,"very"
阴,57,"'female' principle"
皮,57,"skin"
退,57,"step back"
配,57,"match"
恶,57,"nastiness"
河,57,"river"
网,56,"net"
留,56,"stop"
母,56,"female elders"
消,56,"vanish"
投,56,"throw"
百,56,"hundred"
毒,56,"poison"
旧,56,"old"
进,55,"advance"
满,55,"full"
会,55,"would"
和,55,"and"
隐,55,"hide"
李,55,"plum"
奇,54,"strange"
品,54,"article"
套,54,"set"
招,54,"beckon"
翻,54,"flip over"
星,53,"star"
字,53,"word"
球,53,"ball"
道,53,"path"
果,53,"fruit"
补,53,"mend"
色,53,"color"
借,53,"borrow"
田,53,"field"
罗,53,"net for catching birds"
做,52,"act"
男,52,"male"
超,52,"jump over"
跳,52,"jump"
顺,52,"obey"
初,52,"beginning"
华,52,"flowery"
杂,52,"mixed"
耳,52,"ear"
探,52,"find"
乳,52,"breast"
雅,52,"elegant"
夜,51,"night"
应,51,"should"
永,51,"eternal"
角,51,"horn"
专,51,"monopolize"
子,51,"offspring"
刺,51,"prick"
玉,51,"jade"
军,51,"army"
机,50,"desk"
快,50,"fast"
游,50,"swim"
总,50,"collect"
立,50,"stand"
领,50,"neck"
台,50,"platform"
尾,50,"tail"
细,50,"fine"
遗,50,"lose"
骨,50,"skeleton"
卡,50,"card"
灵,50,"spirit"
板,50,"plank"
馬,50,"horse"
常,49,"common"
经,49,"classic works"
送,49,"dispatch"
圆,49,"round"
用,49,"with"
胸,49,"breast"
远,49,"far"
暴,49,"violent"
顶,49,"top"
便,48,"convenience"
关,48,"off"
英,48,"petal"
菜,48,"vegetables"
世,48,"generation"
共,48,"together with"
支,48,"disperse"
标,48,"mark"
试,48,"test"
警,48,"guard"
预,48,"prepare"
首,48,"head"
宽,48,"wide"
寒,48,"cold"
征,48,"invade"
烧,48,"burn"
迷,48,"bewitch"
归,48,"return to"
林,48,"forest"
再,47,"again"
喜,47,"like"
奶,47,"woman's breasts"
事,47,"matter"
客,47,"guest"
洗,47,"wash"
羊,47,"sheep"
乐,47,"happy"
亲,47,"relatives"
利,47,"sharp"
盘,47,"tray"
绝,47,"cut"
集,47,"assemble"
万,47,"thousand"
战,47,"war"
未,47,"not yet"
树,47,"tree"
守,47,"defend"
云,47,"cloud"
整,46,"all"
附,46,"adhere to"
急,46,"quick"
登,46,"rise"
烟,46,"smoke"
雷,46,"thunder"
动,45,"move"
爱,45,"love"
照,45,"shine"
目,45,"eye"
拍,45,"clap"
吸,45,"suck"
布,45,"cloth"
独,45,"alone"
禁,45,"restrict"
酸,45,"acid"
冲,45,"bolt"
余,45,"surplus"
猛,45,"violent"
赤,45,"red"
江,45,"river"
甲,45,"armor"
頭,45,"head"
身,44,"body"
停,44,"park"
市,44,"market"
感,44,"feel"
故,44,"ancient"
制,44,"system"
增,44,"increase"
建,44,"build"
彩,44,"hue"
减,44,"decrease"
巨,44,"large"
轮,44,"revolve"
聖,44,"noble"
過,44,"cross"
坐,43,"sit"
来,43,"come"
考,43,"examine"
声,43,"sound"
广,43,"wide"
校,43,"school"
秋,43,"autumn"
哈,43,"sound of laughter"
城,43,"castle"
近,43,"near"
激,43,"arouse"
元,43,"first"
悲,43,"sorrow"
边,43,"side"
幼,43,"infant"
异,43,"different"
拼,43,"join together"
混,43,"mix"
粉,43,"powder"
张,43,"stretch"
泥,43,"mud"
魚,43,"fish"
听,42,"hear"
意,42,"thought"
印,42,"print"
管,42,"pipe"
雨,42,"rain"
查,42,"investigate"
沉,42,"sink"
豆,42,"beans"
威,42,"pomp"
插,42,"insert"
兵,42,"soldier"
理,41,"reason"
政,41,"government"
宿,41,"stop"
拖,41,"haul"
滑,41,"slip"
磁,41,"magnetic"
福,41,"good fortune"
虚,41,"false"
雄,41,"male of species"
寄,41,"send"
結,41,"tie"
轉,41,"turn"
雞,41,"chicken"
吃,40,"eat"
在,40,"at"
从,40,"from"
温,40,"lukewarm"
农,40,"agriculture"
性,40,"sex"
鼻,40,"nose"
延,40,"delay"
装,40,"dress"
降,40,"fall"
偷,40,"steal"
挂,40,"hang"
弹,40,"pellet"
求,40,"seek"
爆,40,"crackle"
內,40,"inside"
狗,40,"dog"
紫,40,"purple"
軍,40,"army"
房,39,"house"
衣,39,"clothes"
班,39,"class"
绿,39,"green"
底,39,"bottom"
显,39,"manifest"
简,39,"simple"
联,39,"connect"
阳,39,"'male' principle"
两,39,"two"
承,39,"inherit"
向,39,"toward"
抗,39,"resist"
核,39,"seed"
番,39,"take turns"
薄,39,"thin"
乌,39,"crow"
佛,39,"Buddha"
断,39,"sever"
刀,39,"knife"
德,39,"virtue"
親,39,"paternal relatives"
鸡,38,"chicken"
使,38,"make"
十,38,"ten"
取,38,"take"
笔,38,"pen"
难,38,"difficult"
任,38,"trust to"
熟,38,"well-cooked"
环,38,"ring"
孤,38,"orphan"
朝,38,"at"
编,38,"knit"
搭,38,"join together"
糖,38,"sugar"
陈,38,"exhibit"
八,38,"eight"
哀,38,"sad"
烏,38,"crow"
熱,38,"warm"
蒙,38,"cover"
参,37,"three"
离,37,"rare beast"
运,37,"luck"
丰,37,"abundant"
批,37,"comment"
选,37,"choose"
除,37,"eliminate"
闪,37,"flash"
化,37,"change"
富,37,"rich"
残,37,"injure"
脚,37,"feet"
软,37,"soft"
書,37,"book"
淫,37,"obscene"
左,36,"left"
汉,36,"Chinese people"
以,36,"by means of"
就,36,"just"
带,36,"bring"
足,36,"foot"
兴,36,"thrive"
力,36,"power"
抓,36,"grab"
积,36,"accumulate"
采,36,"fief"
依,36,"rely on"
博,36,"gamble"
宝,36,"treasure"
航,36,"sail"
灰,36,"ash"
物,36,"thing"
皇,36,"royal"
吉,36,"lucky"
旋,36,"revolve"
曲,36,"crooked"
焦,36,"burned"
磨,36,"rub"
纵,36,"indulge in"
狂,36,"mad"
鸟,36,"bird"
來,36,"come"
弄,36,"do"
樹,36,"tree"
陰,36,"cloudy"
千,35,"thousand"
数,35,"count"
笑,35,"laugh"
语,35,"language"
随,35,"follow"
压,35,"oppress"
宣,35,"declare"
形,35,"form"
极,35,"extreme"
严,35,"strict"
亚,35,"Asia"
步,35,"step"
聚,35,"assemble"
拜,35,"bye"
肥,35,"fat"
逃,35,"escape"
倾,35,"upset"
奉,35,"offer"
泰,35,"great"
盛,35,"abundant"
枪,35,"gun"
露,35,"dew"
丁,35,"male adult"
六,35,"six"
對,35,"correct"
纸,35,"paper"
休,34,"rest"
图,34,"chart"
少,34,"few"
普,34,"universal"
服,34,"clothes"
科,34,"section"
节,34,"knot"
零,34,"zero"
歌,34,"song"
紧,34,"tense"
供,34,"supply"
申,34,"monkey"
童,34,"child"
脑,34,"head"
透,34,"penetrate"
升,34,"arise"
省,34,"province"
群,34,"group"
胶,34,"gum"
凶,34,"culprit"
甘,34,"sweetness"
素,34,"white"
末,34,"final"
單,34,"single"
斜,34,"slanting"
時,34,"season"
蛇,34,"snake"
逆,34,"disobey"
連,34,"man-drawn carriage"
现,33,"appear"
说,33,"say"
跑,33,"run"
更,33,"more"
着,33,"make move"
缺,33,"be short of"
被,33,"passive indicator 'by'"
列,33,"column"
移,33,"change place"
敬,33,"respect"
震,33,"shake"
垂,33,"let down"
施,33,"grant"
柴,33,"firewood"
仙,33,"Taoist super-being"
越,33,"exceed"
乱,33,"confusion"
虎,33,"brave"
車,33,"land vehicle"
門,33,"gate"
鬼,33,"ghost"
认,32,"recognize"
所,32,"place"
药,32,"medicine"
至,32,"reach"
呼,32,"breathe sigh"
善,32,"good"
围,32,"surround"
居,32,"live"
幽,32,"quiet"
统,32,"govern"
繁,32,"complicated"
端,32,"end"
索,32,"rope"
闲,32,"fence"
魔,32,"demon"
卷,32,"volume"
换,32,"change"
铺,32,"spread out"
丹,32,"cinnabar"
氣,32,"gas"
炮,32,"large gun"
細,32,"thin"
臭,32,"smell"
去,31,"go"
护,31,"protect"
礼,31,"social custom"
词,31,"word"
优,31,"superior"
充,31,"fill"
划,31,"scratch"
往,31,"go"
把,31,"hold"
按,31,"put hand on"
社,31,"god of the soil and altars to him"
邮,31,"postal"
错,31,"wrong"
乘,31,"multiply"
宁,31,"calm"
挑,31,"a load carried on the shoulders"
潮,31,"wet"
约,31,"treaty"
鼓,31,"drum"
何,31,"what"
尖,31,"sharp"
差,31,"differ"
床,31,"bed"
斑,31,"mottled"
斗,31,"a dipper"
奸,31,"crafty"
怪,31,"strange"
柳,31,"pleasure"
甜,31,"sweet"
學,31,"comprehend"
強,31,"strong"
藥,31,"medicine"
鐵,31,"iron"
告,30,"with"
晚,30,"late"
知,30,"know"
非,30,"not"
产,30,"give birth"
展,30,"open"
并,30,"equal to"
演,30,"perform"
痛,30,"pain"
舞,30,"dance"
评,30,"appraise"
免,30,"spare"
嘴,30,"mouth"
婚,30,"marriage"
尊,30,"respect"
治,30,"govern"
良,30,"good"
钢,30,"steel"
祖,30,"ancestor"
刑,30,"punishment"
恩,30,"favour"
杜,30,"stop"
港,30,"port"
疏,30,"neglect"
腹,30,"belly"
冗,30,"excessive"
扶,30,"support"
矿,30,"mine"
裸,30,"bare"
乾,30,"dry"
傳,30,"transfer"
兰,30,"orchid"
唐,30,"Tang dynasty"
會,30,"union"
量,30,"amount"
錢,30,"money"
飛,30,"fly"
龍,30,"Chinese dragon"
今,29,"now"
里,29,"inside"
到,29,"go to"
叫,29,"call"
司,29,"take charge of"
画,29,"painting"
等,29,"rank"
讲,29,"say"
导,29,"direct"
根,29,"root"
义,29,"right conduct"
叶,29,"leaf"
汇,29,"a concourse"
疑,29,"doubt"
财,29,"wealth"
阻,29,"impede"
隔,29,"separate"
次,29,"order"
违,29,"disobey"
吹,29,"blow"
岩,29,"cliff"
墨,29,"ink"
壁,29,"partition wall"
扣,29,"knock"
割,29,"cut"
進,29,"advance"
雙,29,"two"
雲,29,"cloud"
见,28,"see"
影,28,"shadow"
几,28,"small table"
思,28,"think"
养,28,"raise"
含,28,"hold in mouth"
冒,28,"risk"
废,28,"abrogate"
掌,28,"palm of hand"
棉,28,"cotton padded"
煤,28,"coal"
勾,28,"hook"
抵,28,"resist"
旗,28,"flag"
泡,28,"bubbles"
荒,28,"wasteland"
祭,28,"sacrifice to"
纳,28,"admit"
愛,28,"love"
戰,28,"fight a battle"
拔,28,"uproot"
補,28,"mend"
黏,28,"stick to"
医,27,"cure"
住,27,"reside"
如,27,"if"
蓝,27,"blue"
讨,27,"discuss"
尽,27,"utmost"
种,27,"seed"
造,27,"construct"
权,27,"power"
模,27,"model"
耐,27,"endure"
厚,27,"thick"
乡,27,"country"
备,27,"prepare"
审,27,"examine"
愚,27,"stupid"
挨,27,"near"
致,27,"delicate"
苏,27,"revive"
触,27,"butt"
钟,27,"bell"
钻,27,"drill"
蜂,27,"wasp"
九,27,"nine"
尿,27,"urinate"
腰,27,"pocket"
豬,27,"pig"
遺,27,"lose"
銀,27,"silver"
别,26,"not"
那,26,"that"
举,26,"lift"
冬,26,"winter"
旅,26,"trip"
检,26,"check"
争,26,"dispute"
功,26,"achievement"
存,26,"exist"
景,26,"scenery"
营,26,"encampment"
规,26,"rules"
资,26,"property"
即,26,"promptly"
操,26,"conduct"
夹,26,"be wedged or inserted between"
射,26,"shoot"
戒,26,"warn"
摩,26,"rub"
救,26,"save"
欧,26,"translit.: Europe"
租,26,"lease"
货,26,"goods"
犯,26,"commit crime"
算,26,"count"
贵,26,"expensive"
镇,26,"town"
喷,26,"spurt"
墓,26,"grave"
令,26,"command"
浅,26,"shallow"
滿,26,"full"
調,26,"adjust"
變,26,"change"
玩,25,"play"
还,25,"also"
完,25,"complete"
互,25,"mutually"
伤,25,"wound"
创,25,"establish"
终,25,"end"
负,25,"load"
抱,25,"hold"
格,25,"pattern"
视,25,"look at"
剪,25,"cut"
裁,25,"cut out"
豪,25,"brave"
丧,25,"mourning"
侧,25,"side"
攻,25,"attack"
潜,25,"hide"
盖,25,"cover"
飘,25,"whirlwind"
卖,25,"sell"
牧,25,"tend cattle"
藏,25,"hide"
邪,25,"wrong"
锁,25,"lock"
乙,25,"second"
伊,25,"third person pronoun"
党,25,"political party"
擦,25,"rub"
猪,25,"pig"
筆,25,"writing brush"
簡,25,"bamboo slip"
體,25,"body"
最,24,"most"
唱,24,"sing"
没,24,"not"
因,24,"cause"
克,24,"gram"
危,24,"dangerous"
坚,24,"hard"
暖,24,"warm"
注,24,"concentrate"
蛋,24,"egg"
寻,24,"seek"
怀,24,"bosom"
期,24,"period of time"
著,24,"make known"
质,24,"matter"
陆,24,"land"
默,24,"silent"
丝,24,"fine thread"
劳,24,"labor"
拆,24,"break up"
搞,24,"clear"
线,24,"line"
跟,24,"with"
奔,24,"run fast"
忠,24,"loyalty"
撒,24,"release"
撤,24,"omit"
棕,24,"hemp palm"
洪,24,"vast"
涂,24,"smear"
监,24,"supervise"
苍,24,"blue"
踏,24,"step on"
惨,24,"sad"
欠,24,"owe"
玄,24,"deep"
跨,24,"straddle"
動,24,"move"
孔,24,"opening"
歇,24,"rest"
燒,24,"burn"
當,24,"face"
艾,24,"artemisia"
鹿,24,"deer"
麦,24,"wheat"
楼,23,"building of two or more stories"
记,23,"record"
谢,23,"thank"
问,23,"ask"
条,23,"strip"
京,23,"capital city"
号,23,"mark"
处,23,"place"
季,23,"quarter of year"
容,23,"looks"
称,23,"call"
突,23,"suddenly"
街,23,"street"
迎,23,"receive"
适,23,"go"
摆,23,"put"
片,23,"piece"
穿,23,"wear"
维,23,"maintain"
针,23,"needle"
侵,23,"invade"
刻,23,"carve"
寿,23,"old age"
戏,23,"theatrical play"
股,23,"thighs"
胆,23,"gall bladder"
蜜,23,"sweet"
陪,23,"accompany"
齐,23,"even"
凹,23,"concave"
授,23,"give to"
望,23,"look at"
梅,23,"plums"
瓦,23,"tile"
盲,23,"blind"
逼,23,"compel"
朱,23,"cinnabar"
杀,23,"kill"
藤,23,"rattan"
副,23,"assist"
史,23,"history"
實,23,"full"
拱,23,"fold hands on breast"
極,23,"ridgepole"
漢,23,"Han River"
萬,23,"Original form of 蠆／虿 ."
經,23,"warp"
網,23,"net"
蒲,23,"type of rush"
試,23,"test"
賣,23,"sell"
點,23,"count"
右,22,"right"
找,22,"find"
漂,22,"float"
睡,22,"sleep"
拿,22,"take"
欢,22,"happy"
能,22,"be able"
观,22,"see"
恐,22,"fear"
达,22,"arrive at"
灯,22,"lamp"
误,22,"err"
卧,22,"lie down"
抢,22,"rob"
摇,22,"shake"
漏,22,"leak"
仁,22,"humaneness"
兼,22,"unite"
凝,22,"coagulate"
娇,22,"seductive and loveable"
托,22,"hold up with palm"
抛,22,"throw"
派,22,"school of thought"
涉,22,"ford stream"
灌,22,"water"
炒,22,"fry"
纤,22,"tow line"
贝,22,"sea shell"
败,22,"be defeated"
贫,22,"poor"
释,22,"interpret"
劝,22,"recommend"
燕,22,"swallow"
静,22,"quiet"
七,22,"seven"
御,22,"drive"
數,22,"count"
煙,22,"smoke"
現,22,"present"
盐,22,"salt"
秦,22,"feudal state of Qin"
紙,22,"paper"
鞋,22,"shoe"
韩,22,"fence"
預,22,"beforehand"
鼎,22,"large"
介,21,"forerunner"
他,21,"him"
哪,21,"which? where? how?"
我,21,"I"
汽,21,"steam"
刚,21,"hard"
卫,21,"guard"
害,21,"injure"
慢,21,"slow"
才,21,"talent"
熊,21,"bear"
速,21,"quick"
固,21,"become solid"
师,21,"teacher"
待,21,"treat"
敌,21,"enemy"
诗,21,"poem"
避,21,"turn aside"
凭,21,"lean on"
助,21,"help"
嘉,21,"excellent"
幻,21,"illusion"
烤,21,"roast"
舌,21,"tongue"
凄,21,"bitter cold"
凌,21,"pure"
康,21,"peaceful"
弱,21,"weak"
悬,21,"hang"
扫,21,"sweep"
拘,21,"restrain"
捐,21,"contribute"
柔,21,"rub"
汤,21,"soup"
湖,21,"lake"
炸,21,"fry in oil"
牵,21,"drag"
铜,21,"copper"
催,21,"press"
凸,21,"protrude"
妖,21,"strange"
掉,21,"fall"
猎,21,"hunt"
螺,21,"spiral shell"
吐,21,"spit"
吴,21,"one of warring states"
塔,21,"tower"
塞,21,"stop up"
宜,21,"suitable"
川,21,"river"
扁,21,"flat"
猫,21,"cat"
異,21,"different"
聯,21,"connect"
聲,21,"sound"
芳,21,"fragrant"
遐,21,"afar"
關,21,"door bolt"
領,21,"neck"
请,20,"please"
饭,20,"cooked rice"
凉,20,"cool"
夏,20,"summer"
答,20,"answer"
判,20,"judge"
剧,20,"theatrical plays"
搬,20,"transfer"
票,20,"ticket"
设,20,"build"
赶,20,"pursue"
之,20,"marks preceding phrase as modifier of following phrase"
智,20,"wisdom"
秘,20,"secret"
稳,20,"stable"
窗,20,"window"
辩,20,"dispute"
逐,20,"chase"
买,20,"buy"
孝,20,"filial piety"
拨,20,"move"
桃,20,"peach"
珍,20,"precious"
返,20,"return"
鼠,20,"rat"
伯,20,"older brother"
俗,20,"social customs"
冻,20,"freeze"
喉,20,"throat"
屈,20,"bend"
揭,20,"raise"
淡,20,"weak"
珠,20,"precious stone"
筹,20,"chip"
纯,20,"pure"
腐,20,"rot"
订,20,"draw up agreement"
谋,20,"plan"
贪,20,"greedy"
贴,20,"stick"
赌,20,"bet"
巡,20,"patrol"
陶,20,"pottery"
雌,20,"female"
久,20,"long time"
喝,20,"drink"
垫,20,"advance money"
巫,20,"wizard"
挤,20,"squeeze"
渊,20,"gulf"
滚,20,"turn"
瑞,20,"felicitous omen"
胎,20,"unborn child"
丙,20,"red"
伏,20,"crouch"
冥,20,"dark"
击,20,"strike"
勒,20,"strangle"
堂,20,"hall"
店,20,"shop"
應,20,"should"
滴,20,"drip"
編,20,"put in order"
義,20,"right conduct"
腦,20,"brain"
菌,20,"mushroom"
谷,20,"corn"
財,20,"wealth"
軟,20,"soft"
運,20,"move"
必,19,"surely"
站,19,"stand"
组,19,"group"
部,19,"tribe"
历,19,"history"
各,19,"each"
将,19,"will"
概,19,"generally"
职,19,"duty"
位,19,"throne"
毫,19,"fine hair"
竞,19,"contend"
勤,19,"industrious"
脸,19,"face"
荣,19,"glory"
融,19,"melt"
象,19,"elephant"
赛,19,"compete"
佳,19,"good"
冤,19,"grievance"
崇,19,"esteem"
扭,19,"turn"
旱,19,"drought"
洞,19,"hole"
浴,19,"bath"
浸,19,"soak"
渔,19,"fish"
狼,19,"wolf"
尼,19,"Buddhist nun"
扑,19,"pounce"
料,19,"consider"
桑,19,"mulberry tree"
蓬,19,"type of raspberry"
裂,19,"split"
载,19,"load"
鲁,19,"foolish"
刘,19,"kill"
報,19,"judge"
惠,19,"favor"
樂,19,"music"
絕,19,"break off"
绮,19,"fine thin silk"
绵,19,"cotton wad"
總,19,"collect"
羽,19,"feather"
蚕,19,"silkworms"
規,19,"dividers"
記,19,"record"
銅,19,"copper"
鳥,19,"bird"
齒,19,"tooth"
读,18,"read"
这,18,"this"
个,18,"numerary adjunct"
健,18,"strong"
其,18,"his"
坏,18,"bad"
想,18,"want"
为,18,"do"
命,18,"life"
团,18,"sphere"
效,18,"result"
浪,18,"wave"
继,18,"continue"
话,18,"speech"
促,18,"urge"
梦,18,"dream"
测,18,"measure"
研,18,"grind"
缓,18,"slow"
缩,18,"contract"
论,18,"debate"
餐,18,"meal"
占,18,"observe"
均,18,"equal"
委,18,"appoint"
执,18,"hold in hand"
眉,18,"eyebrows"
罪,18,"crime"
言,18,"words"
辞,18,"words"
间,18,"interval"
靠,18,"lean on"
丑,18,"clown"
伪,18,"false"
劲,18,"strong"
崩,18,"die - of an emperor"
念,18,"think of"
慈,18,"kind"
截,18,"cut off"
摊,18,"spread out"
案,18,"table"
沿,18,"follow a course"
钩,18,"hook"
隆,18,"prosperous"
霸,18,"rule by might rather than right"
驱,18,"spur a horse on"
串,18,"string"
刮,18,"shave"
劫,18,"take by force"
杨,18,"willow"
每,18,"every"
砂,18,"pebbles"
仰,18,"raise the head to look"
優,18,"generous"
創,18,"start to"
幾,18,"how much"
廢,18,"collapse"
怒,18,"anger"
惡,18,"evil"
掛,18,"hang"
易,18,"change"
東,18,"east"
瞎,18,"blind"
续,18,"continue"
講,18,"say"
迂,18,"doctrinaire"
難,18,"difficult"
霜,18,"frost"
順,18,"follow"
髮,18,"hair"
帮,17,"help"
课,17,"lesson"
友,17,"friend"
座,17,"throne"
爬,17,"climb"
决,17,"decide"
困,17,"surround"
宾,17,"guest"
训,17,"teach"
题,17,"forehead"
业,17,"profession"
付,17,"give"
填,17,"fill in"
污,17,"filthy"
签,17,"sign"
获,17,"obtain"
辛,17,"bitter"
仿,17,"imitate"
冠,17,"cap"
协,17,"be united"
叉,17,"crotch"
层,17,"layer"
巧,17,"skillful"
搜,17,"search"
汗,17,"sweat"
辣,17,"peppery"
壮,17,"big"
扎,17,"stab"
捕,17,"arrest"
攀,17,"climb"
村,17,"village"
束,17,"bind"
爽,17,"happy"
略,17,"approximately"
益,17,"profit"
盗,17,"rob"
胃,17,"stomach"
亮,17,"bright"
侍,17,"serve"
椰,17,"palm tree"
秀,17,"ear of grain"
茅,17,"reeds"
酌,17,"serve wine"
颓,17,"ruined"
井,17,"well"
剑,17,"sword"
塗,17,"mud"
恬,17,"quiet"
斷,17,"break"
洛,17,"river in Shanxi province"
滤,17,"strain out"
牽,17,"drag"
琴,17,"Chinese lute or guitar"
視,17,"watch"
聽,17,"listen"
萨,17,"Buddhist gods or immortals"
褲,17,"pants"
認,17,"recognize"
跌,17,"stumble"
逸,17,"flee"
遠,17,"far"
锡,17,"tin"
靈,17,"god"
飯,17,"any cooked grain"
午,16,"seventh earthly branch"
骑,16,"ride"
区,16,"zone"
姑,16,"father's sister"
帽,16,"hat"
持,16,"sustain"
证,16,"proof"
费,16,"expenses"
邻,16,"neighbor"
企,16,"plan a project"
奖,16,"award"
抄,16,"copy"
此,16,"this"
烦,16,"bother"
燃,16,"light fire"
矮,16,"short"
议,16,"consult"
赞,16,"help"
兔,16,"rabbit"
启,16,"open"
响,16,"make sound"
宗,16,"lineage"
屏,16,"folding screen"
敲,16,"knock"
枕,16,"pillow"
示,16,"show"
粘,16,"viscous"
蜡,16,"wax"
递,16,"hand"
闭,16,"shut"
乞,16,"beg"
奥,16,"mysterious"
宫,16,"palace"
弥,16,"extensive"
抚,16,"pat"
抹,16,"smear"
晕,16,"halo in sky"
枯,16,"dried out"
浓,16,"thick"
界,16,"boundary"
诸,16,"several"
验,16,"test"
像,16,"a picture"
凤,16,"male phoenix"
哭,16,"weep"
帝,16,"supreme ruler"
怨,16,"hatred"
撞,16,"knock against"
桂,16,"cassia or cinnamon"
稀,16,"rare"
累,16,"implicate"
鄙,16,"mean"
霍,16,"quickly"
韵,16,"rhyme"
卵,16,"horn"
咬,16,"bite"
寶,16,"treasure"
機,16,"weaving machine"
湘,16,"alternate name for Hunan"
熔,16,"melt"
碎,16,"break"
箭,16,"arrow"
置,16,"place"
脏,16,"dirty"
膠,16,"glue"
芦,16,"rushes"
虾,16,"shrimp"
複,16,"lined garment"
輕,16,"light"
農,16,"cultivate"
適,16,"go"
醉,16,"intoxicated"
針,16,"needle"
链,16,"chain"
险,16,"narrow pass"
養,16,"raise"
准,15,"approve"
钱,15,"money"
例,15,"example"
舒,15,"open up"
计,15,"plan"
了,15,"finish"
值,15,"price"
幸,15,"luck"
据,15,"occupy"
父,15,"father"
估,15,"merchant"
偶,15,"accidentally"
典,15,"law"
律,15,"statute"
扩,15,"expand"
湿,15,"wet"
祝,15,"pray for happiness or blessings"
系,15,"tie"
详,15,"detailed"
闹,15,"quarrel"
鲜,15,"fresh"
岁,15,"age"
昆,15,"elder brother"
液,15,"liquid"
贡,15,"offer tribute"
鞭,15,"whip"
吞,15,"absorb"
妄,15,"absurd"
尸,15,"corpse"
拟,15,"draft"
拳,15,"various forms of boxing"
挥,15,"direct"
挽,15,"pull"
晋,15,"advance"
桥,15,"bridge"
泄,15,"leak"
泛,15,"drift"
灭,15,"extinguish"
炉,15,"fireplace"
蒸,15,"steam"
版,15,"printing blocks"
督,15,"supervise"
碧,15,"jade"
策,15,"scheme"
脉,15,"blood vessels"
衰,15,"decline"
僧,15,"Buddhist priest"
卤,15,"salt"
寡,15,"widowed"
徐,15,"slowly"
披,15,"wear"
晶,15,"clear"
浩,15,"great"
税,15,"tax"
绕,15,"entwine"
酷,15,"cool"
驳,15,"varicolored"
骚,15,"harass"
亂,15,"disorderly"
咸,15,"together"
姨,15,"mother/wife's sister"
導,15,"direct"
師,15,"division of 2500 soldiers"
復,15,"return"
恒,15,"constant"
扒,15,"scratch"
攘,15,"seize"
晨,15,"early morning"
栈,15,"warehouse"
標,15,"topmost branches of a tree"
盤,15,"tray"
硅,15,"silicon"
脫,15,"take off"
華,15,"blossom"
蝦,15,"shrimp"
評,15,"comment on"
貴,15,"expensive"
買,15,"buy"
輪,15,"warrant"
逗,15,"tempt"
這,15,"this"
遊,15,"wander"
锦,15,"brocade"
隨,15,"follow"
雀,15,"sparrow"
驚,15,"fear"
鴨,15,"duck"
麥,15,"general term for wheat"
齿,15,"tooth"
旁,14,"side"
办,14,"manage"
只,14,"a sword"
忽,14,"suddenly"
许,14,"allow"
写,14,"write"
属,14,"class"
牌,14,"signboard"
输,14,"lose"
迟,14,"late"
刷,14,"brush"
拒,14,"ward off with hand"
暂,14,"temporary"
构,14,"frame"
毕,14,"end"
穷,14,"poor"
符,14,"i.d. tag"
粮,14,"food"
肚,14,"bowels"
迫,14,"coerce"
销,14,"melt"
凡,14,"all"
漫,14,"overflow of water"
肌,14,"muscle tissue"
肩,14,"shoulders"
贺,14,"congratulate"
伴,14,"companion"
候,14,"expect"
呈,14,"submit"
圈,14,"circle"
埋,14,"bury"
堆,14,"heap"
夺,14,"take by force"
忧,14,"sad"
旷,14,"extensive"
昏,14,"dusk"
棋,14,"chess"
棒,14,"stick"
款,14,"item"
淘,14,"wash in a sieve"
渗,14,"soak through"
滋,14,"grow"
溶,14,"melt"
耗,14,"consume"
袖,14,"sleeve"
覆,14,"overturn"
识,14,"recognize"
诱,14,"persuade"
遮,14,"cover"
都,14,"all"
饱,14,"eat heartily"
兜,14,"pouch"
叛,14,"rebel"
契,14,"deed"
架,14,"rack"
渡,14,"cross"
献,14,"offer"
痴,14,"foolish"
莫,14,"do not"
傷,14,"wound"
兽,14,"beast"
冊,14,"book"
參,14,"Three Stars mansion"
呆,14,"dull"
孟,14,"first in series"
弓,14,"bow"
彈,14,"shoot"
扬,14,"scatter"
扯,14,"pull"
染,14,"be contagious"
梁,14,"beam"
歲,14,"Jupiter"
殺,14,"kill"
決,14,"dredge"
济,14,"help"
漁,14,"fish"
煎,14,"fry"
甩,14,"throw"
砚,14,"inkstone"
終,14,"end"
維,14,"tie"
翘,14,"turn up"
育,14,"produce"
肺,14,"lung"
芋,14,"taro"
蒜,14,"garlic"
虛,14,"empty"
討,14,"send armed forces to suppress"
語,14,"speak"
貓,14,"cat"
贤,14,"virtuous"
質,14,"matter"
赵,14,"ancient state"
酬,14,"toast"
醫,14,"medicinal"
錯,14,"wrong"
雜,14,"miscellaneous"
鸣,14,"cry of bird or animal"
麵,14,"flour"
忘,13,"neglect"
句,13,"phrase"
挺,13,"stand upright"
碰,13,"collide"
裤,13,"trousers"
另,13,"another"
技,13,"skill"
担,13,"carry"
播,13,"sow"
确,13,"sure"
谈,13,"talk"
铅,13,"lead"
器,13,"receptacle"
孙,13,"grandchild"
度,13,"degree"
森,13,"forest"
虫,13,"bug"
丢,13,"throw"
厂,13,"factory"
唯,13,"only"
坦,13,"flat"
局,13,"bureau"
恭,13,"respectful"
押,13,"mortgage"
控,13,"accuse"
辅,13,"cheek bone"
仪,13,"ceremony"
储,13,"save money"
卑,13,"humble"
弯,13,"bend"
徒,13,"disciple"
抑,13,"press down"
挖,13,"dig"
掩,13,"cover"
摘,13,"pluck"
昌,13,"light of sun"
欺,13,"cheat"
沾,13,"moisten"
添,13,"append"
炎,13,"flame"
牢,13,"prison"
稻,13,"rice growing in field"
羞,13,"disgrace"
诈,13,"cheat"
贬,13,"decrease"
阵,13,"column"
雕,13,"engrave"
额,13,"tablet"
驻,13,"be stationed at"
仇,13,"enemy"
伸,13,"extend"
尚,13,"still"
拙,13,"stupid"
滥,13,"flood"
瓜,13,"melon"
粪,13,"manure"
絮,13,"waste cotton"
缝,13,"sew"
脊,13,"spine"
丽,13,"beautiful"
兒,13,"child"
別,13,"not"
坑,13,"pit"
娘,13,"young girl"
專,13,"monopolize"
屯,13,"village"
弃,13,"reject"
撕,13,"rip"
枝,13,"branches"
榛,13,"hazelnut"
毋,13,"do not"
沃,13,"water"
泽,13,"marsh"
溪,13,"river"
炼,13,"smelt"
犬,13,"dog"
狐,13,"fox"
碑,13,"stone tablet"
碳,13,"carbon"
笃,13,"deep"
篡,13,"usurp"
純,13,"silk"
绞,13,"twist"
綠,13,"green"
蓮,13,"lotus"
蘇,13,"perilla"
蚁,13,"ants"
見,13,"see"
說,13,"say"
谐,13,"harmonize"
護,13,"protect"
貨,13,"money and goods"
資,13,"money"
賭,13,"gamble"
邊,13,"edge"
郵,13,"postal"
锯,13,"saw"
陽,13,"side"
離,13,"leave"
饰,13,"decorate"
鹽,13,"salt"
龟,13,"turtle or tortoise"
儿,12,"son"
桌,12,"table"
第,12,"sequence"
习,12,"practice"
院,12,"courtyard"
具,12,"tool"
及,12,"extend"
庆,12,"congratulate"
类,12,"class"
胜,12,"victory"
访,12,"visit"
遇,12,"meet"
勇,12,"brave"
型,12,"pattern"
塑,12,"model in clay"
士,12,"scholar"
尺,12,"Chinese measure approx. 'foot'"
措,12,"place"
植,12,"plant"
渐,12,"gradually"
甚,12,"great extent"
诚,12,"sincere"
忍,12,"endure"
户,12,"family"
拐,12,"kidnap"
损,12,"diminish"
涨,12,"rise in price"
灾,12,"calamity"
犹,12,"like"
疾,12,"illness"
苗,12,"sprouts"
躲,12,"hide"
遵,12,"obey"
频,12,"frequently"
丘,12,"mountain"
亏,12,"lose"
俯,12,"bow down"
削,12,"scrape off"
剥,12,"peel"
夸,12,"extravagant"
嫌,12,"hate"
忌,12,"jealous"
惯,12,"habit"
惹,12,"irritate"
懒,12,"lazy"
捣,12,"hull"
摸,12,"touch"
敷,12,"spread"
柱,12,"pillar"
浑,12,"muddy"
源,12,"source"
盆,12,"basin"
纠,12,"investigate"
绑,12,"tie"
若,12,"if"
较,12,"compare"
辽,12,"distant"
迁,12,"move"
钦,12,"respect"
章,12,"chapter"
须,12,"must"
黎,12,"numerous"
乖,12,"rebel"
仲,12,"middle brother"
俄,12,"sudden"
傲,12,"proud"
傻,12,"foolish"
拓,12,"expand"
梯,12,"ladder"
津,12,"ferry"
溜,12,"slide"
烈,12,"fiery"
烘,12,"bake"
焚,12,"burn"
盟,12,"swear"
窃,12,"secretly"
翠,12,"color green"
肇,12,"begin"
肝,12,"liver"
萧,12,"common artemisia"
赫,12,"bright"
阔,12,"wide"
亞,12,"a house"
亡,12,"death"
厝,12,"cut or engrave"
叩,12,"knock"
唇,12,"lip"
嗔,12,"be angry at"
坠,12,"fall down"
執,12,"hold in the hand"
堅,12,"hard"
宋,12,"Song dynasty"
己,12,"self"
帶,12,"belt"
库,12,"armory"
彭,12,"name of ancient country"
徽,12,"a badge"
扳,12,"pull"
拾,12,"pick up"
捉,12,"grasp"
族,12,"a family clan"
柘,12,"a thorny tree"
業,12,"profession"
殉,12,"die for cause"
殊,12,"different"
泉,12,"spring"
涤,12,"wash"
润,12,"soft"
溃,12,"flooding river"
灶,12,"kitchen stove"
為,12,"do"
煮,12,"cook"
玛,12,"agate"
甄,12,"examine"
產,12,"give birth"
瘦,12,"thin"
碱,12,"alkaline"
禄,12,"blessing"
節,12,"knot"
纹,12,"line"
翼,12,"wing"
肠,12,"intestines"
腳,12,"foot"
腺,12,"gland"
臺,12,"tower"
興,12,"rise"
莱,12,"goosefoot"
葉,12,"leaf"
蒼,12,"blue"
課,12,"lesson"
證,12,"prove"
議,12,"talk over"
貝,12,"shellfish"
赏,12,"reward"
赘,12,"unnecessary"
轴,12,"axis"
選,12,"choose"
還,12,"have or have not"
雾,12,"fog"
韻,12,"sweet music"
飽,12,"full"
鳞,12,"fish scales"
或,11,"or"
样,11,"shape"
的,11,"possessive"
而,11,"whereas"
顾,11,"look back"
伟,11,"great"
场,11,"open space"
媒,11,"go-between"
志,11,"purpose"
责,11,"one's responsibility"
既,11,"already"
稍,11,"little"
纷,11,"in disorder"
脾,11,"spleen"
趋,11,"hasten"
享,11,"enjoy"
势,11,"power"
恋,11,"love"
悠,11,"long"
振,11,"raise"
摔,11,"fall to the ground"
朗,11,"clear"
疲,11,"feel tired"
糊,11,"paste"
罚,11,"penalty"
舍,11,"discard"
谦,11,"humble"
账,11,"accounts"
驾,11,"drive"
仓,11,"granary"
凑,11,"piece together"
卓,11,"profound"
厌,11,"dislike"
妥,11,"satisfactory"
宏,11,"wide"
庄,11,"village"
序,11,"preface"
恰,11,"just"
掠,11,"rob"
昂,11,"rise"
澄,11,"purify water by allowing sediment to settle"
筛,11,"sieve"
缠,11,"wrap"
罢,11,"cease"
菊,11,"chrysanthemum"
让,11,"let"
轰,11,"rumble"
闻,11,"smell"
顽,11,"obstinate"
颈,11,"neck"
饶,11,"bountiful"
净,11,"clean"
凯,11,"triumphant"
奏,11,"memorialize emperor"
屠,11,"butcher"
捧,11,"hold up in two hands"
涵,11,"soak"
禅,11,"meditation"
秧,11,"rice seedlings"
凍,11,"freeze"
劈,11,"cut apart"
卜,11,"radish"
卸,11,"lay down"
县,11,"county"
喙,11,"beak"
夙,11,"early in morning"
夷,11,"ancient barbarian tribes"
妙,11,"mysterious"
尘,11,"dust"
府,11,"prefecture"
庭,11,"courtyard"
息,11,"rest"
懸,11,"hang"
戊,11,"5th heavenly stem"
抖,11,"tremble"
捷,11,"win"
撇,11,"discard"
旬,11,"ten-day period"
梵,11,"Buddhist"
檢,11,"measure"
歸,11,"return"
殘,11,"damage"
氯,11,"chlorine"
沖,11,"pour water on"
涼,11,"cool"
淮,11,"river in Anhui province"
減,11,"decrease"
溫,11,"lukewarm"
烂,11,"rotten"
煞,11,"malignant deity"
燈,11,"lamp"
琼,11,"jade"
秃,11,"bald"
種,11,"seed"
竖,11,"perpendicular"
笞,11,"bamboo rod used for beatings"
织,11,"weave"
羅,11,"net for catching birds"
職,11,"duty"
肃,11,"pay respects"
脓,11,"pus"
臨,11,"overlook"
芒,11,"Miscanthus sinensis"
芜,11,"luxurious growth of weeds"
菲,11,"fragrant"
葛,11,"edible bean"
葱,11,"scallions"
號,11,"name"
蛤,11,"clam"
蟹,11,"crab"
衛,11,"guard"
計,11,"calculate"
設,11,"put"
詩,11,"poem"
誤,11,"mistaken"
請,11,"ask"
貧,11,"poor"
賢,11,"virtuous"
跃,11,"skip"
跋,11,"go by foot"
跪,11,"kneel"
郁,11,"sweet smelling"
锅,11,"cooking-pot"
锐,11,"sharp"
陸,11,"land"
驯,11,"tame"
鬱,11,"lush"
魏,11,"kingdom of Wei"
鲸,11,"whale"
味,10,"taste"
瓶,10,"bottle"
队,10,"team"
颜,10,"face"
价,10,"price"
厨,10,"kitchen"
叔,10,"father's younger brother"
夫,10,"man"
屋,10,"house"
录,10,"copy"
曾,10,"already"
由,10,"cause"
范,10,"bee-like insect"
裙,10,"skirt"
饮,10,"drink"
培,10,"bank up with dirt"
尤,10,"especially"
抬,10,"carry"
是,10,"be"
泪,10,"tear"
猴,10,"monkey"
镜,10,"mirror"
限,10,"boundary"
佩,10,"belt ornament"
池,10,"pool"
革,10,"leather"
刊,10,"publication"
奢,10,"extravagant"
岳,10,"mountain peak"
帐,10,"tent"
廉,10,"upright"
杠,10,"lever"
欲,10,"desire"
歪,10,"slant"
歹,10,"bad"
毁,10,"destroy"
熏,10,"smoke"
狭,10,"narrow"
瓷,10,"crockery"
畅,10,"smoothly"
笨,10,"foolish"
耕,10,"plow"
茂,10,"thick"
薪,10,"fuel"
诉,10,"accuse"
辨,10,"distinguish"
遍,10,"everywhere"
遭,10,"come across"
鉴,10,"mirror"
陡,10,"steep"
顿,10,"pause"
丫,10,"forked"
乔,10,"tall"
函,10,"correspondence"
劣,10,"bad"
君,10,"sovereign"
呵,10,"scold"
嫁,10,"marry"
柏,10,"cypress"
止,10,"stop"
滨,10,"beach"
禾,10,"grain still on stalk"
舵,10,"rudder"
艳,10,"beautiful"
莲,10,"lotus"
醒,10,"awake"
钉,10,"nail"
兩,10,"two"
冶,10,"smelt"
勝,10,"be able to bear"
勞,10,"toil"
協,10,"cooperate"
哑,10,"dumb"
坡,10,"slope"
婆,10,"old woman"
媚,10,"charming"
審,10,"examine"
廣,10,"wide"
從,10,"follow"
戎,10,"arms"
戳,10,"poke"
拦,10,"obstruct"
挡,10,"obstruct"
換,10,"exchange"
昭,10,"bright"
某,10,"certain thing or person"
柯,10,"axe-handle"
橫,10,"middle rail of a wooden door"
權,10,"power"
泳,10,"dive"
淋,10,"drip"
漆,10,"varnish"
澳,10,"inlet"
皂,10,"soap"
眷,10,"take interest in"
砍,10,"hack"
硫,10,"sulfur"
碗,10,"bowl"
碾,10,"roller"
禮,10,"ritual"
秒,10,"beard of grain or corn"
窝,10,"cave"
筋,10,"muscles"
約,10,"bundle up"
纱,10,"gauze"
統,10,"interconnected and continuous relationship"
绥,10,"soothe"
罩,10,"hood"
腕,10,"wrist"
臀,10,"buttocks"
臣,10,"official"
舊,10,"old"
處,10,"reside"
蛮,10,"barbarians"
蜀,10,"one of the Three Kingdoms"
蟲,10,"bug"
蠢,10,"wriggle"
褒,10,"praise"
褪,10,"strip"
觸,10,"touch"
译,10,"translate"
話,10,"words"
誓,10,"swear"
谱,10,"register"
趕,10,"overtake"
蹲,10,"squat"
鄉,10,"township"
閉,10,"shut"
闷,10,"gloomy"
阑,10,"door screen"
隽,10,"superior"
雏,10,"chick"
頂,10,"top of the head"
鹤,10,"Grus species"
鹹,10,"salty"
龜,10,"turtle"
什,9,"file of ten soldiers"
怎,9,"what? why? how?"
昨,9,"yesterday"
杯,9,"cup"
已,9,"already"
希,9,"rare"
始,9,"begin"
程,9,"journey"
箱,9,"box"
纪,9,"record"
葡,9,"grapes"
衬,9,"underwear"
召,9,"imperial decree"
奋,9,"strive"
描,9,"copy"
暑,9,"hot"
替,9,"change"
综,9,"arrange threads for weaving"
聊,9,"somewhat"
众,9,"multitude"
园,9,"park"
墙,9,"wall"
宠,9,"favorite"
忙,9,"busy"
愤,9,"resent"
扇,9,"fan"
欣,9,"happy"
猜,9,"guess"
绳,9,"rope"
缘,9,"hem"
聘,9,"engage"
赔,9,"indemnify"
骗,9,"swindle"
侦,9,"spy"
勘,9,"investigate"
匪,9,"bandits"
叮,9,"ding"
孕,9,"be pregnant"
屁,9,"break wind"
庞,9,"disorderly"
援,9,"aid"
搏,9,"seize"
涌,9,"surge up"
淹,9,"drown"
畏,9,"fear"
畜,9,"livestock"
皱,9,"wrinkles"
瞬,9,"wink"
笼,9,"cage-like basket"
给,9,"give"
缴,9,"deliver"
肿,9,"swell"
膝,9,"knee"
舰,9,"warship"
蕴,9,"collect"
薯,9,"yam"
贩,9,"peddler"
贯,9,"a string of 1000 coins"
铸,9,"melt"
颁,9,"confer"
颠,9,"top"
佐,9,"assist"
吓,9,"scare"
察,9,"examine"
撰,9,"compose"
柿,9,"persimmon"
橙,9,"orange tree"
殷,9,"many"
矫,9,"correct"
耍,9,"frolic"
胚,9,"embryo"
荆,9,"thorns"
荷,9,"lotus"
遂,9,"comply with"
闺,9,"small entrance"
傾,9,"lean"
兀,9,"cut off the feet"
刨,9,"carpenter's plane"
勃,9,"suddenly"
卢,9,"cottage"
叱,9,"scold"
吟,9,"sing"
咕,9,"mumble"
哄,9,"beguile"
唔,9,"hold in mouth"
噶,9,"phonetic ga"
囊,9,"bag"
块,9,"piece"
埃,9,"fine dust"
壓,9,"press"
央,9,"center"
奈,9,"but"
婉,9,"amiable"
宅,9,"residence"
宮,9,"house"
崖,9,"cliff"
嵌,9,"inlay"
庇,9,"cover"
庚,9,"7th heavenly stem"
弧,9,"arc"
径,9,"narrow path"
戲,9,"play"
戴,9,"wear on top"
拂,9,"shake off"
採,9,"pick"
撑,9,"prop up"
敗,9,"lose"
斋,9,"vegetarian diet"
暮,9,"evening"
曹,9,"ministry officials"
枉,9,"useless"
枣,9,"date tree"
梗,9,"stem of flower"
梨,9,"pear"
棚,9,"tent"
榆,9,"elm tree"
槍,9,"spear"
樓,9,"building"
歐,9,"short for 歐羅巴／欧罗巴 : Europe"
氨,9,"hydrogen nitride"
淤,9,"mud"
湯,9,"hot or boiling water"
炭,9,"charcoal"
烛,9,"candle"
營,9,"encampment"
爭,9,"dispute"
犁,9,"plow"
獨,9,"alone"
環,9,"circle"
畫,9,"write"
癸,9,"10th heavenly stem"
監,9,"supervise"
眩,9,"confuse"
磷,9,"phosphorus"
禽,9,"birds"
積,9,"store up crops"
穹,9,"high and vast"
納,9,"admit"
組,9,"weave"
線,9,"thread"
縫,9,"sew"
胞,9,"womb"
腌,9,"salt"
腎,9,"kidney"
腾,9,"fly"
臂,9,"arm"
芽,9,"bud"
蘆,9,"reed"
彪,9,"tiger"
虹,9,"rainbow"
蝶,9,"butterfly"
蠲,9,"millipede"
蠹,9,"moth"
袋,9,"pocket"
袒,9,"strip"
訓,9,"teach"
誘,9,"lead"
謝,9,"excuse oneself"
負,9,"carry"
貪,9,"be greedy"
赖,9,"bad"
赴,9,"go to"
跤,9,"stumble"
蹑,9,"tread"
蹦,9,"hop"
躺,9,"lie"
轧,9,"crush by weight"
輔,9,"protective wooden bars that helped prevent a carriage"
違,9,"disobey"
鉛,9,"lead"
銃,9,"blunderbuss"
鍋,9,"cooking pot"
隱,9,"hide"
雁,9,"wild goose"
霉,9,"mildew"
页,9,"page"
頻,9,"frequent"
額,9,"forehead"
顯,9,"prominent"
餘,9,"remain"
驮,9,"carry on back"
鮮,9,"seafood"
鹰,9,"eagle"
你,8,"you"
弟,8,"young brother"
于,8,"in"
垃,8,"garbage"
邀,8,"invite"
删,8,"cut"
剩,8,"leftovers"
宴,8,"entertain"
慰,8,"comfort"
拥,8,"embrace"
摄,8,"take in"
朴,8,"simple"
梳,8,"comb"
橘,8,"orange"
码,8,"number"
糟,8,"sediment"
罐,8,"jar"
诊,8,"examine patient"
谨,8,"prudent"
亭,8,"pavilion"
僵,8,"stiff and motionless"
坟,8,"grave"
奴,8,"slave"
履,8,"footwear"
悔,8,"repent"
搅,8,"disturb"
杰,8,"hero"
榜,8,"placard"
濒,8,"approach"
盈,8,"fill"
萌,8,"bud"
衡,8,"measure"
钓,8,"fish"
丛,8,"bush"
儒,8,"Confucian scholar"
刁,8,"tricky"
咽,8,"throat"
囚,8,"prisoner"
幕,8,"curtain"
庙,8,"temple"
槐,8,"locust tree"
殿,8,"palace"
洁,8,"clean"
灼,8,"broil"
牡,8,"male of animals"
畸,8,"odd"
祸,8,"misfortune"
穴,8,"cave"
纽,8,"knot"
芬,8,"fragrance"
苛,8,"small"
蚊,8,"mosquito"
酣,8,"enjoy intoxicants"
靶,8,"target"
伞,8,"umbrella"
俭,8,"temperate"
倚,8,"rely on"
凿,8,"chisel"
厮,8,"servant"
吧,8,"emphatic final particle"
咒,8,"curse"
問,8,"ask"
噴,8,"spurt"
嚴,8,"strict"
圍,8,"surround"
圓,8,"round"
壬,8,"ninth heavenly stem"
夢,8,"dream"
夾,8,"squeeze between"
奧,8,"southwest corner of a room"
姦,8,"evil"
媽,8,"mother"
嫡,8,"legal wife"
嫩,8,"soft"
孽,8,"evil"
將,8,"will"
巢,8,"nest"
幹,8,"main part of something"
廚,8,"kitchen"
徛,8,"cross over"
憂,8,"sad"
拌,8,"toss"
挪,8,"move"
揉,8,"knead"
揚,8,"lift"
撈,8,"dredge up"
撩,8,"lift up"
撫,8,"stroke"
撬,8,"lift"
敵,8,"enemy"
斥,8,"scold"
晏,8,"peaceful"
晒,8,"dry in sun"
杏,8,"almond"
栗,8,"shiver"
桐,8,"name applied various trees"
梭,8,"weaver's shuttle"
槽,8,"groove"
樣,8,"appearance"
沈,8,"sink"
沦,8,"be lost"
泼,8,"pour"
浣,8,"wash"
涡,8,"swirl"
溺,8,"drown"
潭,8,"deep pool"
炊,8,"cook"
爾,8,"you"
獸,8,"beast"
矽,8,"silicon"
確,8,"real"
磚,8,"brick"
祛,8,"expel"
稱,8,"weigh"
箍,8,"bind"
糞,8,"excrement"
紐,8,"button"
繳,8,"gambling"
腋,8,"axil"
膏,8,"grease"
芥,8,"mustard plant"
苯,8,"luxuriant"
莎,8,"kind of sedge grass"
蕨,8,"Pteris aquilina"
蜗,8,"a snail"
蝉,8,"continuous"
蟻,8,"ant"
衝,8,"go straight ahead"
衫,8,"shirt"
裝,8,"baggage"
褶,8,"pleat"
襟,8,"lapel"
觀,8,"observe"
該,8,"contain"
詳,8,"detailed"
诛,8,"execute"
論,8,"discuss"
贞,8,"virtuous"
贼,8,"thief"
踩,8,"stamp"
辍,8,"stop"
迪,8,"enlighten"
達,8,"lead to"
酪,8,"cream"
醜,8,"ugly"
鋼,8,"steel"
閃,8,"dodge"
陋,8,"narrow"
陵,8,"hill"
霧,8,"fog"
靖,8,"pacify"
鬧,8,"be noisy"
齋,8,"show one's piety before offering sacrifices and other"
但,7,"only"
咱,7,"we"
然,7,"yes"
否,7,"not"
吵,7,"argue"
握,7,"grip"
艺,7,"art"
仔,7,"small thing"
伙,7,"companion"
允,7,"grant"
堵,7,"wall"
率,7,"rate"
盒,7,"small box or case"
郊,7,"suburbs"
项,7,"neck"
饼,7,"rice-cakes"
骄,7,"spirited horse"
叙,7,"express"
姿,7,"one's manner"
彼,7,"that"
擅,7,"monopolize"
敢,7,"dare"
橡,7,"chestnut oak"
沟,7,"ditch"
翅,7,"wings"
舅,7,"mother's brother"
赠,7,"give present"
鸭,7,"Anas species"
伶,7,"lonely"
债,7,"debt"
务,7,"affairs"
叹,7,"sigh"
唾,7,"spit"
嗅,7,"sniff"
庸,7,"usual"
患,7,"suffer"
掀,7,"lift"
歧,7,"fork of road"
沸,7,"boil"
滞,7,"block up"
狠,7,"vicious"
砖,7,"tile"
稿,7,"draft"
耀,7,"shine"
脆,7,"crisp"
茄,7,"eggplant"
辉,7,"brightness"
遥,7,"far away"
兆,7,"trillion"
喧,7,"lively"
搁,7,"place"
斧,7,"axe"
旺,7,"prosper"
晃,7,"bright"
漠,7,"desert"
爪,7,"fingernail"
祈,7,"pray"
缅,7,"distant"
膨,7,"swell"
芝,7,"sesame"
芭,7,"plantain or banana palm"
荡,7,"pond"
董,7,"direct"
葬,7,"bury"
衍,7,"overflow"
诺,7,"promise"
伽,7,"transcription of Sanskrit 'gha' in Buddhist texts"
佈,7,"spread"
佣,7,"commission fee"
倉,7,"granary"
個,7,"single"
倍,7,"times"
倭,7,"dwarf"
偽,7,"false"
僑,7,"reside abroad"
冇,7,"have not"
剖,7,"split in two"
剛,7,"firm"
劍,7,"sword"
勿,7,"must not"
呫,7,"whisper"
嗣,7,"connect"
嚼,7,"prattle"
圖,7,"diagram"
坎,7,"pit"
塌,7,"fall in ruins"
壽,7,"old age"
夯,7,"heavy load"
姆,7,"child's governess"
姜,7,"ginger"
孑,7,"remaining"
室,7,"room"
宰,7,"slaughter"
寬,7,"wide"
屌,7,"obscene exclamation"
屎,7,"excrement"
岔,7,"diverge"
峇,7,"cave"
崔,7,"high"
張,7,"string a bow"
彝,7,"Yi"
愧,7,"ashamed"
慣,7,"be accustomed to"
扼,7,"grasp"
挠,7,"disturb"
捏,7,"pick with fingers"
揪,7,"grasp with hand"
損,7,"reduce"
映,7,"project"
曼,7,"long"
朔,7,"first day of lunar month"
杞,7,"willow"
栅,7,"fence"
條,7,"strip"
楚,7,"name of feudal state"
榫,7,"mortise and tenon"
構,7,"form"
橐,7,"a sack"
氮,7,"nitrogen"
沒,7,"not have"
浆,7,"any thick fluid"
浦,7,"bank of river"
渾,7,"sound of spouting water"
溟,7,"drizzling rain"
滇,7,"Lake Dian"
潘,7,"water in which rice has been rinsed"
炳,7,"bright"
烫,7,"scald"
焊,7,"weld"
瘀,7,"a hematoma"
瞳,7,"pupil of eye"
砌,7,"build"
砸,7,"smash"
硝,7,"saltpeter"
磅,7,"pound"
禪,7,"dhyana"
秤,7,"balance"
稅,7,"tax"
稚,7,"young"
窜,7,"run away"
窥,7,"peep"
篆,7,"seal script"
給,7,"give"
綿,7,"silk floss"
緊,7,"tense"
緩,7,"loose"
缉,7,"sew in close stitches"
縣,7,"A type of administrative division:"
縮,7,"shrink"
罰,7,"punish"
習,7,"flap"
肘,7,"elbow"
腔,7,"chest cavity"
腿,7,"leg"
膽,7,"gallbladder"
荐,7,"repeat"
莊,7,"grassy"
蓼,7,"smartweed"
蔚,7,"luxuriant"
薰,7,"a medicinal herb"
藩,7,"fence"
蜷,7,"creep like a worm"
蝗,7,"kind of locust"
蠕,7,"squirm"
詞,7,"word"
诡,7,"deceive"
謀,7,"stratagem"
識,7,"know"
豐,7,"luxuriant"
豹,7,"leopard"
贱,7,"mean"
賬,7,"account"
贖,7,"redeem"
輸,7,"transport"
辰,7,"early morning"
迳,7,"pass by"
遷,7,"ascend"
郎,7,"gentleman"
郡,7,"administrative division"
醋,7,"vinegar"
鋸,7,"saw"
锥,7,"gimlet"
鍵,7,"door bolt"
闯,7,"rush in"
間,7,"within a definite time period or place"
闸,7,"sluice"
閩,7,"Min people"
闽,7,"Fujian province"
阉,7,"castrate"
陳,7,"exhibit"
雍,7,"harmony"
霞,7,"rosy clouds"
靛,7,"any blue dye"
鞍,7,"saddle"
響,7,"make a sound"
飲,7,"drink"
飼,7,"feed"
魁,7,"chief"
鯨,7,"whale"
哥,6,"elder brother"
丈,6,"unit of length equal 3.3 meters"
妻,6,"wife"
懂,6,"understand"
员,6,"member"
状,6,"form"
兄,6,"elder brother"
厘,6,"manage"
彻,6,"penetrate"
括,6,"include"
材,6,"material"
疗,6,"be healed"
购,6,"buy"
迅,6,"quick"
阶,6,"stairs"
倡,6,"guide"
傍,6,"by side of"
售,6,"sell"
妇,6,"married women"
寂,6,"still"
慌,6,"nervous"
渴,6,"thirsty"
熬,6,"cook down"
疯,6,"crazy"
耽,6,"indulge in"
艰,6,"difficult"
谜,6,"riddle"
鸽,6,"pigeon"
喇,6,"horn"
嘲,6,"ridicule"
境,6,"boundary"
夕,6,"evening"
奠,6,"pay respect"
崭,6,"high"
巩,6,"bind"
栏,6,"railing"
栽,6,"cultivate"
氧,6,"oxygen"
渺,6,"endlessly long"
症,6,"obstruction of bowels"
纺,6,"spin"
肖,6,"look like"
脂,6,"fat"
荧,6,"shine"
虐,6,"cruel"
赚,6,"make money"
趣,6,"what attracts one's attention"
轨,6,"track"
阐,6,"explain"
陷,6,"submerge"
颤,6,"shiver"
乃,6,"then"
俊,6,"talented"
匹,6,"bolt of cloth"
吻,6,"kiss"
堪,6,"adequately capable of"
帆,6,"sail"
愈,6,"more and more"
戈,6,"halberd"
敦,6,"esteem"
棱,6,"squared timber"
楷,6,"model style of Chinese writing"
歉,6,"deficient"
瑰,6,"extraordinary"
绷,6,"a cloth to carry an infant on the back"
绽,6,"ripped seam"
讹,6,"swindle"
趁,6,"take advantage of"
钳,6,"pincers"
铭,6,"inscribe"
铲,6,"spade"
阎,6,"village gate"
陨,6,"fall"
骤,6,"procedure"
且,6,"moreover"
並,6,"be side by side"
亢,6,"high"
侨,6,"sojourn"
俸,6,"wages"
側,6,"side"
僭,6,"assume"
僱,6,"employ"
價,6,"price"
剿,6,"destroy"
勸,6,"encourage"
匀,6,"equal"
叠,6,"pile"
吡,6,"blame"
吾,6,"i"
咪,6,"sound of cat"
哨,6,"whistle"
壯,6,"strong"
奎,6,"stride of man"
奮,6,"spread and flutter the wings"
妓,6,"prostitute"
姪,6,"brother's child"
寸,6,"inch"
州,6,"state"
帕,6,"turban"
庶,6,"numerous"
廟,6,"temple"
弦,6,"chord"
怕,6,"fear"
怯,6,"lacking in courage"
恨,6,"hate"
愁,6,"anxiety"
憨,6,"foolish"
戀,6,"love romantically"
戇,6,"stupid and honest"
拗,6,"pull"
拚,6,"risk"
择,6,"select"
拷,6,"torture and interrogate"
捲,6,"roll"
捶,6,"strike with stick"
搀,6,"give helping hand"
搖,6,"wag"
撐,6,"prop up"
撲,6,"beat"
擔,6,"carry on a shoulder pole"
擴,6,"expand"
攝,6,"take in"
啟,6,"open"
敖,6,"ramble"
敛,6,"draw back"
晦,6,"dark"
暝,6,"dark"
杳,6,"obscure"
枫,6,"maple tree"
柄,6,"authority"
柑,6,"tangerine"
栖,6,"perch"
株,6,"numerary adjunct for trees"
桅,6,"mast of ship"
桦,6,"type of birch"
槟,6,"betel-nut"
樟,6,"camphor tree"
檐,6,"eaves of house"
氢,6,"ammonia"
汝,6,"you"
泸,6,"river in Jiangxi province"
涅,6,"blacken"
涧,6,"brook"
淳,6,"honest"
渭,6,"name of a river in Shanxi"
滅,6,"obliterate"
漚,6,"soak for a prolonged period of time"
漿,6,"an ancient sour drink"
濃,6,"thick"
災,6,"calamity"
烙,6,"brand"
焙,6,"dry over slow fire"
爐,6,"fireplace"
犀,6,"rhinoceros"
猶,6,"a kind of monkey"
獎,6,"reward someone with something as encouragement"
獻,6,"offer"
琐,6,"trifling"
瓣,6,"petal"
疊,6,"fold"
疣,6,"tumor"
疮,6,"tumor"
痘,6,"smallpox"
瘸,6,"lameness"
碟,6,"small dish"
祁,6,"pray"
禿,6,"having little or no hair"
穆,6,"majestic"
競,6,"contend"
筒,6,"thick piece of bamboo"
粟,6,"unhusked millet"
粤,6,"Guangdong and Guangxi provinces"
粵,6,"Yue people"
糜,6,"rice gruel"
紀,6,"rule"
絲,6,"silk"
織,6,"weave"
繩,6,"rope"
纏,6,"wind"
纖,6,"finely-woven silk"
耶,6,"interrogative particle"
肋,6,"ribs"
肛,6,"anus"
肾,6,"kidney"
腮,6,"lower part of face"
腸,6,"intestine"
腻,6,"greasy"
膜,6,"film"
臆,6,"chest"
舀,6,"dip"
與,6,"and"
舉,6,"raise"
艦,6,"warship"
苟,6,"careless"
茈,6,"comfrey"
荔,6,"lichee"
荤,6,"meat diet"
萤,6,"glow-worm"
蓄,6,"store"
蔗,6,"sugar cane"
藍,6,"blue"
藐,6,"disregard"
虱,6,"louse"
蛙,6,"frog"
蛛,6,"spider"
蠟,6,"wax"
蠶,6,"silkworm"
袁,6,"robe"
裕,6,"abundant"
製,6,"make"
襄,6,"aid"
註,6,"annotate"
诏,6,"decree"
诤,6,"expostulate"
该,6,"should"
諸,6,"many"
谬,6,"error"
豚,6,"small pig"
貞,6,"virtuous"
賓,6,"visitor"
賦,6,"bestow upon"
赎,6,"buy"
趴,6,"lying prone"
蹄,6,"hoof"
辟,6,"law"
迴,6,"revolve"
週,6,"turn"
遣,6,"send"
邓,6,"a county in Henan"
邦,6,"nation"
邹,6,"a Zhou-dynasty state in modern Shandong"
酥,6,"butter"
锈,6,"rust"
錦,6,"brocade"
鎖,6,"lock"
鏡,6,"mirror"
閒,6,"not busy"
闖,6,"peek"
阜,6,"mound"
階,6,"stair"
靓,6,"make up face"
靜,6,"silent"
鞣,6,"tan"
韓,6,"fence surrounding a well"
頑,6,"play"
頸,6,"neck"
饵,6,"bait"
馆,6,"public building"
駐,6,"be stationed"
驶,6,"sail"
鲽,6,"flatfish"
鳳,6,"male fenghuang"
鴻,6,"swan"
麝,6,"musk deer"
鼬,6,"weasel"
妹,5,"younger sister"
孩,5,"baby"
也,5,"also"
努,5,"exert"
咖,5,"coffee"
态,5,"manner"
晴,5,"clear weather"
篮,5,"basket"
练,5,"practice"
似,5,"resemble"
咳,5,"cough"
狮,5,"lion"
胖,5,"fat"
袜,5,"socks"
距,5,"bird's spur"
阅,5,"examine"
竟,5,"finally"
与,5,"and"
匆,5,"hastily"
姥,5,"maternal grandmother"
幅,5,"piece"
敏,5,"fast"
狡,5,"cunning"
盼,5,"look"
酱,5,"any jam-like or paste-like food"
铃,5,"bell"
键,5,"door bolt"
侮,5,"insult"
偿,5,"repay"
刹,5,"temple"
勉,5,"endeavor"
却,5,"still"
喘,5,"pant"
堤,5,"dike"
宪,5,"constitution"
寓,5,"residence"
岗,5,"post"
岛,5,"island"
峰,5,"peak"
循,5,"obey"
怠,5,"idle"
惩,5,"punish"
慎,5,"act with care"
挫,5,"push down"
斯,5,"this"
昔,5,"formerly"
档,5,"shelf"
渠,5,"canal"
烹,5,"boil"
牲,5,"sacrificial animal"
猖,5,"mad"
瞻,5,"look"
稠,5,"dense"
级,5,"level"
聋,5,"deaf"
蔓,5,"creeping plants"
诬,5,"make false accusation"
赋,5,"tax"
辐,5,"spokes of wheel"
遏,5,"stop"
郑,5,"state in today's Henan"
障,5,"separate"
飙,5,"whirlwind"
饲,5,"raise animals"
份,5,"portion"
伦,5,"normal human relationships"
募,5,"levy"
厄,5,"adversity"
哗,5,"rushing sound"
唤,5,"call"
喂,5,"interjection to call attention"
够,5,"enough"
嬉,5,"enjoy"
抒,5,"express"
揣,5,"put things under clothes"
棘,5,"jujube tree"
棺,5,"coffin"
段,5,"section"
沧,5,"blue"
爵,5,"feudal title or rank"
祥,5,"good luck"
秉,5,"grasp"
窘,5,"embarrassed"
纬,5,"woof"
缆,5,"hawser"
耻,5,"shame"
萎,5,"wither"
谎,5,"lie"
豁,5,"open up"
贮,5,"store"
逊,5,"humble"
醇,5,"rich"
靴,5,"boots"
驰,5,"go quickly or swiftly"
鳄,5,"alligator"
丸,5,"small round object"
乏,5,"lack"
乜,5,"squint"
亦,5,"also"
亨,5,"smoothly"
亵,5,"slight"
仗,5,"rely upon"
佯,5,"pretend"
倩,5,"beautiful"
偵,5,"spy"
册,5,"book"
冕,5,"crown"
凊,5,"cool"
凋,5,"be withered"
