head,marks,gloss
子,767,"offspring"
人,383,"person"
水,290,"water"
头,252,"head"
心,226,"heart"
山,205,"mountain"
頭,204,"head"
道,193,"path"
手,191,"hand"
城,188,"castle"
力,184,"power"
地,184,"earth"
面,182,"face"
气,180,"gas"
事,177,"matter"
出,173,"out"
生,172,"life"
口,172,"mouth"
行,172,"column"
然,172,"yes"
化,171,"change"
色,158,"color"
仔,157,"small thing"
县,148,"county"
文,146,"literature"
音,145,"sound"
下,144,"down"
身,144,"body"
花,142,"flower"
家,140,"home"
用,139,"with"
法,138,"law"
度,138,"degree"
语,137,"language"
日,133,"day"
意,133,"thought"
工,133,"labor"
线,133,"line"
门,132,"door"
的,131,"possessive"
路,131,"road"
定,130,"decide"
位,130,"throne"
州,130,"state"
点,129,"dot"
车,128,"cart"
石,128,"stone"
科,127,"section"
名,126,"name"
体,126,"body"
菜,126,"vegetables"
角,126,"horn"
动,124,"move"
情,122,"feeling"
性,122,"sex"
年,121,"year"
安,117,"peaceful"
火,117,"fire"
光,116,"light"
草,116,"grass"
属,115,"class"
球,114,"ball"
死,114,"die"
阳,113,"'male' principle"
数,112,"count"
流,112,"flow"
眼,112,"eyelet"
上,111,"up"
鱼,111,"fish"
物,110,"thing"
合,110,"combine"
皮,110,"skin"
方,109,"a square"
言,109,"words"
管,109,"pipe"
骨,107,"skeleton"
场,106,"open space"
号,106,"mark"
分,106,"divide"
制,106,"system"
儿,105,"son"
本,105,"root"
长,105,"long"
量,104,"amount"
客,104,"guest"
明,104,"bright"
房,103,"house"
中,103,"central"
金,103,"gold"
食,103,"eat"
片,102,"piece"
海,102,"sea"
理,102,"reason"
目,101,"eye"
板,101,"plank"
发,99,"issue"
入,99,"enter"
利,99,"sharp"
风,99,"wind"
机,98,"desk"
国,97,"nation"
天,97,"sky"
马,97,"horse"
語,96,"speak"
时,95,"time"
油,95,"oil"
成,95,"completed"
女,95,"female"
台,95,"platform"
江,94,"river"
氣,93,"gas"
书,92,"book"
命,92,"life"
起,90,"rise"
教,90,"teach"
会,89,"would"
期,89,"period of time"
木,88,"tree"
士,87,"scholar"
果,87,"fruit"
价,87,"price"
料,87,"consider"
豆,87,"beans"
德,87,"virtue"
衣,86,"clothes"
格,86,"pattern"
世,86,"generation"
带,86,"bring"
学,85,"learning"
月,85,"month"
开,84,"on"
声,84,"sound"
酒,84,"wine"
空,84,"empty"
大,83,"big"
病,83,"illness"
平,83,"flat"
民,83,"people"
重,83,"heavy"
白,82,"white"
星,82,"star"
船,82,"boat"
落,82,"fall"
土,82,"soil"
河,82,"river"
作,81,"work"
得,81,"obtain"
信,81,"letter"
和,81,"and"
形,81,"form"
魚,81,"fish"
服,80,"clothes"
住,80,"reside"
取,80,"take"
神,80,"god"
字,79,"word"
票,79,"ticket"
钱,79,"money"
族,78,"a family clan"
毛,78,"hair"
田,78,"field"
部,77,"tribe"
布,77,"cloth"
母,77,"female elders"
牌,77,"signboard"
好,76,"nice"
报,76,"report"
相,76,"mutual"
架,75,"rack"
解,75,"loosen"
品,75,"article"
林,75,"forest"
味,75,"taste"
包,74,"pack"
词,74,"word"
酸,74,"acid"
體,74,"body"
见,73,"see"
话,73,"speech"
南,73,"south"
主,73,"master"
边,72,"side"
者,72,"that which"
条,72,"strip"
案,72,"table"
兵,72,"soldier"
源,72,"source"
車,72,"land vehicle"
刀,71,"knife"
集,71,"assemble"
嘴,71,"mouth"
曲,70,"crooked"
根,70,"root"
風,70,"wind"
西,69,"west"
有,69,"have"
望,69,"look at"
步,69,"step"
足,69,"foot"
虫,69,"bug"
門,69,"gate"
外,68,"outside"
实,68,"real"
种,68,"seed"
粉,68,"powder"
能,67,"be able"
立,67,"stand"
居,67,"live"
盘,67,"tray"
尾,67,"tail"
友,66,"friend"
通,66,"pass through"
业,66,"profession"
肉,66,"meat"
运,66,"luck"
美,66,"beauty"
官,66,"official"
视,65,"look at"
进,65,"advance"
称,65,"call"
产,65,"give birth"
掉,65,"fall"
到,64,"go to"
程,64,"journey"
战,64,"war"
夫,63,"man"
着,63,"make move"
于,63,"in"
调,63,"transfer"
器,63,"receptacle"
底,62,"bottom"
装,62,"dress"
式,62,"style"
公,62,"fair"
龙,62,"dragon"
来,61,"come"
夜,61,"night"
代,61,"generation"
义,61,"right conduct"
货,61,"goods"
干,61,"dry"
牛,61,"cow"
血,61,"blood"
香,61,"fragrant"
動,61,"move"
長,61,"long"
去,60,"go"
里,60,"inside"
处,60,"place"
堂,60,"hall"
具,60,"tool"
笑,60,"laugh"
除,60,"eliminate"
鼠,60,"rat"
室,59,"room"
节,59,"knot"
界,59,"boundary"
任,59,"trust to"
类,59,"class"
东,59,"east"
树,59,"tree"
局,59,"bureau"
兒,59,"child"
次,58,"order"
过,58,"pass"
像,58,"a picture"
经,58,"classic works"
向,58,"toward"
区,58,"zone"
毒,58,"poison"
军,58,"army"
款,58,"item"
宁,58,"calm"
级,57,"level"
伤,57,"wound"
交,57,"hand"
座,57,"throne"
令,57,"command"
打,57,"beat"
职,57,"duty"
罪,57,"crime"
清,57,"clear"
川,57,"river"
影,56,"shadow"
克,56,"gram"
证,56,"proof"
约,56,"treaty"
章,56,"chapter"
质,56,"matter"
射,56,"shoot"
击,56,"strike"
权,56,"power"
線,56,"thread"
歌,55,"song"
说,55,"say"
首,55,"head"
乐,54,"happy"
想,54,"want"
正,54,"upright"
势,54,"power"
电,54,"electric"
牙,54,"tooth"
巴,54,"greatly desire"
斗,54,"a dipper"
回,54,"return"
药,54,"medicine"
素,54,"white"
甲,54,"armor"
卡,54,"card"
波,54,"wave"
糖,54,"sugar"
號,54,"name"
后,53,"backward"
件,53,"numerary adjunct for article"
容,53,"looks"
保,53,"protect"
米,53,"rice"
痛,53,"pain"
走,53,"go"
脚,53,"feet"
基,53,"foundation"
轮,53,"revolve"
院,52,"courtyard"
达,52,"arrive at"
结,52,"tie"
感,52,"feel"
念,52,"think of"
型,52,"pattern"
書,52,"book"
場,52,"open space"
息,51,"rest"
变,51,"change"
害,51,"injure"
态,51,"manner"
都,51,"all"
叶,51,"leaf"
杀,51,"kill"
數,51,"count"
床,50,"bed"
算,50,"count"
值,50,"price"
放,50,"put"
密,50,"dense"
选,50,"choose"
鸟,50,"bird"
要,49,"necessary"
图,49,"chart"
象,49,"elephant"
速,49,"quick"
特,49,"special"
端,49,"end"
政,49,"government"
层,49,"layer"
间,48,"interval"
等,48,"rank"
办,48,"manage"
送,48,"dispatch"
当,48,"while"
标,48,"mark"
差,48,"differ"
婆,48,"old woman"
红,48,"red"
馬,48,"horse"
班,47,"class"
是,47,"be"
蛋,47,"egg"
直,47,"straight"
爱,47,"love"
表,47,"sheet"
活,47,"live"
瓜,47,"melon"
知,47,"know"
元,47,"first"
笔,47,"pen"
销,47,"melt"
景,47,"scenery"
治,47,"govern"
读,47,"read"
迹,47,"search"
刑,47,"punishment"
兰,47,"orchid"
港,47,"port"
塔,47,"tower"
雨,46,"rain"
茶,46,"tea"
断,46,"sever"
难,46,"difficult"
状,46,"form"
婚,46,"marriage"
热,46,"hot"
時,46,"season"
青,46,"blue"
學,46,"comprehend"
朝,46,"at"
機,46,"weaving machine"
圈,46,"circle"
师,45,"teacher"
市,45,"market"
单,45,"single"
印,45,"print"
关,45,"off"
套,45,"set"
索,45,"rope"
径,45,"narrow path"
業,45,"profession"
同,44,"alley"
游,44,"swim"
求,44,"seek"
切,44,"cut"
系,44,"tie"
指,44,"finger"
志,44,"purpose"
亲,44,"relatives"
例,44,"example"
养,44,"raise"
礼,44,"social custom"
耳,44,"ear"
國,44,"country"
膜,44,"film"
拉,44,"pull"
囝,44,"baby"
样,43,"shape"
问,43,"ask"
查,43,"investigate"
传,43,"summon"
灯,43,"lamp"
托,43,"hold up with palm"
原,43,"source"
鬼,43,"ghost"
鸡,43,"chicken"
孔,43,"opening"
店,42,"shop"
记,42,"record"
满,42,"full"
前,42,"forward"
别,42,"not"
接,42,"catch"
员,42,"member"
费,42,"expenses"
资,42,"property"
华,42,"flowery"
刺,42,"prick"
压,42,"oppress"
王,42,"king"
乱,42,"confusion"
露,42,"dew"
丝,42,"fine thread"
麻,42,"hemp"
饭,41,"cooked rice"
为,41,"do"
才,41,"talent"
高,41,"high"
便,41,"convenience"
述,41,"narrate"
卷,41,"volume"
转,41,"turn"
核,41,"seed"
饰,41,"decorate"
谷,41,"corn"
溪,41,"river"
派,41,"school of thought"
井,41,"well"
校,40,"school"
兴,40,"thrive"
告,40,"with"
照,40,"shine"
务,40,"affairs"
论,40,"debate"
剧,40,"theatrical plays"
乡,40,"country"
境,40,"boundary"
守,40,"defend"
籍,40,"record"
率,40,"rate"
幕,40,"curtain"
藏,40,"hide"
商,40,"business"
环,40,"ring"
杆,40,"pole"
脸,40,"face"
話,40,"words"
蟲,40,"bug"
网,39,"net"
写,39,"write"
纸,39,"paper"
一,39,"one"
了,39,"finish"
展,39,"open"
演,39,"perform"
屋,39,"house"
导,39,"direct"
材,39,"material"
比,39,"ratio"
席,39,"seat"
散,39,"scatter"
考,39,"examine"
春,39,"spring"
略,39,"approximately"
古,39,"old"
液,39,"liquid"
囊,39,"bag"
盤,39,"tray"
勢,39,"power"
题,38,"forehead"
近,38,"near"
队,38,"team"
远,38,"far"
造,38,"construct"
画,38,"painting"
示,38,"show"
计,38,"plan"
户,38,"family"
修,38,"study"
版,38,"printing blocks"
弹,38,"pellet"
菌,38,"mushroom"
仁,38,"humaneness"
湖,38,"lake"
鳥,38,"bird"
亮,37,"bright"
北,37,"north"
箱,37,"box"
付,37,"give"
彩,37,"hue"
使,37,"make"
尔,37,"you"
袋,37,"pocket"
列,37,"column"
账,37,"accounts"
潮,37,"wet"
老,37,"old"
倒,37,"pour"
野,37,"open country"
乳,37,"breast"
塞,37,"stop up"
航,37,"sail"
背,37,"back"
岛,37,"island"
汉,37,"Chinese people"
沙,37,"sand"
會,37,"union"
劇,37,"theatrical work"
錢,37,"money"
多,36,"many"
存,36,"exist"
配,36,"match"
娘,36,"young girl"
破,36,"break"
谈,36,"talk"
库,36,"armory"
洞,36,"hole"
珠,36,"precious stone"
犯,36,"commit crime"
臣,36,"official"
弄,36,"do"
桥,36,"bridge"
丁,36,"male adult"
武,36,"military"
紙,36,"paper"
鼓,36,"drum"
加,35,"add"
典,35,"law"
新,35,"new"
术,35,"art"
营,35,"encampment"
楼,35,"building of two or more stories"
载,35,"load"
针,35,"needle"
限,35,"boundary"
征,35,"invade"
壁,35,"partition wall"
陵,35,"hill"
裂,35,"split"
退,35,"step back"
洗,35,"wash"
块,35,"piece"
竹,35,"flute"
約,35,"bundle up"
狗,35,"dog"
小,34,"small"
末,34,"final"
铁,34,"iron"
议,34,"consult"
史,34,"history"
排,34,"row"
领,34,"neck"
福,34,"good fortune"
失,34,"lose"
录,34,"copy"
置,34,"place"
巾,34,"kerchief"
弱,34,"weak"
父,34,"father"
柱,34,"pillar"
句,34,"phrase"
點,34,"count"
藥,34,"medicine"
黄,34,"yellow"
看,33,"look"
假,33,"falsehood"
在,33,"at"
餐,33,"meal"
育,33,"produce"
观,33,"see"
卖,33,"sell"
云,33,"cloud"
杯,33,"cup"
码,33,"number"
汁,33,"juice"
舍,33,"discard"
齿,33,"tooth"
举,33,"lift"
顶,33,"top"
雅,33,"elegant"
泉,33,"spring"
來,33,"come"
見,33,"see"
龍,33,"Chinese dragon"
戰,33,"fight a battle"
羊,33,"sheep"
斯,33,"this"
因,32,"cause"
思,32,"think"
警,32,"guard"
留,32,"stop"
注,32,"concentrate"
功,32,"achievement"
苦,32,"bitter"
察,32,"examine"
致,32,"delicate"
将,32,"will"
妇,32,"married women"
著,32,"make known"
俗,32,"social customs"
建,32,"build"
黑,32,"black"
伏,32,"crouch"
筒,32,"thick piece of bamboo"
胎,32,"unborn child"
精,32,"essence"
聲,32,"sound"
备,31,"prepare"
现,31,"appear"
应,31,"should"
升,31,"arise"
内,31,"inside"
待,31,"treat"
戏,31,"theatrical play"
丽,31,"beautiful"
烟,31,"smoke"
宝,31,"treasure"
模,31,"model"
腿,31,"leg"
炎,31,"flame"
税,31,"tax"
丹,31,"cinnabar"
筆,31,"writing brush"
腰,31,"pocket"
義,31,"right conduct"
間,31,"within a definite time period or place"
質,31,"matter"
帶,31,"belt"
课,30,"lesson"
常,30,"common"
觉,30,"wake up from sleep"
真,30,"real"
如,30,"if"
给,30,"give"
受,30,"receive"
持,30,"sustain"
雷,30,"thunder"
琴,30,"Chinese lute or guitar"
顺,30,"obey"
扣,30,"knock"
池,30,"pool"
荡,30,"pond"
徒,30,"disciple"
旗,30,"flag"
峰,30,"peak"
补,30,"mend"
盖,30,"cover"
棒,30,"stick"
缘,30,"hem"
控,30,"accuse"
痕,30,"scar"
恩,30,"favour"
胶,30,"gum"
猴,30,"monkey"
君,30,"sovereign"
脂,30,"fat"
餅,30,"flat wheaten food"
種,30,"seed"
愛,30,"love"
罗,30,"net for catching birds"
雞,30,"chicken"
窗,30,"window"
钟,29,"bell"
候,29,"expect"
错,29,"wrong"
鞋,29,"shoe"
群,29,"group"
止,29,"stop"
刻,29,"carve"
及,29,"extend"
急,29,"quick"
历,29,"history"
劲,29,"strong"
收,29,"gather together"
饼,29,"rice-cakes"
段,29,"section"
辞,29,"words"
灭,29,"extinguish"
谱,29,"register"
亡,29,"death"
灵,29,"spirit"
玉,29,"jade"
剂,29,"medicinal preparation"
冠,29,"cap"
枪,29,"gun"
鹿,29,"deer"
視,29,"watch"
哥,28,"elder brother"
播,28,"sow"
护,28,"protect"
怪,28,"strange"
效,28,"result"
律,28,"statute"
肥,28,"fat"
益,28,"profit"
折,28,"break off"
松,28,"fir tree"
府,28,"prefecture"
洋,28,"ocean"
冰,28,"ice"
寒,28,"cold"
脉,28,"blood vessels"
恨,28,"hate"
党,28,"political party"
浪,28,"wave"
漏,28,"leak"
荒,28,"wasteland"
岩,28,"cliff"
師,28,"division of 2500 soldiers"
運,28,"move"
熱,28,"warm"
奶,27,"woman's breasts"
快,27,"fast"
飞,27,"fly"
奇,27,"strange"
准,27,"approve"
紧,27,"tense"
序,27,"preface"
虎,27,"brave"
离,27,"rare beast"
访,27,"visit"
岸,27,"shore"
域,27,"district"
喜,27,"like"
怒,27,"anger"
规,27,"rules"
币,27,"currency"
异,27,"different"
纳,27,"admit"
编,27,"knit"
梁,27,"beam"
氏,27,"clan"
敌,27,"enemy"
苗,27,"sprouts"
轴,27,"axis"
員,27,"member"
葉,27,"leaf"
昌,27,"light of sun"
後,27,"behind"
為,27,"do"
帽,27,"hat"
尺,27,"Chinese measure approx. 'foot'"
尿,27,"urinate"
弟,26,"young brother"
站,26,"stand"
园,26,"park"
助,26,"help"
趣,26,"what attracts one's attention"
烈,26,"fiery"
愿,26,"desire"
梯,26,"ladder"
猫,26,"cat"
防,26,"defend"
先,26,"first"
洲,26,"continent"
童,26,"child"
龄,26,"age"
厚,26,"thick"
微,26,"small"
扬,26,"scatter"
宿,26,"stop"
卫,26,"guard"
劳,26,"labor"
购,26,"buy"
拜,26,"bye"
蜂,26,"wasp"
团,26,"sphere"
额,26,"tablet"
泽,26,"marsh"
壳,26,"shell"
稿,26,"draft"
钩,26,"hook"
尖,26,"sharp"
桶,26,"bucket"
坑,26,"pit"
腹,26,"belly"
記,26,"record"
蛇,26,"snake"
詞,26,"word"
調,26,"adjust"
費,26,"cost"
電,26,"lightning"
司,25,"take charge of"
以,25,"by means of"
听,25,"hear"
试,25,"test"
庭,25,"courtyard"
复,25,"repeat"
强,25,"strong"
杂,25,"mixed"
设,25,"build"
唱,25,"sing"
坏,25,"bad"
极,25,"extreme"
余,25,"surplus"
途,25,"way"
胜,25,"victory"
巧,25,"skillful"
绝,25,"cut"
膏,25,"grease"
锅,25,"cooking-pot"
浆,25,"any thick fluid"
越,25,"exceed"
项,25,"neck"
联,25,"connect"
早,25,"early"
穴,25,"cave"
透,25,"penetrate"
拍,25,"clap"
旋,25,"revolve"
缺,25,"be short of"
碎,25,"break"
瓶,25,"bottle"
坛,25,"altar"
薄,25,"thin"
轨,25,"track"
匠,25,"craftsman"
宫,25,"palace"
审,25,"examine"
權,25,"power"
條,25,"strip"
阴,25,"'female' principle"
祖,25,"ancestor"
尼,25,"Buddhist nun"
眉,25,"eyebrows"
麵,25,"flour"
發,25,"shoot"
貓,25,"cat"
舌,25,"tongue"
樹,25,"tree"
对,24,"correct"
许,24,"allow"
故,24,"ancient"
险,24,"narrow pass"
封,24,"letter"
季,24,"quarter of year"
熟,24,"well-cooked"
从,24,"from"
积,24,"accumulate"
降,24,"fall"
坐,24,"sit"
染,24,"be contagious"
凉,24,"cool"
跑,24,"run"
炮,24,"large gun"
禁,24,"restrict"
谋,24,"plan"
股,24,"thighs"
魂,24,"soul"
仙,24,"Taoist super-being"
帖,24,"invitation card"
柄,24,"authority"
跤,24,"stumble"
枝,24,"branches"
桃,24,"peach"
幅,24,"piece"
兄,24,"elder brother"
產,24,"give birth"
农,24,"agriculture"
樂,24,"music"
論,24,"discuss"
债,24,"debt"
價,24,"price"
務,24,"be engaged in"
殺,24,"kill"
職,24,"duty"
圖,24,"diagram"
藤,24,"rattan"
節,24,"knot"
骂,24,"accuse"
喙,24,"beak"
腸,24,"intestine"
盐,24,"salt"
习,23,"practice"
静,23,"quiet"
闻,23,"smell"
份,23,"portion"
温,23,"lukewarm"
赛,23,"compete"
所,23,"place"
决,23,"decide"
练,23,"practice"
衫,23,"shirt"
责,23,"one's responsibility"
换,23,"change"
售,23,"sell"
疑,23,"doubt"
获,23,"obtain"
弃,23,"reject"
移,23,"change place"
旦,23,"dawn"
灾,23,"calamity"
盆,23,"basin"
讯,23,"inquire"
恶,23,"nastiness"
社,23,"god of the soil and altars to him"
斥,23,"scold"
泡,23,"bubbles"
暴,23,"violent"
宗,23,"lineage"
槽,23,"groove"
牢,23,"prison"
犬,23,"dog"
尽,23,"utmost"
斑,23,"mottled"
樣,23,"appearance"
絲,23,"silk"
邊,23,"edge"
冬,23,"winter"
臺,23,"tower"
沟,23,"ditch"
叫,23,"call"
經,23,"warp"
拳,23,"various forms of boxing"
笛,23,"bamboo flute"
柳,23,"pleasure"
妹,22,"younger sister"
村,22,"village"
此,22,"this"
个,22,"numerary adjunct"
镜,22,"mirror"
败,22,"be defeated"
检,22,"check"
贝,22,"sea shell"
脱,22,"take off"
测,22,"measure"
至,22,"reach"
暗,22,"obscure"
掌,22,"palm of hand"
滑,22,"slip"
提,22,"hold in hand"
距,22,"bird's spur"
连,22,"join"
淡,22,"weak"
肠,22,"intestines"
档,22,"shelf"
损,22,"diminish"
硬,22,"hard"
腔,22,"chest cavity"
圆,22,"round"
街,22,"street"
臂,22,"arm"
泥,22,"mud"
塘,22,"pond"
陷,22,"submerge"
芽,22,"bud"
缝,22,"sew"
缓,22,"slow"
袭,22,"raid"
皇,22,"royal"
砂,22,"pebbles"
丘,22,"mountain"
贼,22,"thief"
戒,22,"warn"
翼,22,"wing"
養,22,"raise"
韵,22,"rhyme"
勒,22,"strangle"
俸,22,"wages"
宴,22,"entertain"
裝,22,"baggage"
爆,22,"crackle"
梅,22,"plums"
橋,22,"bridge"
窝,22,"cave"
弓,22,"bow"
识,21,"recognize"
谢,21,"thank"
周,21,"week"
雪,21,"snow"
久,21,"long time"
自,21,"self"
富,21,"rich"
往,21,"go"
改,21,"change"
乎,21,"interrogative or exclamatory final particle"
善,21,"good"
似,21,"resemble"
技,21,"skill"
奖,21,"award"
秀,21,"ear of grain"
伴,21,"companion"
则,21,"rule"
遇,21,"meet"
请,21,"please"
译,21,"translate"
免,21,"spare"
怀,21,"bosom"
姑,21,"father's sister"
艺,21,"art"
尘,21,"dust"
棋,21,"chess"
侧,21,"side"
锁,21,"lock"
支,21,"disperse"
役,21,"service"
刊,21,"publication"
奏,21,"memorialize emperor"
欲,21,"desire"
伯,21,"older brother"
墙,21,"wall"
乘,21,"multiply"
筋,21,"muscles"
個,21,"single"
把,21,"hold"
伦,21,"normal human relationships"
過,21,"cross"
夏,21,"summer"
魔,21,"demon"
蓝,21,"blue"
術,21,"street"
臭,21,"smell"
莓,21,"moss"
雀,21,"sparrow"
粮,21,"food"
幣,21,"money"
當,21,"face"
爿,21,"half of tree trunk"
軍,21,"army"
禮,21,"ritual"
男,21,"male"
炉,21,"fireplace"
半,20,"incomplete"
诉,20,"accuse"
少,20,"few"
众,20,"multitude"
庆,20,"congratulate"
据,20,"occupy"
可,20,"may"
误,20,"err"
良,20,"good"
映,20,"project"
引,20,"pull"
固,20,"become solid"
训,20,"teach"
汇,20,"a concourse"
椅,20,"chair"
旧,20,"old"
贴,20,"stick"
震,20,"shake"
批,20,"comment"
恋,20,"love"
策,20,"scheme"
雄,20,"male of species"
椒,20,"pepper"
非,20,"not"
链,20,"chain"
阵,20,"column"
媒,20,"go-between"
姆,20,"child's governess"
障,20,"separate"
隆,20,"prosperous"
勤,20,"industrious"
葬,20,"bury"
腾,20,"fly"
援,20,"aid"
威,20,"pomp"
粒,20,"grain"
蒙,20,"cover"
做,20,"act"
铃,20,"bell"
帐,20,"tent"
腳,20,"foot"
實,20,"full"
變,20,"change"
丰,20,"abundant"
参,20,"three"
陽,20,"side"
膠,20,"glue"
汤,20,"soup"
紅,20,"red"
津,20,"ferry"
議,20,"talk over"
計,20,"calculate"
驗,20,"test"
開,20,"open"
煤,20,"coal"
垫,20,"advance money"
蛾,20,"moth"
吃,19,"eat"
姐,19,"elder sister"
忙,19,"busy"
馆,19,"public building"
共,19,"together with"
康,19,"peaceful"
租,19,"lease"
全,19,"maintain"
响,19,"make sound"
舞,19,"dance"
验,19,"test"
慢,19,"slow"
迷,19,"bewitch"
束,19,"bind"
醒,19,"awake"
貌,19,"countenance"
频,19,"frequently"
桌,19,"table"
览,19,"look at"
诊,19,"examine patient"
怨,19,"hatred"
朗,19,"clear"
糊,19,"paste"
若,19,"if"
顿,19,"pause"
镇,19,"town"
磨,19,"rub"
袍,19,"long gown"
庄,19,"village"
丧,19,"mourning"
症,19,"obstruction of bowels"
普,19,"universal"
悟,19,"apprehend"
攻,19,"attack"
捕,19,"arrest"
偶,19,"accidentally"
矿,19,"mine"
辈,19,"generation"
蝇,19,"flies"
减,19,"decrease"
穿,19,"wear"
讀,19,"say aloud"
醇,19,"rich"
岁,19,"age"
弦,19,"chord"
達,19,"lead to"
頂,19,"top of the head"
吉,19,"lucky"
問,19,"ask"
胡,19,"recklessly"
尸,19,"corpse"
傷,19,"wound"
導,19,"direct"
題,19,"forehead"
雕,19,"engrave"
胺,19,"amine"
扇,19,"fan"
卵,19,"horn"
裙,19,"skirt"
給,19,"give"
蘭,19,"orchid"
棍,19,"stick"
霜,19,"frost"
棚,19,"tent"
梨,19,"pear"
羚,19,"species of antelope"
區,19,"area"
宜,18,"suitable"
京,18,"capital city"
妈,18,"mother"
脑,18,"head"
组,18,"group"
易,18,"change"
围,18,"surround"
妻,18,"wife"
三,18,"three"
冷,18,"cold"
扰,18,"disturb"
呼,18,"breathe sigh"
郎,18,"gentleman"
玩,18,"play"
反,18,"reverse"
不,18,"not"
寿,18,"old age"
没,18,"not"
锋,18,"point of spear"
登,18,"rise"
缩,18,"contract"
财,18,"wealth"
更,18,"more"
肢,18,"human limbs"
扎,18,"stab"
拔,18,"uproot"
软,18,"soft"
沉,18,"sink"
烂,18,"rotten"
隙,18,"crack"
罩,18,"hood"
毁,18,"destroy"
岗,18,"post"
亭,18,"pavilion"
盲,18,"blind"
邦,18,"nation"
尊,18,"respect"
委,18,"appoint"
巢,18,"nest"
烷,18,"alkane"
第,18,"sequence"
級,18,"level"
備,18,"prepare"
飯,18,"any cooked grain"
貨,18,"money and goods"
彈,18,"shoot"
進,18,"advance"
關,18,"door bolt"
佬,18,"man"
媽,18,"mother"
報,18,"judge"
別,18,"not"
華,18,"blossom"
墨,18,"ink"
黃,18,"yellow"
灰,18,"ash"
樓,18,"building"
二,17,"two"
医,17,"cure"
睡,17,"sleep"
际,17,"border"
始,17,"begin"
由,17,"cause"
烧,17,"burn"
靠,17,"lean on"
况,17,"condition"
评,17,"appraise"
糕,17,"cakes"
充,17,"fill"
休,17,"rest"
操,17,"conduct"
独,17,"alone"
而,17,"whereas"
址,17,"site"
累,17,"implicate"
迫,17,"coerce"
柜,17,"cabinet"
佛,17,"Buddha"
突,17,"suddenly"
汗,17,"sweat"
深,17,"deep"
驾,17,"drive"
救,17,"save"
狂,17,"mad"
饮,17,"drink"
宅,17,"residence"
赖,17,"bad"
还,17,"also"
鸣,17,"cry of bird or animal"
聚,17,"assemble"
坝,17,"embankment"
旨,17,"purpose"
仗,17,"rely upon"
杖,17,"cane"
翻,17,"flip over"
漆,17,"varnish"
畜,17,"livestock"
瓦,17,"tile"
瘤,17,"tumor"
蚀,17,"nibble away"
渡,17,"cross"
屑,17,"bits"
阻,17,"impede"
匪,17,"bandits"
纱,17,"gauze"
胸,17,"breast"
壶,17,"jar"
潭,17,"deep pool"
薯,17,"yam"
亚,17,"Asia"
焦,17,"burned"
帮,17,"help"
鹬,17,"snipe"
邪,17,"wrong"
搭,17,"join together"
燕,17,"swallow"
碼,17,"digit"
雲,17,"cloud"
鹽,17,"salt"
靈,17,"god"
煙,17,"smoke"
肩,17,"shoulders"
豬,17,"pig"
枣,17,"date tree"
額,17,"forehead"
設,17,"put"
極,17,"ridgepole"
園,17,"garden"
奸,17,"crafty"
绳,17,"rope"
輪,17,"warrant"
箍,17,"bind"
談,17,"talk"
願,17,"desire"
罐,17,"jar"
屎,17,"excrement"
熊,17,"bear"
午,16,"seventh earthly branch"
答,16,"answer"
顾,16,"look back"
己,16,"self"
张,16,"stretch"
整,16,"all"
细,16,"fine"
供,16,"supply"
赏,16,"reward"
弯,16,"bend"
幸,16,"luck"
析,16,"split wood"
召,16,"imperial decree"
宾,16,"guest"
胆,16,"gall bladder"
麦,16,"wheat"
妙,16,"mysterious"
博,16,"gamble"
疾,16,"illness"
誉,16,"fame"
蝶,16,"butterfly"
让,16,"let"
敏,16,"fast"
盛,16,"abundant"
叉,16,"crotch"
探,16,"find"
洁,16,"clean"
延,16,"delay"
予,16,"I"
纹,16,"line"
耗,16,"consume"
笼,16,"cage-like basket"
灶,16,"kitchen stove"
辩,16,"dispute"
艇,16,"small boat"
廊,16,"corridor"
患,16,"suffer"
寨,16,"stockade"
薪,16,"fuel"
签,16,"sign"
藻,16,"splendid"
仪,16,"ceremony"
英,16,"petal"
辣,16,"peppery"
層,16,"pile up"
浦,16,"bank of river"
鐵,16,"iron"
栗,16,"shiver"
孝,16,"filial piety"
敵,16,"enemy"
禄,16,"blessing"
银,16,"silver"
腦,16,"brain"
婦,16,"married woman"
祭,16,"sacrifice to"
內,16,"inside"
虱,16,"louse"
渣,16,"refuse"
狼,16,"wolf"
證,16,"prove"
投,16,"throw"
護,16,"protect"
習,16,"flap"
冲,16,"bolt"
桐,16,"name applied various trees"
孫,16,"grandchild"
蕨,16,"Pteris aquilina"
诗,16,"poem"
盒,16,"small box or case"
親,16,"paternal relatives"
燈,16,"lamp"
宇,16,"house"
锤,16,"hammer"
丸,16,"small round object"
殼,16,"shell"
净,15,"clean"
爷,15,"father"
怕,15,"fear"
楚,15,"name of feudal state"
认,15,"recognize"
厂,15,"factory"
齐,15,"even"
判,15,"judge"
替,15,"change"
统,15,"govern"
临,15,"draw near"
订,15,"draw up agreement"
惜,15,"pity"
湿,15,"wet"
虑,15,"be concerned"
省,15,"province"
释,15,"interpret"
罚,15,"penalty"
需,15,"need"
诚,15,"sincere"
私,15,"private"
祸,15,"misfortune"
番,15,"take turns"
辱,15,"humiliate"
滞,15,"block up"
堡,15,"fort"
苏,15,"revive"
坡,15,"slope"
骗,15,"swindle"
箭,15,"arrow"
狱,15,"prison"
晶,15,"clear"
屏,15,"folding screen"
挡,15,"obstruct"
醉,15,"intoxicated"
栏,15,"railing"
丑,15,"clown"
逆,15,"disobey"
迪,15,"enlighten"
归,15,"return to"
岭,15,"mountain ridge"
颈,15,"neck"
招,15,"beckon"
推,15,"push"
標,15,"topmost branches of a tree"
滅,15,"obliterate"
宮,15,"house"
甸,15,"suburbs of capital"
隊,15,"group"
邑,15,"area"
猪,15,"pig"
逼,15,"compel"
逝,15,"pass away"
勞,15,"toil"
處,15,"reside"
坊,15,"neighborhood"
單,15,"single"
仓,15,"granary"
銷,15,"melt"
跡,15,"footprint"
決,15,"dredge"
肚,15,"bowels"
亂,15,"disorderly"
積,15,"store up crops"
識,15,"know"
淫,15,"obscene"
奴,15,"slave"
枕,15,"pillow"
砖,15,"tile"
資,15,"money"
筵,15,"feast"
胃,15,"stomach"
茎,15,"stem"
竿,15,"bamboo pole"
擊,15,"strike"
螺,15,"spiral shell"
们,14,"adjunct pronoun indicate plural"
就,14,"just"
暖,14,"warm"
刷,14,"brush"
裤,14,"trousers"
介,14,"forerunner"
厅,14,"hall"
贵,14,"expensive"
争,14,"dispute"
润,14,"soft"
闹,14,"quarrel"
究,14,"examine"
荣,14,"glory"
纲,14,"heavy rope"
眠,14,"close eyes"
敬,14,"respect"
衡,14,"measure"
摩,14,"rub"
革,14,"leather"
喻,14,"metaphor"
册,14,"book"
炭,14,"charcoal"
茄,14,"eggplant"
负,14,"load"
艳,14,"beautiful"
夺,14,"take by force"
捷,14,"win"
盟,14,"swear"
伙,14,"companion"
墓,14,"grave"
娃,14,"baby"
智,14,"wisdom"
伐,14,"cut down"
闷,14,"gloomy"
湾,14,"a bay"
惑,14,"confuse"
辰,14,"early morning"
污,14,"filthy"
困,14,"surround"
函,14,"correspondence"
哨,14,"whistle"
逸,14,"flee"
禽,14,"birds"
颜,14,"face"
舱,14,"hold of ship"
梢,14,"pointed tip of something long like a branch"
绿,14,"green"
菇,14,"mushrooms"
兽,14,"beast"
塊,14,"piece"
丈,14,"unit of length equal 3.3 meters"
將,14,"will"
爵,14,"feudal title or rank"
帆,14,"sail"
秋,14,"autumn"
衛,14,"guard"
醫,14,"medicinal"
虾,14,"shrimp"
癌,14,"cancer"
結,14,"tie"
霸,14,"rule by might rather than right"
態,14,"condition"
洪,14,"vast"
豹,14,"leopard"
選,14,"choose"
於,14,"Oh!"
狐,14,"fox"
犁,14,"plow"
耕,14,"plow"
館,14,"accommodation"
畫,14,"write"
附,14,"adhere to"
拱,14,"fold hands on breast"
秒,14,"beard of grain or corn"
羽,14,"feather"
湯,14,"hot or boiling water"
勺,14,"spoon"
妓,14,"prostitute"
疮,14,"tumor"
葵,14,"sunflower"
鼻,14,"nose"
賊,14,"damage"
蜡,14,"wax"
詩,14,"poem"
姓,14,"one's family name"
秤,14,"balance"
钉,14,"nail"
锯,14,"saw"
圓,14,"round"
森,14,"forest"
鹭,14,"heron"
碱,14,"alkaline"
棉,14,"cotton padded"
缸,14,"earthenware jug"
且,13,"moreover"
何,13,"what"
叔,13,"father's younger brother"
哈,13,"sound of laughter"
初,13,"beginning"
续,13,"continue"
今,13,"now"
梦,13,"dream"
悔,13,"repent"
聘,13,"engage"
之,13,"marks preceding phrase as modifier of following phrase"
秘,13,"secret"
植,13,"plant"
赞,13,"help"
屈,13,"bend"
疼,13,"aches"
维,13,"maintain"
劣,13,"bad"
柴,13,"firewood"
燃,13,"light fire"
鸭,13,"Anas species"
促,13,"urge"
健,13,"strong"
铺,13,"spread out"
胞,13,"womb"
采,13,"fief"
挂,13,"hang"
诺,13,"promise"
仇,13,"enemy"
酌,13,"serve wine"
滨,13,"beach"
牧,13,"tend cattle"
督,13,"supervise"
辛,13,"bitter"
隔,13,"separate"
袖,13,"sleeve"
跌,13,"stumble"
占,13,"observe"
冻,13,"freeze"
割,13,"cut"
忌,13,"jealous"
冈,13,"ridge or crest of hill"
押,13,"mortgage"
摸,13,"touch"
榜,13,"placard"
愤,13,"resent"
暑,13,"hot"
覆,13,"overturn"
烯,13,"alkene"
堵,13,"wall"
穗,13,"ear of grain"
戶,13,"door"
蓋,13,"cover"
符,13,"i.d. tag"
興,13,"rise"
疹,13,"measles"
肝,13,"liver"
夷,13,"ancient barbarian tribes"
腺,13,"gland"
離,13,"leave"
九,13,"nine"
渊,13,"gulf"
瑟,13,"large stringed musical instrument"
遊,13,"wander"
吻,13,"kiss"
類,13,"class"
阅,13,"examine"
況,13,"condition"
塵,13,"dust"
轉,13,"turn"
債,13,"debt"
請,13,"ask"
嫂,13,"sister-in-law"
鏡,13,"mirror"
敗,13,"lose"
壺,13,"pot"
漿,13,"an ancient sour drink"
涩,13,"astringent"
逃,13,"escape"
钢,13,"steel"
混,13,"mix"
簧,13,"reed of woodwind instrument"
難,13,"difficult"
篇,13,"chapter"
屁,13,"break wind"
鹀,13,"bunting"
垣,13,"low wall"
寫,13,"place"
規,13,"dividers"
綠,13,"green"
蟹,13,"crab"
划,12,"scratch"
广,12,"wide"
李,12,"plum"
范,12,"bee-like insect"
闭,12,"shut"
键,12,"door bolt"
授,12,"give to"
泪,12,"tear"
漫,12,"overflow of water"
页,12,"page"
慕,12,"long for"
腐,12,"rot"
匙,12,"spoon"
闲,12,"fence"
借,12,"borrow"
避,12,"turn aside"
脏,12,"dirty"
抱,12,"hold"
帝,12,"supreme ruler"
承,12,"inherit"
疫,12,"epidemic"
迁,12,"move"
吐,12,"spit"
悦,12,"pleased"
猎,12,"hunt"
摆,12,"put"
浮,12,"float"
署,12,"public office"
鲁,12,"foolish"
我,12,"I"
畅,12,"smoothly"
兆,12,"trillion"
逐,12,"chase"
超,12,"jump over"
鹤,12,"Grus species"
贷,12,"lend"
碟,12,"small dish"
阁,12,"chamber"
爽,12,"happy"
卜,12,"radish"
朴,12,"simple"
晕,12,"halo in sky"
赫,12,"bright"
桑,12,"mulberry tree"
嫌,12,"hate"
胀,12,"swell"
昂,12,"rise"
契,12,"deed"
舟,12,"boat"
屄,12,"vagina"
說,12,"say"
酮,12,"ketones"
零,12,"zero"
十,12,"ten"
粪,12,"manure"
課,12,"lesson"
嫁,12,"marry"
載,12,"ride"
闸,12,"sluice"
雾,12,"fog"
危,12,"dangerous"
觀,12,"observe"
勝,12,"be able to bear"
四,12,"four"
翅,12,"wings"
細,12,"thin"
叙,12,"express"
卧,12,"lie down"
羅,12,"net for catching birds"
氧,12,"oxygen"
麗,12,"beautiful"
歲,12,"Jupiter"
倚,12,"rely on"
爾,12,"you"
完,12,"complete"
寂,12,"still"
強,12,"strong"
驴,12,"donkey"
爪,12,"fingernail"
钻,12,"drill"
芹,12,"celery"
兔,12,"rabbit"
則,12,"rule"
賽,12,"compete"
燒,12,"burn"
應,12,"should"
賣,12,"sell"
鲸,12,"whale"
錄,12,"record"
災,12,"calamity"
垢,12,"dirt"
荷,12,"lotus"
滴,12,"drip"
苷,12,"licorice"
芋,12,"taro"
窩,12,"nest"
框,12,"frame"
箔,12,"reed screen"
欢,11,"happy"
适,11,"go"
讲,11,"say"
太,11,"very"
泳,11,"dive"
祝,11,"pray for happiness or blessings"
济,11,"help"
炼,11,"smelt"
姨,11,"mother/wife's sister"
摇,11,"shake"
疗,11,"be healed"
吸,11,"suck"
晚,11,"late"
陆,11,"land"
构,11,"frame"
悉,11,"know"
织,11,"weave"
勇,11,"brave"
低,11,"low"
忘,11,"neglect"
惠,11,"favor"
裔,11,"progeny"
毯,11,"rug"
估,11,"merchant"
虚,11,"false"
贯,11,"a string of 1000 coins"
弊,11,"evil"
斜,11,"slanting"
僻,11,"out-of-the-way"
舰,11,"warship"
妆,11,"adorn oneself"
沫,11,"froth"
殿,11,"palace"
阔,11,"wide"
严,11,"strict"
郁,11,"sweet smelling"
孕,11,"be pregnant"
讨,11,"discuss"
耀,11,"shine"
戴,11,"wear on top"
扯,11,"pull"
疏,11,"neglect"
窃,11,"secretly"
圣,11,"holy"
瓣,11,"petal"
拢,11,"collect"
昏,11,"dusk"
旁,11,"side"
奉,11,"offer"
捐,11,"contribute"
垒,11,"rampart"
孙,11,"grandchild"
吏,11,"government official"
卒,11,"soldier"
欠,11,"owe"
涌,11,"surge up"
坪,11,"level ground"
碗,11,"bowl"
對,11,"correct"
醛,11,"aldehyde"
倍,11,"times"
八,11,"eight"
島,11,"island"
振,11,"raise"
壽,11,"old age"
尉,11,"officer"
測,11,"fathom"
覺,11,"become aware"
傳,11,"transfer"
欧,11,"translit.: Europe"
脊,11,"spine"
瑞,11,"felicitous omen"
貝,11,"shellfish"
糧,11,"grain"
嗣,11,"connect"
蒂,11,"peduncle or stem of plants"
蠹,11,"moth"
溝,11,"ditch"
緣,11,"hem"
撒,11,"release"
插,11,"insert"
稅,11,"tax"
稱,11,"weigh"
脈,11,"blood vessels"
爹,11,"father"
鼬,11,"weasel"
藍,11,"blue"
癣,11,"ringworms"
領,11,"neck"
梗,11,"stem of flower"
剑,11,"sword"
靡,11,"divide"
認,11,"recognize"
戀,11,"love romantically"
掠,11,"rob"
茬,11,"harvest"
髮,11,"hair"
聽,11,"listen"
靜,11,"silent"
凳,11,"bench"
鹰,11,"eagle"
鞭,11,"whip"
壓,11,"press"
溜,11,"slide"
譜,11,"register"
責,11,"demand"
籠,11,"bamboo-made implement for holding soil"
栈,11,"warehouse"
刃,11,"edged tool"
現,11,"present"
狀,11,"form"
飲,11,"drink"
鐘,11,"bell"
痒,11,"itch"
拐,11,"kidnap"
砚,11,"inkstone"
喝,11,"drink"
揚,11,"lift"
肿,11,"swell"
槍,11,"spear"
狮,11,"lion"
铜,11,"copper"
菊,11,"chrysanthemum"
針,11,"needle"
鲈,11,"sea perch"
酶,11,"enzymes"
蛉,11,"dragonfly"
些,10,"some"
么,10,"interrogative particle"
爸,10,"father"
须,10,"must"
绩,10,"spin"
纪,10,"record"
终,10,"end"
鲜,10,"fresh"
遍,10,"everywhere"
激,10,"arouse"
括,10,"include"
稳,10,"stable"
递,10,"hand"
即,10,"promptly"
络,10,"enmesh"
傲,10,"proud"
愁,10,"anxiety"
亏,10,"lose"
并,10,"equal to"
绕,10,"entwine"
慰,10,"comfort"
脆,10,"crisp"
裁,10,"cut out"
绪,10,"end of thread"
跃,10,"skip"
乏,10,"lack"
偿,10,"repay"
废,10,"abrogate"
券,10,"certificate"
驳,10,"varicolored"
睦,10,"friendly"
忍,10,"endure"
壮,10,"big"
无,10,"negative"
魄,10,"vigor"
浴,10,"bath"
腻,10,"greasy"
遣,10,"send"
浊,10,"muddy"
缀,10,"patch together"
撞,10,"knock against"
幻,10,"illusion"
陋,10,"narrow"
简,10,"simple"
茫,10,"vast"
疆,10,"boundary"
庸,10,"usual"
猛,10,"violent"
喊,10,"shout"
泣,10,"cry"
衔,10,"bit"
诈,10,"cheat"
霞,10,"rosy clouds"
腕,10,"wrist"
宽,10,"wide"
篮,10,"basket"
拿,10,"take"
溢,10,"overflow"
髓,10,"bone marrow"
缠,10,"wrap"
萨,10,"Buddhist gods or immortals"
勃,10,"suddenly"
申,10,"monkey"
舉,10,"raise"
寶,10,"treasure"
莊,10,"grassy"
屬,10,"category"
營,10,"encampment"
依,10,"rely on"
溶,10,"melt"
菲,10,"fragrant"
壑,10,"bed of torrent"
岳,10,"mountain peak"
柏,10,"cypress"
俄,10,"sudden"
埔,10,"plain"
寮,10,"shanty"
斷,10,"break"
陰,10,"cloudy"
張,10,"string a bow"
簿,10,"register"
什,10,"file of ten soldiers"
鼎,10,"large"
許,10,"allow"
札,10,"letter"
肺,10,"lung"
跳,10,"jump"
講,10,"say"
瘟,10,"epidemic"
莲,10,"lotus"
锦,10,"brocade"
优,10,"superior"
鸮,10,"owl"
們,10,"Suffix indicating plural for pronouns"
診,10,"examine"
冤,10,"grievance"
陀,10,"steep bank"
險,10,"difficult and treacherous"
鸽,10,"pigeon"
庫,10,"warehouse"
飛,10,"fly"
磁,10,"magnetic"
兜,10,"pouch"
曆,10,"calendar"
蚁,10,"ants"
蚕,10,"silkworms"
旅,10,"trip"
摊,10,"spread out"
辦,10,"deal with"
甜,10,"sweet"
埠,10,"port city"
苔,10,"moss"
異,10,"different"
嗪,10,"character used in translation"
贡,10,"offer tribute"
麥,10,"general term for wheat"
製,10,"make"
肌,10,"muscle tissue"
齒,10,"tooth"
霧,10,"fog"
邻,10,"neighbor"
鹼,10,"sodium carbonate"
桩,10,"stake"
笠,10,"bamboo hat"
蝦,10,"shrimp"
團,10,"sphere"
慮,10,"be concerned"
檀,10,"sandalwood"
葛,10,"edible bean"
蒿,10,"mugwort"
蛛,10,"spider"
般,9,"sort"
他,9,"him"
消,9,"vanish"
已,9,"already"
蕉,9,"banana"
烦,9,"bother"
戚,9,"relative"
谊,9,"friendship"
阶,9,"stairs"
惊,9,"frighten"
施,9,"grant"
短,9,"short"
买,9,"buy"
吧,9,"emphatic final particle"
涨,9,"rise in price"
毫,9,"fine hair"
询,9,"inquire into"
庙,9,"temple"
返,9,"return"
触,9,"butt"
奈,9,"but"
慧,9,"bright"
滩,9,"bank"
盾,9,"shield"
慎,9,"act with care"
伍,9,"five"
仰,9,"raise the head to look"
泊,9,"park"
那,9,"that"
抗,9,"resist"
祥,9,"good luck"
凡,9,"all"
创,9,"establish"
辟,9,"law"
忧,9,"sad"
赠,9,"give present"
残,9,"injure"
酱,9,"any jam-like or paste-like food"
陶,9,"pottery"
拙,9,"stupid"
殖,9,"breed"
叹,9,"sigh"
增,9,"increase"
融,9,"melt"
蔽,9,"cover"
翔,9,"soar"
顷,9,"a moment"
喉,9,"throat"
徽,9,"a badge"
企,9,"plan a project"
赴,9,"go to"
翁,9,"old man"
奔,9,"run fast"
恤,9,"show pity"
揽,9,"grasp"
寻,9,"seek"
穷,9,"poor"
洒,9,"sprinkle"
丛,9,"bush"
串,9,"string"
堆,9,"heap"
截,9,"cut off"
寧,9,"peaceful"
鲷,9,"Pagrosomus major"
曜,9,"glorious"
七,9,"seven"
無,9,"not have"
頓,9,"strike downwards to a surface:"
饶,9,"bountiful"
扑,9,"pounce"
滿,9,"full"
贱,9,"mean"
懂,9,"understand"
衰,9,"decline"
襲,9,"attack"
挺,9,"stand upright"
範,9,"mould"
籤,9,"inscribed bamboo slips used for divination or drawing"
綴,9,"stitch up"
軸,9,"axle"
姿,9,"one's manner"
賓,9,"visitor"
夹,9,"be wedged or inserted between"
斋,9,"vegetarian diet"
宠,9,"favorite"
幹,9,"main part of something"
钳,9,"pincers"
郊,9,"suburbs"
戎,9,"arms"
茅,9,"reeds"
謝,9,"excuse oneself"
豚,9,"small pig"
縮,9,"shrink"
據,9,"depend on"
復,9,"return"
灌,9,"water"
還,9,"have or have not"
臨,9,"overlook"
膽,9,"gallbladder"
拼,9,"join together"
訴,9,"tell"
衬,9,"underwear"
阀,9,"powerful and influential group"
筍,9,"bamboo shoot"
巷,9,"alley"
虐,9,"cruel"
悍,9,"courageous"
納,9,"admit"
獅,9,"lion"
戲,9,"play"
陣,9,"short moment of time"
粟,9,"unhusked millet"
几,9,"small table"
玛,9,"agate"
薰,9,"a medicinal herb"
恐,9,"fear"
癖,9,"craving"
蘑,9,"type of edible mushroom"
勁,9,"powerful"
冊,9,"book"
鳗,9,"eel"
醋,9,"vinegar"
喪,9,"mourning"
試,9,"test"
泰,9,"great"
婴,9,"baby"
蚤,9,"louse"
墩,9,"heap"
蝨,9,"louse"
鈴,9,"bell"
網,9,"net"
漢,9,"Han River"
葱,9,"scallions"
銀,9,"silver"
曼,9,"long"
掖,9,"support with the arms"
屍,9,"corpse"
翠,9,"color green"
遗,9,"lose"
財,9,"wealth"
鴨,9,"duck"
棗,9,"jujube"
鸥,9,"seagull"
渠,9,"canal"
柑,9,"tangerine"
聖,9,"noble"
靴,9,"boots"
炒,9,"fry"
蕩,9,"sway"
橙,9,"orange tree"
乾,9,"dry"
万,8,"thousand"
奋,8,"strive"
羞,8,"disgrace"
默,8,"silent"
担,8,"carry"
聊,8,"somewhat"
停,8,"park"
恼,8,"angered"
贺,8,"congratulate"
辑,8,"gather up"
厉,8,"whetstone"
霉,8,"mildew"
佳,8,"good"
泛,8,"drift"
仿,8,"imitate"
漠,8,"desert"
烤,8,"roast"
研,8,"grind"
帘,8,"flag-sign of a tavern"
俊,8,"talented"
献,8,"offer"
夕,8,"evening"
涉,8,"ford stream"
未,8,"not yet"
鉴,8,"mirror"
蓄,8,"store"
却,8,"still"
削,8,"scrape off"
抑,8,"press down"
誓,8,"swear"
咽,8,"throat"
执,8,"hold in hand"
踪,8,"footprints"
驰,8,"go quickly or swiftly"
详,8,"detailed"
裕,8,"abundant"
篷,8,"awning"
酬,8,"toast"
躁,8,"tense"
惧,8,"fear"
哀,8,"sad"
惰,8,"indolent"
劫,8,"take by force"
衍,8,"overflow"
耻,8,"shame"
械,8,"weapons"
稻,8,"rice growing in field"
窄,8,"narrow"
忽,8,"suddenly"
赔,8,"indemnify"
诵,8,"recite"
唐,8,"Tang dynasty"
叠,8,"pile"
塑,8,"model in clay"
仆,8,"fall forward"
绣,8,"embroider"
泄,8,"leak"
贸,8,"trade"
雁,8,"wild goose"
婿,8,"son-in-law"
戈,8,"halberd"
崖,8,"cliff"
募,8,"levy"
晓,8,"dawn"
毙,8,"kill"
绵,8,"cotton wad"
蜜,8,"sweet"
妥,8,"satisfactory"
栓,8,"wooden peg"
伞,8,"umbrella"
汛,8,"high water"
臉,8,"cheek"
卯,8,"fourth earthly branch"
千,8,"thousand"
五,8,"five"
圍,8,"surround"
曹,8,"ministry officials"
谕,8,"proclaim"
垂,8,"let down"
诏,8,"decree"
忠,8,"loyalty"
潔,8,"clean"
甘,8,"sweetness"
錯,8,"wrong"
順,8,"follow"
胄,8,"helmet"
绒,8,"silk"
謀,8,"stratagem"
餘,8,"remain"
鸦,8,"crow"
龟,8,"turtle or tortoise"
箧,8,"rattan box"
酪,8,"cream"
項,8,"nape of neck"
吞,8,"absorb"
勉,8,"endeavor"
廉,8,"upright"
環,8,"circle"
託,8,"entrust"
或,8,"or"
鏈,8,"chain"
寄,8,"send"
抄,8,"copy"
疤,8,"scar"
钞,8,"paper money"
裡,8,"inside"
訪,8,"visit"
僧,8,"Buddhist priest"
妾,8,"concubine"
儒,8,"Confucian scholar"
奪,8,"lose"
膝,8,"knee"
靖,8,"pacify"
扁,8,"flat"
補,8,"mend"
譯,8,"translate"
蹄,8,"hoof"
腥,8,"raw meat"
統,8,"interconnected and continuous relationship"
聞,8,"hear"
訊,8,"inquire"
凶,8,"culprit"
吨,8,"metric ton"
蝉,8,"continuous"
厕,8,"mingle with"
亨,8,"smoothly"
笋,8,"bamboo shoots"
磚,8,"brick"
垮,8,"be defeated"
噪,8,"be noisy"
谏,8,"remonstrate"
嫲,8,"paternal grandmother"
軌,8,"rut"
憲,8,"law"
蝽,8,"bedbug"
晴,8,"clear weather"
農,8,"cultivate"
兑,8,"cash"
蔥,8,"green onion"
杠,8,"lever"
龜,8,"turtle"
茸,8,"soft"
鎖,8,"lock"
疱,8,"acne"
舵,8,"rudder"
哭,8,"weep"
啶,8,"phonetic used in pyridine and pyrimidine"
獻,8,"offer"
咕,8,"mumble"
呢,8,"interrogative or emphatic final"
蛤,8,"clam"
锥,8,"gimlet"
芯,8,"pith from rush"
芥,8,"mustard plant"
斧,8,"axe"
盔,8,"bowl"
嬰,8,"necklace"
痴,8,"foolish"
崎,8,"rough"
訓,8,"teach"
蜥,8,"lizard"
褲,8,"pants"
錘,8,"hammer"
練,8,"white silk"
糠,8,"chaff"
貂,8,"marten"
蠅,8,"fly"
蓉,8,"hibiscus"
羹,8,"soup"
迎,7,"receive"
必,7,"surely"
显,7,"manifest"
敢,7,"dare"
含,7,"hold in mouth"
纯,7,"pure"
寸,7,"inch"
燥,7,"dry"
膊,7,"shoulders"
坦,7,"flat"
伸,7,"extend"
愧,7,"ashamed"
谓,7,"say"
擦,7,"rub"
炸,7,"fry in oil"
柔,7,"rub"
矩,7,"carpenter's square"
随,7,"follow"
厢,7,"side-room"
伟,7,"great"
繁,7,"complicated"
瘾,7,"rash"
慈,7,"kind"
酷,7,"cool"
鄙,7,"mean"
呆,7,"dull"
唇,7,"lip"
盗,7,"rob"
昧,7,"obscure"
搏,7,"seize"
拨,7,"move"
掘,7,"dig"
晃,7,"bright"
谎,7,"lie"
纵,7,"indulge in"
竭,7,"put forth great effort"
拟,7,"draft"
颂,7,"laud"
恒,7,"constant"
辙,7,"wagon ruts"
汰,7,"excessive"
奥,7,"mysterious"
牲,7,"sacrificial animal"
稀,7,"rare"
膛,7,"chest"
泻,7,"drain off"
只,7,"a sword"
珍,7,"precious"
讼,7,"accuse"
迈,7,"take a big stride"
哄,7,"beguile"
踏,7,"step on"
椎,7,"hammer"
塌,7,"fall in ruins"
缆,7,"hawser"
衷,7,"heart"
碑,7,"stone tablet"
赋,7,"tax"
抚,7,"pat"
廷,7,"court"
诱,7,"persuade"
浅,7,"shallow"
媚,7,"charming"
盼,7,"look"
峡,7,"gorge"
凿,7,"chisel"
祷,7,"pray"
芳,7,"fragrant"
棘,7,"jujube tree"
诞,7,"bear children"
呈,7,"submit"
冶,7,"smelt"
莽,7,"thicket"
係,7,"tie"
側,7,"side"
壘,7,"rampart"
掃,7,"clean with a broom"
两,7,"two"
芝,7,"sesame"
鍵,7,"door bolt"
吊,7,"condole"
晝,7,"daytime"
櫃,7,"cabinet"
挫,7,"push down"
潜,7,"hide"
痢,7,"dysentery"
匮,7,"lack"
恭,7,"respectful"
績,7,"spin hemp into thread"
寅,7,"tiger"
纶,7,"green silk thread or tassel"
晋,7,"advance"
袜,7,"socks"
宋,7,"Song dynasty"
澳,7,"inlet"
桂,7,"cassia or cinnamon"
凤,7,"male phoenix"
棱,7,"squared timber"
審,7,"examine"
編,7,"put in order"
顧,7,"turn around and look"
遠,7,"far"
搞,7,"clear"
糜,7,"rice gruel"
霭,7,"cloudy sky"
惡,7,"evil"
換,7,"exchange"
際,7,"border"
侯,7,"marquis"
杰,7,"hero"
礦,7,"mineral deposit"
償,7,"repay"
填,7,"fill in"
埃,7,"fine dust"
儂,7,"person"
蚊,7,"mosquito"
閒,7,"not busy"
孽,7,"evil"
歸,7,"return"
釋,7,"release"
剪,7,"cut"
賬,7,"account"
羡,7,"envy"
宕,7,"stone quarry"
瘫,7,"paralysis"
袒,7,"strip"
檢,7,"measure"
姊,7,"elder sister"
輩,7,"people of a certain kind"
澤,7,"marsh"
罰,7,"punish"
貴,7,"expensive"
陸,7,"land"
憤,7,"be indignant"
擔,7,"carry on a shoulder pole"
陈,7,"exhibit"
冕,7,"crown"
窖,7,"pit"
颤,7,"shiver"
碳,7,"carbon"
藉,7,"insult"
槌,7,"hammer"
獄,7,"prison"
袂,7,"sleeves"
戮,7,"kill"
禅,7,"meditation"
兹,7,"now"
痧,7,"cholera"
铲,7,"spade"
瘦,7,"thin"
粗,7,"rough"
吹,7,"blow"
莖,7,"stem"
被,7,"passive indicator 'by'"
漂,7,"float"
艾,7,"artemisia"
苑,7,"pasture"
暝,7,"dark"
萌,7,"bud"
埋,7,"bury"
賞,7,"present as a gift"
咬,7,"bite"
磅,7,"pound"
妃,7,"wife"
跟,7,"with"
絮,7,"waste cotton"
左,7,"left"
暮,7,"evening"
劝,7,"recommend"
評,7,"comment on"
杨,7,"willow"
棄,7,"abandon"
洛,7,"river in Shanxi province"
蛄,7,"mole cricket"
聯,7,"connect"
絨,7,"silk"
藝,7,"art"
鳖,7,"turtle"
幔,7,"curtain"
礁,7,"reef"
窟,7,"hole"
溫,7,"lukewarm"
抵,7,"resist"
眾,7,"masses"
蒜,7,"garlic"
枷,7,"cangue scaffold"
鬥,7,"fight"
頻,7,"frequent"
幼,7,"infant"
嚴,7,"strict"
嫩,7,"soft"
娜,7,"elegant"
禍,7,"disaster"
廟,7,"temple"
塗,7,"mud"
襟,7,"lapel"
骸,7,"skeleton"
帛,7,"silks"
芜,7,"luxurious growth of weeds"
鳕,7,"codfish"
黨,7,"community"
糟,7,"sediment"
厝,7,"cut or engrave"
闪,7,"flash"
涼,7,"cool"
窦,7,"hole"
妄,7,"absurd"
泵,7,"pump"
褶,7,"pleat"
贫,7,"poor"
壇,7,"altar"
爐,7,"fireplace"
蓮,7,"lotus"
蝠,7,"bat"
橘,7,"orange"
株,7,"numerary adjunct for trees"
迦,7,"character for transliteration"
豉,7,"fermented beans"
盂,7,"basin"
粿,7,"rice cake"
涤,7,"wash"
隼,7,"aquiline"
疣,7,"tumor"
蕊,7,"unopened flowers"
烃,7,"hydrocarbon"
紫,7,"purple"
絡,7,"enmesh"
确,6,"sure"
轻,6,"light"
晨,6,"early morning"
概,6,"generally"
右,6,"right"
输,6,"lose"
裹,6,"wrap"
其,6,"his"
迟,6,"late"
否,6,"not"
厌,6,"dislike"
尚,6,"still"
曾,6,"already"
肃,6,"pay respects"
碍,6,"obstruct"
虹,6,"rainbow"
荐,6,"repeat"
涂,6,"smear"
豪,6,"brave"
舅,6,"mother's brother"
佣,6,"commission fee"
峻,6,"high"
辉,6,"brightness"
涵,6,"soak"
庇,6,"cover"
吟,6,"sing"
壤,6,"soil"
肯,6,"willing"
敞,6,"roomy"
讳,6,"conceal"
监,6,"supervise"
撑,6,"prop up"
培,6,"bank up with dirt"
焰,6,"flame"
骚,6,"harass"
倦,6,"be tired of"
粹,6,"pure"
横,6,"across"
朽,6,"decayed"
卑,6,"humble"
卸,6,"lay down"
彻,6,"penetrate"
廓,6,"broad"
佩,6,"belt ornament"
瓷,6,"crockery"
栖,6,"perch"
硕,6,"great"
橱,6,"cabinet"
唤,6,"call"
俏,6,"like"
懒,6,"lazy"
卦,6,"fortune telling"
沿,6,"follow a course"
届,6,"numerary adjunct for time"
贤,6,"virtuous"
魁,6,"chief"
婉,6,"amiable"
僚,6,"companion"
臊,6,"rancid"
帕,6,"turban"
岔,6,"diverge"
弧,6,"arc"
弛,6,"loosen"
逢,6,"come upon"
窿,6,"mine shaft"
颊,6,"cheeks"
匿,6,"hide"
饵,6,"bait"
宵,6,"night"
邮,6,"postal"
蛙,6,"frog"
双,6,"pair"
寡,6,"widowed"
徑,6,"path"
总,6,"collect"
百,6,"hundred"
萬,6,"Original form of 蠆／虿 ."
連,6,"man-drawn carriage"
霎,6,"light rain"
齊,6,"even"
唑,6,"azole"
陪,6,"accompany"
梓,6,"Chinese catalpa"
虞,6,"concerned about"
厨,6,"kitchen"
崗,6,"post"
倫,6,"same type/kind/class"
暇,6,"leisure"
畏,6,"fear"
遂,6,"comply with"
姪,6,"brother's child"
紀,6,"rule"
魏,6,"kingdom of Wei"
矢,6,"arrow"
階,6,"stair"
盈,6,"fill"
誠,6,"sincere"
帅,6,"commander"
抓,6,"grab"
旷,6,"extensive"
貼,6,"paste to"
痂,6,"scab"
癬,6,"ringworm"
杉,6,"various species of pine and fir"
銅,6,"copper"
趾,6,"tracks"
響,6,"make a sound"
罵,6,"chide"
眷,6,"take interest in"
參,6,"Three Stars mansion"
妖,6,"strange"
慾,6,"lust"
昔,6,"formerly"
懷,6,"breast"
恃,6,"rely on"
東,6,"east"
柯,6,"axe-handle"
仲,6,"middle brother"
劍,6,"sword"
橫,6,"middle rail of a wooden door"
煞,6,"malignant deity"
溺,6,"drown"
谚,6,"proverb"
飾,6,"decorate"
優,6,"generous"
祿,6,"blessing"
嗓,6,"voice"
寇,6,"bandits"
脫,6,"take off"
歇,6,"rest"
壯,6,"strong"
鷹,6,"bird of prey of Accipitriformes"
秦,6,"feudal state of Qin"
鋒,6,"pointed edge"
黜,6,"dismiss"
監,6,"supervise"
損,6,"reduce"
烫,6,"scald"
嘎,6,"sound of laughter"
娼,6,"prostitute"
冗,6,"excessive"
雜,6,"miscellaneous"
碴,6,"chipped edge of a container"
堤,6,"dike"
瘡,6,"wound"
刨,6,"carpenter's plane"
攤,6,"spread something out"
痘,6,"smallpox"
鞘,6,"scabbard"
馏,6,"distill"
蓬,6,"type of raspberry"
煩,6,"agitated"
痰,6,"phlegm"
療,6,"treat"
脓,6,"pus"
鳚,6,"general term of a kind of fish"
鹨,6,"Anthus species"
汞,6,"mercury"
傻,6,"foolish"
啉,6,"stupid"
驼,6,"a camel"
抽,6,"draw out"
渴,6,"thirsty"
烏,6,"crow"
唧,6,"chirping of insects"
苞,6,"a variety of rush"
攘,6,"seize"
獨,6,"alone"
黎,6,"numerous"
夢,6,"dream"
圃,6,"garden"
坎,6,"pit"
坯,6,"dam"
欄,6,"railing"
崩,6,"die - of an emperor"
埕,6,"a large"
廠,6,"shack"
某,6,"certain thing or person"
臟,6,"internal organs"
谣,6,"sing"
梳,6,"comb"
縫,6,"sew"
孩,6,"baby"
惹,6,"irritate"
爺,6,"father"
牯,6,"cow"
續,6,"continue"
煎,6,"fry"
肋,6,"ribs"
鳍,6,"fin"
檐,6,"eaves of house"
韻,6,"sweet music"
皱,6,"wrinkles"
紋,6,"line"
枋,6,"sandalwood"
姦,6,"evil"
晦,6,"dark"
帳,6,"tent"
帚,6,"broom"
秧,6,"rice seedlings"
鮮,6,"seafood"
朔,6,"first day of lunar month"
矾,6,"alum"
杏,6,"almond"
脯,6,"dried meat"
庐,6,"hut"
箬,6,"cuticle of the bamboo a broad-leaved bamboo"
履,6,"footwear"
焊,6,"weld"
渍,6,"soak"
狸,6,"fox"
棕,6,"hemp palm"
獾,6,"badger"
醬,6,"sauce or paste made of fermented beans"
但,5,"only"
够,5,"enough"
睛,5,"eyeball"
冒,5,"risk"
朵,5,"cluster of flowers"
择,5,"select"
找,5,"find"
傅,5,"tutor"
均,5,"equal"
泼,5,"pour"
竟,5,"finally"
励,5,"strive"
绸,5,"silk cloth"
央,5,"center"
旬,5,"ten-day period"
享,5,"enjoy"
胁,5,"ribs"
践,5,"trample"
锐,5,"sharp"
摄,5,"take in"
挤,5,"squeeze"
豫,5,"relaxed"
烛,5,"candle"
吵,5,"argue"
沛,5,"abundant"
扭,5,"turn"
俭,5,"temperate"
侨,5,"sojourn"
诫,5,"warn"
尝,5,"taste"
叨,5,"talkative"
肆,5,"indulge"
协,5,"be united"
屿,5,"island"
旱,5,"drought"
启,5,"open"
拓,5,"expand"
滚,5,"turn"
缚,5,"tie"
侠,5,"chivalrous person"
抹,5,"smear"
辖,5,"linchpin of wheel"
哑,5,"dumb"
怯,5,"lacking in courage"
谬,5,"error"
御,5,"drive"
恕,5,"forgive"
宰,5,"slaughter"
措,5,"place"
佑,5,"help"
毅,5,"resolute"
贿,5,"bribe"
贩,5,"peddler"
鹅,5,"goose"
蕴,5,"collect"
慌,5,"nervous"
贞,5,"virtuous"
赐,5,"give"
拒,5,"ward off with hand"
敛,5,"draw back"
涡,5,"swirl"
荫,5,"shade"
畔,5,"boundary path dividing fields"
愈,5,"more and more"
涛,5,"large waves"
继,5,"continue"
蕾,5,"buds"
窍,5,"hole"
槛,5,"threshold"
維,5,"tie"
亥,5,"twelfth earthly branch"
巳,5,"sixth earthly branch"
酉,5,"a wine vessel"
峦,5,"mountain range"
砧,5,"anvil"
缴,5,"deliver"
貢,5,"pay tribute"
倾,5,"upset"
崽,5,"a child"
幫,5,"sides of an object"
锚,5,"anchor"
濟,5,"cross a river"
盡,5,"end"
肖,5,"look like"
該,5,"contain"
詳,5,"detailed"
適,5,"go"
戌,5,"eleventh earthly branch"
醚,5,"ether"
髻,5,"hair rolled up in a bun"
坚,5,"hard"
韩,5,"fence"
饱,5,"eat heartily"
乌,5,"crow"
從,5,"follow"
鸫,5,"thrush"
希,5,"rare"
乖,5,"rebel"
戾,5,"perverse"
窜,5,"run away"
钵,5,"earthenware basin"
淨,5,"pure"
鍋,5,"cooking pot"
仑,5,"logical reasons"
霄,5,"sky"
絕,5,"break off"
纏,5,"wind"
炙,5,"roast"
渎,5,"ditch"
敷,5,"spread"
姜,5,"ginger"
俠,5,"chivalrous person"
錶,5,"watch"
賤,5,"cheap"
蝕,5,"corrode"
亩,5,"Chinese land measure"
墒,5,"wet"
齡,5,"age"
譽,5,"fame"
鴿,5,"pigeon"
買,5,"buy"
厭,5,"be satisfied"
轧,5,"crush by weight"
執,5,"hold in the hand"
歡,5,"happy"
竊,5,"steal"
睨,5,"look askance at"
鹫,5,"condor"
錐,5,"awl"
戟,5,"halberd with crescent blade"
莱,5,"goosefoot"
遭,5,"come across"
樽,5,"goblet"
赘,5,"unnecessary"
僕,5,"servant"
廁,5,"toilet"
總,5,"collect"
鳴,5,"cry"
疚,5,"chronic disease"
踝,5,"ankle"
鲽,5,"flatfish"
掛,5,"hang"
橇,5,"a sledge for transportation"
僵,5,"stiff and motionless"
惶,5,"fearful"
巡,5,"patrol"
螂,5,"mantis"
莫,5,"do not"
頸,5,"neck"
桨,5,"oar"
減,5,"decrease"
囟,5,"top of the head"
終,5,"end"
腊,5,"year-end sacrifice"
剿,5,"destroy"
蘿,5,"creeping or trailing plants"
遽,5,"suddenly"
蹤,5,"footprint"
六,5,"six"
燭,5,"candle"
芬,5,"fragrance"
薑,5,"ginger"
梭,5,"weaver's shuttle"
荽,5,"coriander"
駝,5,"camel"
锣,5,"gong"
鄰,5,"neighbor"
宣,5,"declare"
刹,5,"temple"
逗,5,"tempt"
嚷,5,"shout"
獸,5,"beast"
惱,5,"be angered"
卓,5,"profound"
璧,5,"piece of jade with hole in it"
儀,5,"ceremony"
構,5,"form"
胚,5,"embryo"
喃,5,"keep talking"
笨,5,"foolish"
噸,5,"Classifier for metric ton."
岫,5,"mountain peak"
喘,5,"pant"
軟,5,"soft"
鬆,5,"disheveled"
沒,5,"not have"
蛆,5,"maggots"
揣,5,"put things under clothes"
漲,5,"rise"
篱,5,"bamboo or wooden fence"
鲹,5,"a horse mackerel"
拖,5,"haul"
鋪,5,"spread out"
疽,5,"ulcer"
褥,5,"mattress"
拗,5,"pull"
準,5,"water-level"
倌,5,"assistant in wine shop"
舆,5,"cart"
鴉,5,"crow"
雉,5,"pheasant"
啤,5,"beer"
酚,5,"carbolic acid"
阑,5,"door screen"
嬸,5,"paternal aunt"
銃,5,"blunderbuss"
鹏,5,"fabulous bird of enormous size"
馅,5,"pastry filling"
黛,5,"blacken eyebrows"
誕,5,"be born"
姬,5,"beauty"
侍,5,"serve"
紗,5,"yarn"
遺,5,"lose"
孜,5,"be as diligent as possible"
孤,5,"orphan"
蟻,5,"ant"
轿,5,"sedan-chair"
翰,5,"writing brush"
荆,5,"thorns"
驻,5,"be stationed at"
槭,5,"maple"
樱,5,"cherry"
鸿,5,"species of wild swan"
鉤,5,"hook"
邃,5,"profound"
蔓,5,"creeping plants"
掇,5,"collect"
隐,5,"hide"
蚌,5,"oysters"
