concept,species
leaf,13503
flower,12641
grass,7323
tree,6314
moss,5342
hair,4918
mountain,4248
seed,3370
yellow,3261
small,3202
fern,2933
orchid,2895
south,2845
fruit,2654
long,2347
ear,2277
big,2133
vine,2015
tooth,1988
white,1918
stone,1914
blue,1847
thorn,1837
red,1762
land,1738
gold,1666
west,1644
of,1617
short,1558
thread,1549
sea,1516
fragrant,1508
river,1494
purple,1492
bamboo,1455
cup,1442
root,1438
many,1433
water,1424
spring,1339
vegetable,1330
head,1319
bean,1266
horse,1243
tail,1243
false,1226
chrysanthemum,1223
stalk,1213
branch,1178
fine,1150
sharp,1127
dragon,1115
edge,1113
scale,1098
beauty,1095
cloud,1090
east,1047
green,1045
flat,1039
province,1027
black,1025
middle,1015
foot,979
rose,962
wet,960
lettuce,960
stream,938
three,934
pear,931
earth,925
plant,918
cliff,916
celery,913
willow,903
wing,902
sky,885
back,884
horn,866
guard,852
to,851
mouth,850
bitter,840
bone,814
oak,811
coarse,805
wood,792
two,791
wild,782
thick,780
yunnan,779
split,777
narrow,774
mugwort,766
phoenix,762
hemp,756
in,755
hide,749
stand,749
wind,748
star,716
wide,714
jade,709
round,708
take,707
grain,700
part,698
lotus,693
shape,692
feather,691
turn,688
tongue,682
cuckoo,682
platform,679
north,677
skin,667
lip,667
life,666
color,657
old,653
tea,653
winter,651
pearl,647
silk,635
hook,635
pass,626
report,626
light,620
four,618
sun,616
spur,609
plum,608
hot,603
fire,602
bell,600
post,600
bay,599
high,599
rush,599
little,590
tall,589
ball,588
bear,586
wool,580
vein,578
child,564
rice,556
snake,555
bright,550
hang,544
place,539
broad,538
dense,532
egg,525
iron,525
one,524
crow,524
curl,515
apple,508
thistle,506
bent,494
herb,493
loam,488
without,486
soft,484
forest,482
new,481
sand,480
first,475
ginger,475
ring,473
five,462
pine,458
reckless,456
cover,455
eye,453
under,449
crab,449
cow,448
bird,447
peace,443
great,441
straw,441
immortal,440
woman,436
series,436
bladder,435
hoof,430
peach,430
ash,428
thatch,427
strange,426
then,425
heart,425
divide,421
spider,414
gland,407
sweet,407
arrow,407
ground,402
thin,400
hard,398
wheel,398
square,393
stair,393
snow,390
away,390
city,387
berry,386
off,384
island,384
lake,382
cold,379
combine,371
single,368
hollow,367
gall,365
sparrow,362
spot,361
appear,359
ridge,359
butterfly,359
few,356
tiger,354
hand,354
rank,348
chestnut,348
(capsule),347
pull,343
sour,343
administrative,342
milk,340
mouse,339
medicine,334
love,331
ladder,329
beak,328
sheep,327
crooked,326
cloth,323
whole,322
silver,322
double,321
palm,320
ductile,314
man,312
hood,312
like,310
joint,308
adult,308
curve,306
autumn,306
half,305
fish,305
fall,301
wheat,300
beard,299
male,296
trumpet,295
alone,294
stick,293
scenery,293
cotton,290
cinnamon,288
crown,287
elegant,286
very,286
chick,286
chestnuts,286
lantern,283
bag,281
break,281
brow,280
begin,279
goose,278
smartweed,278
wave,277
melon,277
yam,277
pepper,276
crane,275
needle,274
onion,272
slender,271
reed,270
bend,269
large,268
sparse,267
over,265
pod,265
capital,264
revive,264
case,262
wart,260
through,259
oil,258
pattern,257
cassia,257
open,255
exceed,255
violet,254
or,254
distance,253
raspberry,252
powder,251
instrument,249
membrane,248
type,248
change,247
dynasty,247
you,245
hill,244
cypress,243
brocade,243
dog,242
creep,241
thousand,241
desire,240
crush,240
cork,240
cord,238
muscle,238
principle,238
hundred,238
stink,238
bush,237
shrub,234
tung,234
pig,233
japonicus,233
dark,232
ten,232
tiny,231
arm,230
clear,230
straight,229
rib,226
brother,226
calm,224
fir,224
garlic,223
fan,222
expensive,220
poplar,218
song,218
form,217
slope,217
join,217
dot,217
keel,217
field,216
artemisia,216
produce,214
hem,212
nouns,211
kind,211
hold,210
bulb,210
same,209
cinnabar,209
(native,208
hgs),208
rare,206
timber,204
blunt,203
claw,203
deer,203
boundary,203
fair,203
jujube,203
net,201
hole,201
crotch,200
embrace,200
shoot,200
orange,200
lie,200
whip,199
down,199
olive,198
pouch,197
maple,197
tube,194
pipe,194
shake,194
carry,193
thicket,192
naked,192
blood,192
ink,191
admit,191
crawl,190
elder,190
where,190
plate,189
rod,189
rabbit,189
dwarf,188
point,186
embroider,184
not,183
degree,183
twist,182
year,182
bristle,181
decide,181
spoon,180
collection,179
happy,179
offer,179
cut,178
town,178
belt,175
rough,175
tumor,174
together,174
gimlet,174
cross,173
flesh,173
mother,173
tribute,172
essence,172
roebuck,172
poison,170
omen,170
umbrella,170
common,169
twin,169
felicitous,169
respect,169
luxuriance,169
growth,169
weak,168
body,168
thrive,168
up,167
top,167
eight,167
way,166
swell,166
spear,166
sack,166
kite,166
ranunculus,166
'male',165
wrinkle,164
grape,164
measure,164
correct,163
reason,163
give,163
able,162
space,162
nine,162
pea,162
seven,162
leather,162
tadpole,162
bar,161
ethics,160
well,159
bud,159
wag,159
cress,159
wrap,158
far,158
road,158
monkey,158
exist,157
slave,156
beside,155
leek,155
bowl,154
coin,153
cattle,152
front,152
wine,150
happiness,149
ice,149
condole,149
nut,148
spike,148
fly,148
see,148
blade,147
fold,147
end,147
count,147
side,146
send,146
cart,146
tile,145
spread,145
chenopodium,145
album,145
leg,144
deep,144
whisker,144
amaranth,143
sickle,142
return,142
moon,141
wear,141
literature,141
rock,140
taro,140
source,139
frontier,139
peak,139
mad,139
line,138
fluid,138
be,138
smooth,138
treasure,138
stripe,137
distant,137
suburbs,137
fennel,137
shine,137
opening,136
endure,136
halberd,135
home,134
lucky,134
osmunda,134
regalis,134
heal,133
saw,132
bristly,132
radish,132
person,132
iris,132
lily,131
level,131
valley,130
salt,130
gram,130
finger,130
dew,130
strike,129
slice,129
qin,129
rye,129
sting,128
print,128
spirit,128
bubble,128
inhabit,127
think,127
stop,127
bead,127
pole,126
spleen,126
mallotus,126
military,125
coral,125
mud,124
thing,124
boat,124
cherry,124
nun,123
lime,123
good,123
shield,123
turban,122
look,122
cap,122
shade,121
tin,121
draba,121
worth,120
leave,119
shin,119
dry,119
bustard,118
ruin,118
pay,117
beast,117
bottle,116
shell,116
intestine,116
dye,116
meadowrue,116
rope,115
scatter,115
god,115
border,115
other,114
add,114
age,114
shaggy,114
stake,113
hoard,112
hubei,112
flies,112
snout,111
anchor,111
betel,111
imperial,111
mix,111
alkaline,111
law,110
keep,110
sesame,110
burn,110
manifest,110
loquat,110
louse,109
spine,109
pond,108
fuel,108
near,107
concave,107
vessel,107
kidney,107
country,107
screen,106
path,106
protect,106
(silk),105
beach,105
prosperous,105
locust,105
alum,105
slant,104
have,104
cook,104
cluster,104
hibiscus,104
scent,104
banyan,104
live,103
zhejiang,103
draw,103
complicated,103
real,103
dwell,102
birch,102
tribe,101
lack,101
tow,101
gilded,100
wax,100
sound,100
elm,100
baby,100
enter,100
gourd,99
found,99
out,99
fat,99
buddha,99
build,98
spindle,98
camphor,98
jasmine,98
pitch,97
early,97
phragmites,97
sword,96
bed,96
clover,96
assemble,95
even,95
maiden,95
glue,95
date,95
press,94
reverse,94
become,93
holy,93
battle,93
abundant,93
basin,93
image,92
anger,92
nest,92
thigh,92
thunder,92
wall,91
bare,91
prop,91
suitable,91
millet,91
that,90
third,90
daisy,90
bran,90
hat,89
mound,89
giant,89
smile,89
shame,89
agastache,89
rugosa,89
foam,89
comb,88
knot,88
daughter,88
animal,88
fork,88
broom,88
lemon,88
meadow,88
sunflower,88
algae,87
tend,87
floor,87
all,87
lean,87
vetch,87
band,87
smilax,87
(genus),87
ditch,87
cushion,86
low,86
doing,86
fin,86
mulberry,86
rust,85
strong,85
examine,85
weed,85
yew,84
issue,83
shrimp,83
against,83
snail,83
sister,83
box,83
ornament,83
pleat,82
agent,82
oval,82
at,82
corner,82
vomit,81
nose,81
separate,81
pot,81
class,81
ocean,81
wedge,81
tell,81
gain,80
terrace,80
womb,80
sphere,80
house,80
collect,80
fortune,80
appoint,80
move,79
cake,79
noble,79
pour,79
climb,79
female,79
hazel,79
core,79
tassel,79
turnip,79
port,78
the,78
set,78
tool,78
pure,78
people,78
smell,78
elshotria,78
paltrini,78
money,77
passive,77
indicate,77
'by',77
length,77
gut,77
varnish,77
neck,76
born,76
flow,76
revolve,76
upon,76
tremble,76
come,75
species,75
garden,75
kid,75
quail,75
full,74
lance,74
throat,74
visible,74
face,74
laughter,74
true,73
heavy,73
'female',73
no,72
smoke,71
strip,71
coil,71
urine,71
adhere,71
piece,71
film,71
row,71
elephant,71
trigon,71
currant,71
rot,70
delay,70
cat,70
defend,70
advance,69
name,69
axe,69
channel,69
above,69
taste,69
waist,69
metropolis,69
inclined,68
drought,68
summer,68
work,68
gorge,68
fool,68
ant,68
galingale,68
congratulate,67
humaneness,67
father's,67
eggplant,67
duck,67
patch,67
bind,66
below,66
food,66
persimmon,66
hairpin,66
scoop,66
this,65
young,65
sandalwood,65
goat,65
clan,65
hedge,65
clean,64
wad,64
insect,64
plow,64
testicle,64
nemerosa,64
pronoun,64
purge,64
gray,63
roof,63
son,63
penetrate,63
whirlwind,63
spice,63
sugar,63
kudzu,63
fox,63
excrement,63
world,63
much,62
crisp,62
follow,62
banana,62
oat,62
bump,61
variegated,61
parent,61
honey,61
range,60
fresh,60
stroke,60
six,59
helmet,59
drill,59
carve,58
search,58
shoe,58
arrive,58
course,58
crowd,57
dust,57
extend,57
king,57
bow,57
brush,57
purpose,57
fur,57
plume,57
oblique,56
hidden,56
view,56
barley,56
death,56
bad,56
card,55
master,55
cone,55
steep,55
unhusked,55
nemorosa,55
ivy,55
angel,55
circle,54
sudden,54
across,54
block,54
chamber,54
write,54
alder,54
mend,54
darnels,54
blow,53
before,53
night,53
sprout,53
maintain,53
sway,53
achieve,53
charcoal,52
around,52
wander,52
inside,52
swallow,52
flour,52
scissors,52
farmland,52
noise,52
obscene,52
bald,51
human,51
gum,51
slip,51
peony,51
pink,51
pleasant,51
mattock,51
overflowing,51
wolf,51
cane,51
flea,51
continue,50
sever,50
fill,50
lichee,50
crouch,50
right,50
labor,50
macacus,50
shore,49
hammer,49
chest,49
grow,49
extraordinary,49
mark,49
harmony,49
constant,49
bee,49
pavilion,49
string,49
knife,48
copper,48
sparkle,48
day,48
deed,47
lid,47
mutual,47
coriander,47
knee,47
eagle,47
with,47
embankment,47
agriculture,47
peat,46
angle,46
project,46
being,46
nerve,46
tangerine,46
still,46
ripening,46
sleep,46
intoxicated,46
hour,46
boot,46
ghost,46
armory,46
fiber,45
precious,45
glass,45
logical,45
ship,45
handle,45
act,45
pierce,44
sheath,44
hate,44
eyelash,44
germander,44
upright,44
enantiomeric,44
empty,44
dance,44
heap,44
scrambled,44
amomum,44
partition,43
warm,43
there,43
walk,43
protrude,43
less,43
active,43
mass,43
edible,43
vast,43
stump,43
replace,43
number,43
cool,43
know,42
close,42
hurt,42
nail,42
hut,42
different,42
action,42
spoke,42
extensive,42
plateau,42
belly,42
juniper,41
support,41
dig,41
may,41
plain,41
rack,41
wound,41
fog,41
any,41
numb,41
catnip,41
clever,40
owl,40
steal,40
clay,40
swarm,40
stout,40
time,40
dissected,40
rhubarb,40
beam,39
continent,39
propose,39
ray,39
kernellous,39
flag,39
soar,39
rely,39
soap,39
music,39
touching,39
ascend,38
relation,38
forelock,38
shop,38
scarlet,38
raft,38
fragrance,38
fungus,38
desert,38
pigeon,38
leech,38
political,38
party,38
made,37
contract,37
rest,37
chain,37
carp,37
gem,37
drag,37
multitude,37
sweep,36
error,36
free,36
shallow,36
go,36
scar,36
seat,36
underlayer,36
apricot,36
dish,36
midpoint,36
lot,36
bank,35
candle,35
cause,35
marriage,35
will,35
crystal,35
layer,35
father,35
obey,35
ancient,35
button,35
mean,35
pacify,35
moth,35
veil,34
verdant,34
triangular,34
chaste,34
cape,34
garum,34
armpit,34
twig,34
fist,34
stain,34
thyrsus,34
trough,34
sixty,34
wire,34
orach,34
room,34
vascular,34
gift,33
care,33
saddle,33
wise,33
fight,33
dull,33
plank,33
fujian,33
thatching,33
heat,33
camel,33
mangrove,33
swamp,32
rigid,32
wash,32
fertile,32
elliptical,32
tip,32
sinewy,32
as,32
steppe,32
each,32
birth,32
throw,32
run,32
paint,32
goosefoot,32
basket,32
cave,32
furrow,32
base,32
by,32
if,32
meal,32
scurfy,31
chin,31
strap,31
difficult,31
awl,31
extreme,31
blond,31
compare,31
foliage,31
say,31
waste,31
booty,31
arise,31
cough,31
rejoiced,30
speak,30
similar,30
sit,30
virtue,30
decorate,30
crest,30
nodding,30
wrestling,30
rain,30
van,30
hue,30
already,30
consider,30
lion,30
strawberry,30
bat,30
pan,30
buckwheat,30
ever,30
pomp,29
shut,29
snub,29
nor,29
sad,29
cloak,29
mosquito,29
strangle,29
cease,29
beet,29
model,29
punctuated,28
weaver's,28
shuttle,28
aurochs,28
swim,28
brown,28
do,28
肉豆蔻,28
nutmeg,28
eucalyptus,28
perfumed,28
peg,28
trust,28
wizard,28
receive,28
make,28
barbarian,28
leopard,28
itch,28
silkworm,28
prostrated,28
japonica,28
social,28
custom,28
wort,28
pity,27
race,27
thyme,27
neighbouring,27
member,27
luck,27
divine,27
rise,27
speed,27
carpenter's,27
on,27
for,27
cage,27
use,27
lung,27
conduct,27
put,27
profit,27
bark,26
apart,26
pack,26
somewhat,26
barbel,26
wrong,26
forward,26
boil,26
catalpa,26
book,26
mast,26
flame,26
zither,26
soil,26
special,26
art,26
dice,26
spherical,25
ease,25
step,25
andron,25
thief,25
covering,25
stockade,25
pasturage,25
center,25
pal,25
tick,25
blister,25
pale,24
swing,24
limp,24
minnow,24
resemble,24
weave,24
spin,24
skill,24
badge,24
bless,24
mock,24
surround,24
palace,24
canine,24
slow,24
executioner,24
transparent,23
threshing,23
glow,23
swift,23
bake,23
favor,23
hypericon,23
stretch,23
deity,23
ram,23
gentleman,23
furrowed,23
left,23
pray,23
felt,23
sovereign,23
dead,23
misfortune,23
mint,23
dusk,22
cure,22
quick,22
brook,22
about,22
broken,22
scorpion,22
rather,22
shovel,22
prick,22
toward,22
order,22
trunk,22
height,22
die,22
clam,22
paper,22
fig,22
rotate,22
parsnip,22
remote,22
confuse,22
caryopteris,22
divaricata,22
insult,21
ripe,21
blanching,21
juice,21
lukewarm,21
behind,21
and,21
foreign,21
buy,21
eaves,21
solid,21
sign,21
union,21
melia,21
chop,21
glutinous,21
loose,21
beech,21
suffer,21
store,21
beakstalk,21
peeled,21
descend,20
helmeted,20
float,20
wasteland,20
express,20
drip,20
brood,20
duckweed,20
bond,20
compete,20
penis,20
demon,20
want,20
tamarisk,20
gradual,20
humble,20
sudden(ly),20
pop,20
just,19
perpendicular,19
charm,19
courteous,19
craft,19
raise,19
appendage,19
tear,19
grove,19
digit,19
presiding,19
late,19
lizard,19
superior,19
compound,19
fast,19
victory,19
grind,19
gull,19
yoking,19
matter,19
crust,19
savage,19
honor,19
overflow,19
leak,19
forerunner,19
bottom,19
hare,19
plough,18
cylinder,18
outside,18
unexpected,18
why,18
load,18
fence,18
circular,18
mushrooms,18
chess,18
merchant,18
hump,18
pious,18
nourishment,18
bridge,18
limb,18
sorrel,18
into,18
esteem,18
balance,18
hawthorn,18
frame,18
thesis,18
sieve,17
intersection,17
jar,17
(element,17
actual,17
worm,17
pile,17
between,17
rich,17
mane,17
insert,17
hall,17
excellent,17
knock,17
bolt,17
self,17
kiss,17
altar,17
wonder,17
vulgar,17
bleating,17
opal,17
district,17
frost,17
sown,17
wooly,17
fear,17
rub,17
shard,17
concern,17
complete,17
fetter,17
gardenia,17
sow,17
mistletoe,17
flood,16
some,16
drunk,16
census,16
oread,16
tide,16
diminish,16
luxuriant,16
again,16
column,16
friend,16
radiated,16
own,16
parsley,16
hellebore,16
quarrel,16
drum,16
spire,16
govern,16
courtyard,16
mat,16
notch,16
strife,16
bunch,16
coffee,16
pennycress,16
vulture,16
lioness,16
agree,15
second,15
crenulate,15
saffron,15
inlet,15
crowned,15
married,15
hear,15
fetters,15
neon,15
stuff,15
angle.,15
sail,15
bosom,15
laurel,15
sessile,15
lyre,15
flip,15
yoke,15
play,15
bite,15
anhui,15
bread,15
dried,15
hop,15
dichotomous,15
caterpillar,15
linen,15
expect,15
mango,15
evergreen,15
hazelnut,15
bride,15
morphine,15
enmesh,15
genus,15
leucaena,15
pin,14
cylindrical,14
ic,14
quiet,14
substance,14
insatiable,14
promise,14
cicada,14
guilt,14
dad,14
poor,14
drain,14
turtle,14
simple,14
distinct,14
arborophila,14
(various),14
oasis,14
(ago),14
sheet,14
commerce,14
carassius,14
auratus,14
melt,14
baneberry,14
myrtle,14
contorted,13
enclosure,13
moderate,13
spiral,13
injure,13
lump,13
roll,13
spar,13
twenty,13
delicate,13
donkey,13
voice,13
yield,13
inn,13
stem,13
viscous,13
club,13
gamble,13
grease,13
rampart,13
sulfur,13
boss,13
freeze,13
seek,13
marigold,13
guardian,13
soup,13
soul,13
daphne,13
tortoise,13
deceptive,12
proliferous,12
breast,12
destroy,12
here,12
pus,12
porcupine,12
air,12
beat,12
arch,12
ancestor,12
odor,12
pit,12
variable,12
scholar,12
imitate,12
recommend,12
distress,12
rip,12
ox,12
furze,12
agitation,12
toad,12
help,12
burdock,12
bipinnate,12
profane,12
partridge,12
dart,12
corridor,12
genkwa,12
pomelo,12
capture,12
fastigiate,11
within,11
polite,11
pudendum,11
grant,11
pain,11
pheasant,11
entangled,11
cling,11
please,11
paste,11
curtain,11
bury,11
crucified,11
water's,11
nearby,11
show,11
church,11
normal,11
relationships,11
investigate,11
fireplace,11
page,11
acacia,11
village,11
lentil,11
fracture,11
magpie,11
pottery,11
curtailed,11
bile,11
deadnettle,11
bewitch,11
martagon,11
accumulate,11
deceit,11
dredge,11
disperse,11
radon,11
ember,11
submerge,11
brain,11
lever,11
anus,11
tatars,11
roast,11
damage,11
one's,10
history,10
strict,10
carried,10
consanguineous,10
fallow,10
super,10
ventricose,10
irrigate,10
uncovered,10
equipped,10
unite,10
krypton,10
peperomia,10
sink,10
nature,10
bloom,10
nation,10
let,10
glory,10
who,10
proud,10
dagger,10
war,10
helleborine,10
heron,10
flute,10
lamp,10
gun,10
unit,10
stipulated,10
chaff,10
perennial,10
soak,10
cleanse,10
coir,10
cereal,10
widowed,10
soothe,10
waterfall,10
majestic,10
lay,10
grunt,10
hayrack,10
flax,10
dandy,10
buckthorn,10
limnophilous,10
nutrition,10
sect,9
both,9
court,9
dirty,9
plot,9
calcium,9
20,9
plane,9
torch,9
pallidum,9
door,9
approach,9
persuade,9
generation,9
murder,9
bathe,9
swear,9
jump,9
knob,9
cast,9
mule,9
present,9
humulus,9
feel,9
command,9
dive,9
roar,9
pick,9
relatives,9
bristled,9
chair,9
dragoness,9
cotoneaster,9
burnet,9
jack,9
rouge,9
groove,9
leap,9
cheese,9
ferry,9
filthy,9
rhino,9
purslane,9
garret,9
cistanche,9
deserticola,9
diabetes,9
held,8
parasite,8
thirds,8
mixture,8
ounce,8
fleece,8
shoulder,8
disease,8
interest,8
flaw,8
assist,8
scalloped,8
remove,8
floccose,8
always,8
mind,8
pittosporum,8
soldier,8
screw,8
she,8
parrot,8
wreath,8
miserable,8
harm,8
pliable,8
dragonfly,8
unusual,8
expenses,8
mine,8
lock,8
ape,8
mystery,8
indigo,8
cultivate,8
cuttlefish,8
temple,8
win,8
enlighten,8
wisdom,8
mirror,8
drive,8
mealy,8
chew,8
comply,8
dawn,8
affair,8
spurge,8
learn,8
rupture,8
orangutan,8
myrrh,8
guest,8
rhomboidal,8
cabbage,8
group,8
woad,8
practice,8
word,8
mullein,8
eternal,8
eel,8
grasp,8
angelica,8
last,8
centaurium,8
ache,8
odeon,7
kneel,7
whether,7
beer,7
comparative,7
drift,7
corroded,7
window,7
dip,7
stock,7
grace,7
serpent,7
modified,7
rule,7
cavity,7
bulge,7
connect,7
truncated,7
entire,7
property,7
triumphant,7
verse,7
stelleriana,7
inlay,7
leprosy,7
fame,7
hardwood,7
pyramidal,7
pellet,7
mildew,7
quadrangular,7
stomach,7
inkstone,7
container,7
grasshopper,7
sambuca,7
player,7
key,7
lame,7
royal,7
note,7
seedlings,7
modius,7
musk,7
breathe,7
zero,7
frog,7
cheap,7
justice,7
unseen,7
adjoining,7
huge,7
tendon,7
fright,7
forget,7
egret,7
his,7
obtain,7
prison,7
gravel,7
kerria,7
cinquefoil,7
buttocks,7
laoshan,7
stipulate,7
rake,7
sell,7
earthworm,7
christ,7
expand,7
amber,7
reach,7
grandfather,7
coronarium,7
cavern,7
fix,6
sew,6
bucket,6
bound,6
invisible,6
bidentate,6
tortuous,6
cell,6
current,6
tub,6
nibble,6
lift,6
allow,6
sibling,6
speech,6
procedure,6
radiant,6
instance,6
sponge,6
quadrangle,6
mill,6
lava,6
heteroclitic,6
incarnation,6
uproot,6
almond,6
debate,6
ceiling,6
eat,6
spade,6
lost,6
defect,6
sassafras,6
tzumu,6
gong,6
hawk,6
viviparous,6
colon,6
feed,6
ivory,6
pincers,6
withered,6
plague,6
chinense,6
papyraceous,6
crag,6
eyeball,6
boor,6
thought,6
state,6
stonecrop,6
inherit,6
companion,6
temper,6
jiangxi,6
yoked,6
oriole,6
street,6
willing,6
stricken,6
bog,6
market,6
final,6
suck,6
loud,6
cock,6
16,6
glad,6
unequal,6
cricket,6
thirst,6
teach,6
defendant,6
marble,6
finch,6
citrus,6
papyrus,6
bachelor,6
lying,6
profound,6
unborn,6
tame,6
tie,6
rag,6
idea,6
condition,6
shrublike,6
strive,6
doubling,6
consume,6
drumstick,6
relax,6
yi,6
(nationality),6
potato,6
steam,6
ugly,6
everywhere,6
hemlock,6
stork,6
dine,6
evening,6
alkalis,6
(mangifera,6
indica),6
numerary,6
adjunct,6
woof,6
splendid,6
mimic,6
vegetation,6
rainbow,6
hernia,6
brick,6
sulphur,6
basil,6
aunt,6
dysentery,6
ask,6
feces,6
henbane,6
oregano,6
ginseng,6
lunar,6
constitute,6
radiation,6
tablet,6
woven,5
tension,5
unguiculate,5
relief,5
rural,5
font,5
squirm,5
often,5
rocket,5
diverging,5
opposite,5
direction,5
upset,5
dove,5
secret,5
girdled,5
choice,5
several,5
courage,5
fleetfooted,5
table,5
pimple,5
incense,5
peacock,5
mushroom,5
thank,5
shingles,5
strength,5
rebellion,5
laugh,5
adequate,5
capable,5
neighbor,5
reservoir,5
adjacent,5
pedestal,5
lamb,5
loropetalum,5
pail,5
pillow,5
success,5
bishop,5
earthquake,5
cartilaginous,5
talent,5
lead,5
pursue,5
caltrop,5
gudgeon,5
coast,5
kin,5
spelt,5
yes,5
child's,5
governess,5
vegetarian,5
diet,5
tomorrow,5
lateral,5
joke,5
sigh,5
pause,5
hempen,5
sure,5
save,5
warrior,5
lightning,5
from,5
monastery,5
continuous,5
diandrous,5
family,5
thunderclap,5
tune,5
million,5
clove,5
ramiflorous,5
vagina,5
scratch,5
butter,5
mama,5
avoid,5
apetalous,5
triangle,5
repeatedly,5
sedan,5
but,5
barium,5
goblet,5
call,5
resolute,5
viburnum,5
should,5
treat,5
unpleasant,5
nebula,5
scheme,5
astringent,5
signboard,5
what,5
perch,5
arrest,5
mist,5
deceive,5
varicolored,5
study,5
bane,5
javelin,5
marginal,5
granular,4
tilt,4
goddess,4
sacred,4
uneven,4
hostile,4
controversial,4
most,4
find,4
filamentous,4
ban,4
pustule,4
cruel,4
gentle,4
seductive,4
loveable,4
conjunction,4
sparticle,4
sharpened,4
skull,4
weevil,4
coconut,4
roughened,4
tropical,4
touch,4
chaos,4
mother's,4
pisiform,4
snarl,4
heterogeneous,4
mute,4
vineyard,4
article,4
aquatic,4
pen,4
tentacle,4
tawny,4
trillium,4
shove,4
ambrosia,4
conceal,4
frugal,4
slag,4
allure,4
associate,4
material,4
convolvulus,4
board,4
candelabrum,4
eminent,4
clod,4
aconite,4
bryony,4
ceremony,4
tinkling,4
doubled,4
mime,4
cocoon,4
brilliant,4
bit,4
shoemaker's,4
tragacanth,4
skirt,4
crack,4
cauldron,4
shadow,4
tobacco,4
sensitive,4
restharrow,4
bellows,4
10th,4
entwine,4
braid,4
curative,4
fourfold,4
seal,4
why?,4
usual,4
how,4
anvil,4
reefing,4
sterile,4
prominent,4
granary,4
tesselated,4
emulate,4
wickerwork,4
bowstring,4
urchin,4
raphe,4
cartilage,4
picture,4
uterus,4
upwards,4
flight,4
allium,4
arnica,4
balsam,4
seining,4
coëst,4
lineage,4
hepatic,4
share,4
clematis,4
orient,4
honest,4
brave,4
force,4
indulge,4
when,4
bench,4
hinge,4
marten,4
bountiful,4
sequence,4
friendship,4
walnut,4
bream,4
barbarians,4
lacunose,4
weep,4
crackle,4
bestial,4
aquiline,4
berried,4
violent,4
acute,4
accent,4
sweat,4
variety,4
bivalves,4
organ,4
privet,4
anoint,4
outwards,4
bifurcate,4
dock,4
stitch,4
match,4
web,4
object,4
collapse,4
wintergreen,4
chief,4
hull,4
pedicel,4
confluence,4
siphon,4
speedwell,4
loins,4
oblong,4
carrot,4
famous,4
deputy,4
dear,4
seseli,4
fleabane,4
eliminate,4
polypody,4
downwards,4
ileus,4
18th,4
mansion,4
loyalty,4
need,4
widow,4
boy,4
throne,3
urn,3
undergarment,3
multicoloured,3
more,3
tris,3
hyperborean,3
blanket,3
bombast,3
voyage,3
reddening,3
infant,3
notable,3
resist,3
drab,3
garment,3
hoarseness,3
gravelly,3
collar,3
firm,3
dialect,3
scrap,3
parrotfish,3
emerald,3
shortened,3
symphysis,3
cogon,3
booklet,3
pronged,3
prostitute,3
arrange,3
darling,3
mace,3
vesiculose,3
conjugate,3
diameter,3
resinous,3
pestle,3
pendant,3
only,3
ribbon,3
brasenia,3
figure,3
anise,3
slight,3
immersed,3
kinsman,3
globule,3
quality,3
ovum,3
your,3
ly,3
wipe,3
alligator,3
calamus,3
declare,3
cuckoopint,3
mixture.,3
grainfield,3
mantis,3
adorn,3
fortified,3
rasp,3
cheekbone,3
quiver,3
drawn,3
prefecture,3
glutton,3
rhombus,3
tigrine,3
bust,3
ploughed,3
ploughman,3
almost,3
caraway,3
thrice,3
pyre,3
butt,3
liquid,3
bundle,3
secrete,3
rail,3
sprinkle,3
drooping,3
saxifrage,3
area,3
buck,3
viniferous,3
leader,3
cyperus,3
malaccensis,3
pickled,3
saliva,3
pending,3
dough,3
flank,3
salinity,3
morning,3
amphora,3
refuse,3
anxiety,3
chickpea,3
squamulose,3
fry,3
stiff,3
travel,3
hardened,3
amethyst,3
tufted,3
loop,3
wish,3
include,3
ptarmigan,3
kingfisher,3
landlady,3
cautious,3
sidelong,3
he,3
regular,3
especially,3
nervous,3
sing,3
savory,3
deccan,3
pleasure,3
abnormal,3
woodpecker,3
bug,3
toe,3
arisen,3
vary,3
lightened,3
awning,3
avian,3
farmeress,3
chariot,3
uniform,3
wavily,3
evil,3
tent,3
slim,3
highway,3
renal,3
horse's,3
antennae,3
siliquose,3
fever,3
hope,3
newt,3
celandine,3
transplant,3
fumarium,3
urinating,3
hindered,3
shift,3
contend,3
fraternal,3
origin,3
trustworthy,3
flint,3
omer,3
tapestry,3
tripe,3
chisel,3
pretend,3
mortar,3
urge,3
stimulating,3
confucian,3
cry,3
oleaster,3
suburb,3
crop,3
felting,3
auricular,3
necklace,3
indeed,3
dun,3
cucumber,3
serrated,3
answer,3
meditate,3
napkin,3
butcher,3
coccus,3
adic,3
yesterday,3
cancerwort,3
particle,3
prim,3
pistachio,3
mustache,3
trifoliate,3
manna,3
plebeian,3
syriacus,3
mignonette,3
evade,3
coward,3
chorus,3
graphite,3
chaffy,3
me,3
spinach,3
midriff,3
fortress,3
firebrand,3
radiates,3
character,3
transliteration,3
arrowhead,3
hams,3
carefully,3
buckle,3
halved,3
desk,3
dream,3
femininizes,3
centaury,3
lichwort,3
power,3
funnel,3
discus,3
poultice,3
horehound,3
cranium,3
alexanders,3
eryngo,3
abdomen,3
month,3
aster,3
substitute,3
chamomile,3
lap,3
coalesce,3
item,3
cocklebur,3
ebony,3
sporocarp,3
peel,3
chilly,3
weight,3
amiable,3
momentum,2
ago,2
metrical,2
finished,2
bill,2
tri,2
slash,2
abundance,2
elevate,2
spearhead,2
pony,2
perceive,2
lookout,2
hoarse,2
diurnal,2
woodland,2
superlative,2
previous,2
sacrificial,2
hermaphrodite,2
squirrel,2
strumous,2
reflex,2
featherlet,2
hilly,2
typical,2
deverbal,2
brief,2
observe,2
mount,2
thrifty,2
shaft,2
release,2
emmer,2
disobey,2
escheat,2
tuna,2
cavernous,2
stable,2
inverted,2
withdrawal,2
plica,2
droplet,2
private,2
apprehended,2
trapezoid,2
headband,2
behold,2
whirl,2
chameleon,2
raw,2
meat,2
moist,2
buried,2
magic,2
pacification,2
fasten,2
admire,2
steel,2
unskilled,2
osmosis,2
fattened,2
twelve,2
polish,2
trick,2
file,2
dim,2
gangue,2
anodyne,2
stumble,2
emerge,2
marshmallow,2
placenta,2
marbled,2
greaved,2
android,2
panther,2
thanksgiving,2
intricate,2
halve,2
festival,2
columnar,2
delicious,2
meet,2
poppyhead,2
helot,2
mingled,2
spatulate,2
decomposed,2
moat,2
plundering,2
diffuse,2
prosper,2
school,2
quadrifid,2
houseleek,2
shaving,2
irritation,2
phile,2
satin,2
sulphurous,2
pomace,2
manure,2
hoarfrost,2
disfigure,2
peanut,2
vault,2
hillside,2
dittany,2
florid,2
joy,2
odd,2
sesamoid,2
medick,2
gown,2
pinch,2
slide,2
seventh,2
motion,2
contest,2
compass,2
auction,2
disorderly,2
wiki,2
trousers,2
mow,2
is,2
castrated,2
hunger,2
servant,2
aqueduct,2
latticed,2
hay,2
discard,2
refined,2
grouse,2
zebra,2
trip,2
surge,2
galangal,2
bipartite,2
ef,2
wan,2
marrow,2
unlike,2
exhaust,2
waterwort,2
foraminate,2
turbaned,2
bilateral,2
reveal,2
pebble,2
haughtily,2
sexual,2
fetch,2
teasel,2
jaw,2
viticultural,2
ryegrass,2
figurative,2
accuse,2
doum,2
solitary,2
pressure,2
ovine,2
fortunate,2
depart,2
voluntary,2
equilateral,2
muzzle,2
mead,2
mourn,2
descent,2
polluted,2
differ,2
flash,2
aerial,2
broomstick,2
granulous,2
were,2
asphodel,2
coal,2
ambiguous,2
nanotech,2
victorialis,2
cockroach,2
alternate,2
delight,2
perform,2
albugo,2
infamy,2
aid,2
habitat,2
gloom,2
somniferous,2
cipher,2
doubt,2
reflect,2
pat,2
renew,2
pumice,2
temporal,2
burnt,2
immortelle,2
tonsillitis,2
colony,2
ringlet,2
trace,2
youth,2
plug,2
siege,2
shiny,2
horizon,2
hoe,2
crabapple,2
thunderstorm,2
cyclamen,2
seem,2
wallet,2
ply,2
daishan,2
sated,2
entwined,2
stimulus,2
pentagonal,2
cities,2
restore,2
twigs,2
strait,2
scutum,2
hack,2
flexible,2
bird's,2
.,2
geometrical,2
triturated,2
writhing,2
hexagonal,2
dome,2
crash,2
encampment,2
arbutus,2
office,2
spurt,2
quadruped,2
razorfish,2
blistered,2
represent,2
leprous,2
decree,2
shelter,2
bittersweet,2
hunt,2
dung,2
pledge,2
huckster,2
edit,2
solar,2
pearly,2
mercurial,2
northwestern,2
compel,2
coerce,2
granadilla,2
tuft,2
perforation,2
bridle,2
redstem,2
tormenting,2
froth,2
gore,2
expectant,2
staff,2
purulent,2
protium,2
balloon,2
vat,2
ham,2
vervain,2
flail,2
alison,2
senile,2
decline,2
silicle,2
pepperwort,2
satisfy,2
plinth,2
turreted,2
jet,2
tartarian,2
bistort,2
whitlow,2
viper,2
william,2
product,2
exclamatory,2
catchfly,2
chalk,2
trifling,2
bookcase,2
lappago,2
tenth,2
oxeye,2
dike,2
diverge,2
storksbill,2
organized,2
apex,2
sincere,2
gens,2
cot,2
beckon,2
labrador,2
stare,2
exceedingly,2
halo,2
popular,2
ovary,2
tubule,2
cran,2
bovine,2
reptile,2
cephalic,2
element,2
cheek,2
sought,2
reward,2
urnlet,2
saint,2
dogbane,2
conger,2
echo,2
theatrical,2
tire,2
comfrey,2
groundcherry,2
jerusalem,2
sebesten,2
wake,2
gazelle,2
cymbal,2
virginia,2
childhood,2
honeybee,2
personal,2
crepe,2
pennyroyal,2
betony,2
ironwort,2
geo,2
snipe,2
shiver,2
scorching,2
dill,2
genuflected,2
lambkin,2
snakehead,2
eth,2
cud,2
centaur,2
begonia,2
wicked,2
subter,2
(under,2
tapeworm,2
industry,2
goldenrod,2
patient,2
honeysuckle,2
establish,2
published,2
parch,2
dislike,2
lair,2
locate,2
interposed,2
asafoetida,2
unrolled,2
central,2
passage,2
riverbank,2
shatter,2
i.d.,2
tag,2
seine,2
transport,2
record,2
fenugreek,2
draft,2
footpaths,2
today,2
sir,2
ijssel,2
noticeable,2
dispute,2
safe,2
excuse,2
girdle,2
luck(ily),2
calf,2
threshold,2
trachoma,2
along,2
invade,2
meritorious,2
symmetric,1
sift,1
monochrome,1
withering,1
attempt,1
brine,1
archangel,1
porridge,1
cousin,1
vermiferous,1
soon,1
hindrance,1
greensward,1
instillation,1
crease,1
carcass,1
barbershop,1
advocate,1
done,1
backward,1
reminder,1
disloyal,1
interchange,1
durable,1
stoop,1
moderated,1
reversing,1
clavellate,1
cyclops,1
censure,1
pliant,1
lunula,1
escort,1
epic,1
idiot,1
volute,1
addition,1
inhabitant,1
contradict,1
motorcycle,1
azole,1
swine,1
duped,1
interwoven,1
refilled,1
multifid,1
seaweed,1
breed,1
funereal,1
ravine,1
copy,1
magnolia,1
dress,1
assistant,1
also,1
er,1
nymphaeum,1
leatherwork,1
lone,1
price,1
priest,1
we,1
oculate,1
persea,1
spearmint,1
nautical,1
coeval,1
psoas,1
equinoctial,1
fishhook,1
placard,1
scalp,1
equivalent,1
catenary,1
anointed,1
bland,1
tunny,1
bandage,1
freckled,1
plait,1
plover,1
application,1
man's,1
crepidate,1
purse,1
uniformity,1
prow,1
rupturewort,1
sleeve,1
anguish,1
irregularity,1
nausea,1
ride,1
horseback,1
soldierly,1
sustenance,1
forceps,1
equestrian,1
gloss,1
felled,1
triad,1
medlar,1
diarrhea,1
shout,1
obscure,1
bronchi,1
mattress,1
decussated,1
entanglement,1
candlewick,1
couch,1
surface,1
kamchatka,1
seize,1
zinc,1
trowel,1
whorl,1
equalized,1
beancaper,1
carob,1
orphan,1
grave,1
nilotic,1
silent,1
tendons,1
log,1
smelt,1
accept,1
circuit,1
fortifying,1
pike,1
impoverished,1
despised,1
cue,1
roam,1
talus,1
boulder,1
semicircular,1
rivet,1
scarab,1
thirty,1
pulse,1
enemy,1
asp,1
splatter,1
agility,1
eleven,1
laburnum,1
bombastic,1
dowry,1
esparto,1
departure,1
labial,1
bean.,1
cedar,1
haggler,1
globuliferous,1
glen,1
tenant,1
bandits,1
nominalizer,1
pineapple,1
sawdust,1
agglomeration,1
indivisible,1
stilts,1
poet,1
hemina,1
southeast,1
foxtail,1
metalliferous,1
pediform,1
manger,1
sufficient,1
litter,1
transverse,1
destitute,1
attach,1
inebriation,1
lyrical,1
heartily,1
avena,1
nuda,1
dissembler,1
denude,1
native,1
filial,1
piety,1
fisherman,1
direct,1
perforated,1
nard,1
approximate,1
foraging,1
prolonging,1
expose,1
bogus,1
particular,1
ungulate,1
target,1
attract,1
overseer,1
wheelbarrow,1
equally,1
ire,1
diversify,1
oily,1
repeat,1
progeny,1
icicle,1
nostril,1
constriction,1
hurl,1
internode,1
shirt,1
dregs,1
adapt,1
enriched,1
vigor,1
zizania,1
latifolia,1
aromatic,1
spy,1
aloe,1
bakeri,1
pankration,1
angularize,1
buttercup,1
acetabuliform,1
yardlong,1
indistinct,1
flyswatter,1
slavery,1
submerged,1
sacristan,1
necessity,1
oppose,1
irritate,1
inland,1
oxalic,1
anticipate,1
sane,1
virgin,1
fumatory,1
earliest,1
bleed,1
fivefold,1
corn,1
chocolate,1
sargo,1
udder,1
novena,1
farm,1
unaccustomed,1
fleshhook,1
episcopal,1
wolfsbane,1
mangler,1
calamine,1
virginsbower,1
quarry,1
humiliate,1
lithium,1
3,1
chopsticks,1
fumitory,1
destructive,1
neighbour,1
criminal,1
footprints,1
transfer,1
butcher's,1
anserine,1
farro,1
dubious,1
such,1
kindle,1
avens,1
transitory,1
hair.,1
feast,1
shrubby,1
illuminate,1
graft,1
po,1
firethorn,1
weft,1
hyena,1
servile,1
unnamed,1
combmaker.,1
operate,1
official,1
sibbaldia,1
peninsula,1
ellipsis,1
osmium,1
worn,1
spiraea,1
stride,1
unripe,1
ne,1
zelkova,1
mul,1
shrubs,1
putrefying,1
lose,1
choke,1
public,1
macron,1
aviculturist,1
crowlet,1
trickster,1
which,1
anymore,1
gunpowder,1
ankle,1
recover,1
zealous,1
pouzolz,1
wick,1
obeisance,1
fenestrated,1
sheoak,1
flatfish,1
squash,1
elaterium,1
liquor,1
mercury,1
80,1
manchu,1
tubergourd,1
daw,1
humerus,1
arboretum,1
disagreeing,1
moderation,1
hostage,1
gifts,1
parietal,1
needlelet,1
journey,1
gregarious,1
petasites,1
decay,1
cnidarian,1
extravagant,1
buttress,1
shave,1
ambush,1
emblic,1
screech,1
interrogative,1
bellapple,1
leprose,1
blast,1
weather,1
corkscrew,1
rear,1
phylum,1
impregnation,1
fierce,1
tufts,1
shit,1
habituate,1
mamma,1
canoe,1
falsehood,1
regal,1
pelargonium,1
cornice,1
scold,1
wand,1
when?,1
cheeselet,1
fragment,1
intend,1
balsamic,1
iamb,1
defeat,1
malabathrum,1
lard,1
thud,1
errant,1
seep,1
dimorphic,1
whistle,1
oxhide,1
(away),1
exotic,1
laurulus,1
crazy,1
heaven,1
winecup,1
august,1
puffball,1
carapace,1
behavior,1
equality,1
hostess,1
possess,1
expert,1
they,1
route,1
mezereon,1
nectar,1
celebrate,1
medium,1
hasten,1
austrian,1
matronly,1
candytuft,1
london,1
impost,1
iceland,1
sense,1
sunshine,1
nepalese,1
smart,1
gate,1
propped,1
scottish,1
asiatic,1
bristles,1
jagged,1
maltese,1
gauze,1
clothe,1
pubic,1
spurrey,1
chickweed,1
mesogastric,1
prince,1
wales,1
physician,1
involve,1
orache,1
geranium,1
habit,1
poke,1
una,1
de,1
gato,1
cactus,1
pride,1
rochester,1
unclear,1
abbot,1
atheist,1
cornucopia,1
circularly,1
consumption,1
miniature,1
prepare,1
excentrodendron,1
hsienmu,1
pant,1
stairmaker,1
muntjac,1
alien,1
rival,1
circumambulation,1
thermal,1
merlin,1
cheer,1
exert,1
hydride,1
inhabited,1
sapphirine,1
azalea,1
bath,1
forbid,1
delusion,1
blink,1
passable,1
snowline,1
indissoluble,1
boar,1
conspicuous,1
millipede,1
worse,1
select,1
eternity,1
moustache,1
unconquered,1
praiseworthy,1
beloved,1
coagulate,1
planet,1
excelling,1
primary,1
modest,1
countryside,1
sowing,1
pie,1
chaplet,1
increase,1
ploughing,1
chlorine,1
asperula,1
brightest,1
liberian,1
cleavers,1
sweetscented,1
fen,1
deaf,1
dewlap,1
now,1
rhinoceros,1
pair,1
mille,1
trigger,1
valerian,1
prism,1
haul,1
altogether,1
plaything,1
articular,1
rudder,1
marquis,1
varicose,1
crucible,1
reprisal,1
shed,1
sight,1
ignatius,1
student,1
expel,1
talk,1
main,1
villa,1
emetic,1
weightless,1
unbecoming,1
alkanet,1
borage,1
pustulous,1
account,1
kitchen,1
xenon,1
belladonna,1
nocturnal,1
enclosed,1
hen,1
matrimony,1
ruthenium,1
mandrake,1
soda,1
buffalo,1
carolina,1
horsenettle,1
texas,1
tomato,1
kangaroo,1
suckle,1
suspend,1
forsythia,1
rubidium,1
hermit,1
concourse,1
bashful,1
titanated,1
rite,1
snapdragon,1
waterhyssop,1
foxglove,1
horsefly,1
uncompleted,1
undulate,1
busy,1
fustic,1
imminent,1
steward,1
moldavian,1
latesummer,1
weasel,1
cymbals,1
sober,1
dewfall,1
lowest,1
crook,1
engraving,1
oswego,1
bergamot,1
kill,1
agrarian,1
medical,1
turmoil,1
mole,1
plectrum,1
skullcap,1
charge,1
adulterous,1
nearest,1
dartos,1
broomrape,1
inedible,1
judge,1
excite,1
meteorological,1
dropsy,1
woodcock,1
tantalum,1
stubborn,1
shroud,1
stroll,1
taunt,1
harrow,1
pork,1
exulted,1
pyramid,1
baptist,1
trial,1
apparent,1
freedom,1
enjoy,1
harass,1
bray,1
bittercress,1
resin,1
cellar,1
foul,1
appease,1
lawn,1
marshpenny,1
laserwort,1
dissolve,1
parched,1
cerulean,1
peta,1
lapse,1
hedgeparsley,1
fissure,1
wanton,1
lye,1
naupaka,1
sneezewort,1
everlasting,1
archive,1
wormwood,1
annie,1
gruel,1
averted,1
bring,1
starwort,1
costus,1
vertebrate,1
graecum,1
our,1
azure,1
brand,1
otter,1
fluctuation,1
guernsey,1
yellowtops,1
gallant,1
lingual,1
gnome,1
colophon,1
artichoke,1
exercise,1
bisected,1
manhood,1
urban,1
steely,1
loin,1
wait,1
game,1
posterior,1
multiform,1
butterbur,1
feverfew,1
uterine,1
practitioner,1
proof,1
viscera,1
susan,1
contain,1
rainstorm,1
longship,1
thither,1
quarters,1
exile,1
nitrogen,1
thrust,1
subleathery,1
glittering,1
senator,1
khaki,1
cinerarium,1
abbreviator,1
gnashing,1
damnable,1
jaundice,1
sin,1
herd,1
grief,1
shorn,1
saleable,1
coltsfoot,1
snowball,1
vibrate,1
tomb,1
cream,1
pincushions,1
accidentally,1
biform,1
scouring,1
rattlesnake,1
filmy,1
troublesome,1
shoestring,1
actinium,1
creticus,1
roost,1
majesty,1
remain,1
thrown,1
mariana,1
therefore,1
decisive,1
thereafter,1
vermiform,1
ere,1
vicinity,1
unadorned,1
juvenile,1
ostrich,1
perceptible,1
vice,1
intermixed,1
consecrated,1
receding,1
hero,1
aleutian,1
teratological,1
calfskin,1
can,1
duration,1
rut,1
marjoram,1
consanguine,1
monarch,1
beribboned,1
conceive,1
supreme,1
drop,1
styloglossal,1
alluvial,1
oldfashioned,1
weigelia,1
roused,1
unicorn,1
indehiscent,1
breath,1
flask,1
seductress,1
sausage,1
superficial,1
millstone,1
soursop,1
custard,1
queen,1
condyle,1
piracy,1
whale,1
testicles,1
hemorrhoids,1
citizen,1
seam,1
rape,1
tonsilitis,1
kochia,1
sodium,1
passerine,1
crumb,1
saltmarsh,1
blite,1
palay,1
stingily,1
cooperate,1
titan,1
tunnel,1
swirl,1
colander,1
southwest,1
chiton,1
surfeit,1
sump,1
terebinth,1
padlock,1
cobwebby,1
nourishing,1
ratify,1
roe,1
shoelace,1
decrease,1
campion,1
crevice,1
dam,1
perpetual,1
lilac,1
dolphin,1
yard,1
calamint,1
ribboned,1
rein,1
angustiseptal,1
plants.,1
brutalized,1
mug,1
philadelphia,1
nepal,1
jewel,1
proto,1
abstain,1
biennial,1
beeblossom,1
endeavor,1
armored,1
disturb,1
arable,1
thompson,1
hip,1
crocus,1
ship's,1
tackle,1
underground,1
arouse,1
abyss,1
unhappy,1
