kind,term,species
grammar,"case",267
grammar,"form",217
grammar,"like",102
grammar,"stem",13
grammar,"sense",1
a name,"song",218
a form,"kernellous",39
a form,"shrublike",6
a form,"conjunction",4
a form,"heterogeneous",4
a form,"curative",4
a form,"bountiful",4
a form,"mansion",4
a form,"undergarment",3
a form,"hoarseness",3
a form,"gravelly",3
a form,"parrotfish",3
a form,"resinous",3
a form,"ly",3
a form,"viniferous",3
a form,"salinity",3
a form,"especially",3
a form,"wavily",3
a form,"transliteration",3
a form,"carefully",3
a form,"chilly",3
a form,"superlative",2
a form,"strumous",2
a form,"hilly",2
a form,"cavernous",2
a form,"pacification",2
a form,"irritation",2
a form,"sulphurous",2
a form,"auction",2
a form,"disorderly",2
a form,"unlike",2
a form,"figurative",2
a form,"granulous",2
a form,"somniferous",2
a form,"ply",2
a form,"razorfish",2
a form,"leprous",2
a form,"pearly",2
a form,"perforation",2
a form,"catchfly",2
a form,"exceedingly",2
a form,"dislike",2
a form,"meritorious",2
a form,"vermiferous",1
a form,"hindrance",1
a form,"instillation",1
a form,"addition",1
a form,"application",1
a form,"irregularity",1
a form,"soldierly",1
a form,"entanglement",1
a form,"agility",1
a form,"globuliferous",1
a form,"agglomeration",1
a form,"metalliferous",1
a form,"inebriation",1
a form,"heartily",1
a form,"equally",1
a form,"constriction",1
a form,"pankration",1
a form,"necessity",1
a form,"dubious",1
a form,"zealous",1
a form,"obeisance",1
a form,"flatfish",1
a form,"moderation",1
a form,"gregarious",1
a form,"interrogative",1
a form,"impregnation",1
a form,"equality",1
a form,"matronly",1
a form,"scottish",1
a form,"circularly",1
a form,"consumption",1
a form,"circumambulation",1
a form,"delusion",1
a form,"eternity",1
a form,"weightless",1
a form,"pustulous",1
a form,"bashful",1
a form,"horsefly",1
a form,"adulterous",1
a form,"fluctuation",1
a form,"steely",1
a form,"accidentally",1
a form,"decisive",1
a form,"vicinity",1
a form,"stingily",1
odd,"肉豆蔻",28
odd,"angle.",15
odd,"20",9
odd,"16",6
odd,"coëst",4
odd,"mixture.",3
odd,"10th",2
odd,".",2
odd,"i.d.",2
odd,"bean.",1
odd,"3",1
odd,"hair.",1
odd,"combmaker.",1
odd,"80",1
odd,"plants.",1
unknown,"chestnuts",286
unknown,"hgs",201
unknown,"whisker",146
unknown,"suburbs",137
unknown,"maiden",95
unknown,"thatching",33
unknown,"booty",31
unknown,"weavers",28
unknown,"neighbouring",27
unknown,"carpenters",27
unknown,"eaves",21
unknown,"helmeted",20
unknown,"yoking",19
unknown,"mushrooms",18
unknown,"bleating",17
unknown,"crowned",15
unknown,"fetters",15
unknown,"relationships",11
unknown,"widowed",10
unknown,"relatives",9
unknown,"bristled",9
unknown,"filthy",9
unknown,"thirds",8
unknown,"scalloped",8
unknown,"yoked",6
unknown,"doubling",6
unknown,"alkalis",6
unknown,"mangifera",6
unknown,"indica",6
unknown,"girdled",5
unknown,"shingles",5
unknown,"granular",4
unknown,"uneven",4
unknown,"loveable",4
unknown,"sparticle",4
unknown,"tentacle",4
unknown,"trillium",4
unknown,"shove",4
unknown,"ambrosia",4
unknown,"frugal",4
unknown,"convolvulus",4
unknown,"candelabrum",4
unknown,"eminent",4
unknown,"clod",4
unknown,"aconite",4
unknown,"tinkling",4
unknown,"doubled",4
unknown,"shoemakers",4
unknown,"tragacanth",4
unknown,"reefing",4
unknown,"urchin",4
unknown,"balsam",4
unknown,"seining",4
unknown,"clematis",4
unknown,"barbarians",4
unknown,"lacunose",4
unknown,"crackle",4
unknown,"bestial",4
unknown,"aquiline",4
unknown,"variety",4
unknown,"bivalves",4
unknown,"anoint",4
unknown,"bifurcate",4
unknown,"wintergreen",4
unknown,"pedicel",4
unknown,"siphon",4
unknown,"speedwell",4
unknown,"loins",4
unknown,"oblong",4
unknown,"deputy",4
unknown,"seseli",4
unknown,"eliminate",4
unknown,"polypody",4
unknown,"ileus",4
unknown,"multicoloured",3
unknown,"tris",3
unknown,"bombast",3
unknown,"infant",3
unknown,"notable",3
unknown,"drab",3
unknown,"shortened",3
unknown,"cogon",3
unknown,"booklet",3
unknown,"pronged",3
unknown,"mace",3
unknown,"conjugate",3
unknown,"brasenia",3
unknown,"kinsman",3
unknown,"ovum",3
unknown,"calamus",3
unknown,"cuckoopint",3
unknown,"grainfield",3
unknown,"mantis",3
unknown,"rasp",3
unknown,"cheekbone",3
unknown,"drawn",3
unknown,"glutton",3
unknown,"rhombus",3
unknown,"tigrine",3
unknown,"ploughed",3
unknown,"ploughman",3
unknown,"thrice",3
unknown,"sprinkle",3
unknown,"drooping",3
unknown,"saxifrage",3
unknown,"buck",3
unknown,"cyperus",3
unknown,"malaccensis",3
unknown,"pickled",3
unknown,"flank",3
unknown,"anxiety",3
unknown,"chickpea",3
unknown,"hardened",3
unknown,"amethyst",3
unknown,"tufted",3
unknown,"ptarmigan",3
unknown,"landlady",3
unknown,"sidelong",3
unknown,"savory",3
unknown,"deccan",3
unknown,"abnormal",3
unknown,"arisen",3
unknown,"lightened",3
unknown,"avian",3
unknown,"farmeress",3
unknown,"chariot",3
unknown,"renal",3
unknown,"antennae",3
unknown,"siliquose",3
unknown,"celandine",3
unknown,"transplant",3
unknown,"fumarium",3
unknown,"urinating",3
unknown,"contend",3
unknown,"fraternal",3
unknown,"trustworthy",3
unknown,"omer",3
unknown,"tapestry",3
unknown,"stimulating",3
unknown,"confucian",3
unknown,"oleaster",3
unknown,"felting",3
unknown,"auricular",3
unknown,"necklace",3
unknown,"dun",3
unknown,"serrated",3
unknown,"coccus",3
unknown,"adic",3
unknown,"cancerwort",3
unknown,"pistachio",3
unknown,"mustache",3
unknown,"trifoliate",3
unknown,"manna",3
unknown,"plebeian",3
unknown,"syriacus",3
unknown,"evade",3
unknown,"chaffy",3
unknown,"spinach",3
unknown,"midriff",3
unknown,"firebrand",3
unknown,"radiates",3
unknown,"arrowhead",3
unknown,"hams",3
unknown,"halved",3
unknown,"femininizes",3
unknown,"centaury",3
unknown,"lichwort",3
unknown,"discus",3
unknown,"alexanders",3
unknown,"eryngo",3
unknown,"abdomen",3
unknown,"aster",3
unknown,"chamomile",3
unknown,"coalesce",3
unknown,"cocklebur",3
unknown,"sporocarp",3
unknown,"peel",3
unknown,"amiable",3
unknown,"metrical",2
unknown,"finished",2
unknown,"tri",2
unknown,"slash",2
unknown,"spearhead",2
unknown,"diurnal",2
unknown,"sacrificial",2
unknown,"hermaphrodite",2
unknown,"featherlet",2
unknown,"deverbal",2
unknown,"thrifty",2
unknown,"emmer",2
unknown,"disobey",2
unknown,"escheat",2
unknown,"withdrawal",2
unknown,"plica",2
unknown,"droplet",2
unknown,"apprehended",2
unknown,"trapezoid",2
unknown,"headband",2
unknown,"chameleon",2
unknown,"unskilled",2
unknown,"osmosis",2
unknown,"fattened",2
unknown,"gangue",2
unknown,"anodyne",2
unknown,"placenta",2
unknown,"marbled",2
unknown,"android",2
unknown,"thanksgiving",2
unknown,"intricate",2
unknown,"halve",2
unknown,"poppyhead",2
unknown,"helot",2
unknown,"spatulate",2
unknown,"decomposed",2
unknown,"plundering",2
unknown,"quadrifid",2
unknown,"houseleek",2
unknown,"satin",2
unknown,"hoarfrost",2
unknown,"disfigure",2
unknown,"peanut",2
unknown,"hillside",2
unknown,"dittany",2
unknown,"florid",2
unknown,"sesamoid",2
unknown,"gown",2
unknown,"wiki",2
unknown,"trousers",2
unknown,"mow",2
unknown,"is",2
unknown,"castrated",2
unknown,"kingfisher",2
unknown,"discard",2
unknown,"refined",2
unknown,"grouse",2
unknown,"zebra",2
unknown,"galangal",2
unknown,"bipartite",2
unknown,"ef",2
unknown,"wan",2
unknown,"waterwort",2
unknown,"foraminate",2
unknown,"turbaned",2
unknown,"bilateral",2
unknown,"teasel",2
unknown,"viticultural",2
unknown,"ryegrass",2
unknown,"ovine",2
unknown,"descent",2
unknown,"polluted",2
unknown,"aerial",2
unknown,"broomstick",2
unknown,"were",2
unknown,"nanotech",2
unknown,"albugo",2
unknown,"infamy",2
unknown,"cipher",2
unknown,"renew",2
unknown,"pumice",2
unknown,"immortelle",2
unknown,"tonsillitis",2
unknown,"ringlet",2
unknown,"crabapple",2
unknown,"thunderstorm",2
unknown,"cyclamen",2
unknown,"wallet",2
unknown,"daishan",2
unknown,"sated",2
unknown,"entwined",2
unknown,"pentagonal",2
unknown,"cities",2
unknown,"twigs",2
unknown,"scutum",2
unknown,"triturated",2
unknown,"arbutus",2
unknown,"spurt",2
unknown,"quadruped",2
unknown,"blistered",2
unknown,"decree",2
unknown,"bittersweet",2
unknown,"huckster",2
unknown,"mercurial",2
unknown,"northwestern",2
unknown,"coerce",2
unknown,"granadilla",2
unknown,"tuft",2
unknown,"bridle",2
unknown,"redstem",2
unknown,"froth",2
unknown,"gore",2
unknown,"expectant",2
unknown,"purulent",2
unknown,"protium",2
unknown,"flail",2
unknown,"alison",2
unknown,"senile",2
unknown,"silicle",2
unknown,"pepperwort",2
unknown,"turreted",2
unknown,"tartarian",2
unknown,"bistort",2
unknown,"whitlow",2
unknown,"viper",2
unknown,"william",2
unknown,"exclamatory",2
unknown,"trifling",2
unknown,"bookcase",2
unknown,"lappago",2
unknown,"oxeye",2
unknown,"diverge",2
unknown,"storksbill",2
unknown,"organized",2
unknown,"gens",2
unknown,"beckon",2
unknown,"labrador",2
unknown,"tubule",2
unknown,"cran",2
unknown,"cephalic",2
unknown,"urnlet",2
unknown,"dogbane",2
unknown,"comfrey",2
unknown,"groundcherry",2
unknown,"jerusalem",2
unknown,"sebesten",2
unknown,"cymbal",2
unknown,"virginia",2
unknown,"childhood",2
unknown,"honeybee",2
unknown,"crepe",2
unknown,"pennyroyal",2
unknown,"betony",2
unknown,"ironwort",2
unknown,"geo",2
unknown,"snipe",2
unknown,"shiver",2
unknown,"scorching",2
unknown,"genuflected",2
unknown,"lambkin",2
unknown,"snakehead",2
unknown,"eth",2
unknown,"cud",2
unknown,"begonia",2
unknown,"subter",2
unknown,"tapeworm",2
unknown,"goldenrod",2
unknown,"published",2
unknown,"lair",2
unknown,"interposed",2
unknown,"asafoetida",2
unknown,"unrolled",2
unknown,"riverbank",2
unknown,"seine",2
unknown,"transport",2
unknown,"footpaths",2
unknown,"sir",2
unknown,"ijssel",2
unknown,"noticeable",2
unknown,"trachoma",2
unknown,"sift",1
unknown,"monochrome",1
unknown,"withering",1
unknown,"archangel",1
unknown,"porridge",1
unknown,"greensward",1
unknown,"barbershop",1
unknown,"advocate",1
unknown,"reminder",1
unknown,"disloyal",1
unknown,"interchange",1
unknown,"durable",1
unknown,"stoop",1
unknown,"moderated",1
unknown,"reversing",1
unknown,"clavellate",1
unknown,"cyclops",1
unknown,"censure",1
unknown,"pliant",1
unknown,"lunula",1
unknown,"volute",1
unknown,"inhabitant",1
unknown,"azole",1
unknown,"swine",1
unknown,"duped",1
unknown,"refilled",1
unknown,"multifid",1
unknown,"seaweed",1
unknown,"magnolia",1
unknown,"assistant",1
unknown,"er",1
unknown,"nymphaeum",1
unknown,"leatherwork",1
unknown,"oculate",1
unknown,"persea",1
unknown,"spearmint",1
unknown,"nautical",1
unknown,"coeval",1
unknown,"psoas",1
unknown,"fishhook",1
unknown,"placard",1
unknown,"catenary",1
unknown,"anointed",1
unknown,"tunny",1
unknown,"bandage",1
unknown,"freckled",1
unknown,"plover",1
unknown,"crepidate",1
unknown,"purse",1
unknown,"prow",1
unknown,"rupturewort",1
unknown,"horseback",1
unknown,"equestrian",1
unknown,"felled",1
unknown,"triad",1
unknown,"medlar",1
unknown,"diarrhea",1
unknown,"bronchi",1
unknown,"mattress",1
unknown,"candlewick",1
unknown,"kamchatka",1
unknown,"trowel",1
unknown,"whorl",1
unknown,"equalized",1
unknown,"beancaper",1
unknown,"carob",1
unknown,"nilotic",1
unknown,"tendons",1
unknown,"smelt",1
unknown,"fortifying",1
unknown,"despised",1
unknown,"talus",1
unknown,"boulder",1
unknown,"semicircular",1
unknown,"scarab",1
unknown,"asp",1
unknown,"splatter",1
unknown,"laburnum",1
unknown,"bombastic",1
unknown,"dowry",1
unknown,"haggler",1
unknown,"glen",1
unknown,"bandits",1
unknown,"nominalizer",1
unknown,"pineapple",1
unknown,"sawdust",1
unknown,"hemina",1
unknown,"southeast",1
unknown,"foxtail",1
unknown,"pediform",1
unknown,"manger",1
unknown,"sufficient",1
unknown,"lyrical",1
unknown,"avena",1
unknown,"nuda",1
unknown,"dissembler",1
unknown,"denude",1
unknown,"filial",1
unknown,"fisherman",1
unknown,"nard",1
unknown,"foraging",1
unknown,"prolonging",1
unknown,"bogus",1
unknown,"ungulate",1
unknown,"overseer",1
unknown,"wheelbarrow",1
unknown,"ire",1
unknown,"diversify",1
unknown,"progeny",1
unknown,"icicle",1
unknown,"enriched",1
unknown,"vigor",1
unknown,"zizania",1
unknown,"latifolia",1
unknown,"aromatic",1
unknown,"bakeri",1
unknown,"angularize",1
unknown,"buttercup",1
unknown,"acetabuliform",1
unknown,"yardlong",1
unknown,"indistinct",1
unknown,"flyswatter",1
unknown,"slavery",1
unknown,"submerged",1
unknown,"sacristan",1
unknown,"hepatic",1
unknown,"irritate",1
unknown,"inland",1
unknown,"oxalic",1
unknown,"fumatory",1
unknown,"fivefold",1
unknown,"sargo",1
unknown,"udder",1
unknown,"novena",1
unknown,"fleshhook",1
unknown,"wolfsbane",1
unknown,"mangler",1
unknown,"calamine",1
unknown,"virginsbower",1
unknown,"lithium",1
unknown,"chopsticks",1
unknown,"fumitory",1
unknown,"neighbour",1
unknown,"criminal",1
unknown,"footprints",1
unknown,"anserine",1
unknown,"farro",1
unknown,"kindle",1
unknown,"avens",1
unknown,"shrubby",1
unknown,"illuminate",1
unknown,"po",1
unknown,"firethorn",1
unknown,"weft",1
unknown,"servile",1
unknown,"sibbaldia",1
unknown,"ellipsis",1
unknown,"osmium",1
unknown,"worn",1
unknown,"spiraea",1
unknown,"stride",1
unknown,"unripe",1
unknown,"ne",1
unknown,"zelkova",1
unknown,"mul",1
unknown,"shrubs",1
unknown,"putrefying",1
unknown,"macron",1
unknown,"aviculturist",1
unknown,"crowlet",1
unknown,"trickster",1
unknown,"anymore",1
unknown,"gunpowder",1
unknown,"pouzolz",1
unknown,"fenestrated",1
unknown,"sheoak",1
unknown,"elaterium",1
unknown,"manchu",1
unknown,"tubergourd",1
unknown,"daw",1
unknown,"humerus",1
unknown,"arboretum",1
unknown,"hostage",1
unknown,"gifts",1
unknown,"parietal",1
unknown,"needlelet",1
unknown,"petasites",1
unknown,"cnidarian",1
unknown,"buttress",1
unknown,"emblic",1
unknown,"bellapple",1
unknown,"leprose",1
unknown,"corkscrew",1
unknown,"phylum",1
unknown,"tufts",1
unknown,"habituate",1
unknown,"mamma",1
unknown,"falsehood",1
unknown,"regal",1
unknown,"pelargonium",1
unknown,"cornice",1
unknown,"wand",1
unknown,"cheeselet",1
unknown,"balsamic",1
unknown,"iamb",1
unknown,"malabathrum",1
unknown,"lard",1
unknown,"thud",1
unknown,"errant",1
unknown,"seep",1
unknown,"dimorphic",1
unknown,"oxhide",1
unknown,"exotic",1
unknown,"laurulus",1
unknown,"winecup",1
unknown,"puffball",1
unknown,"carapace",1
unknown,"behavior",1
unknown,"hostess",1
unknown,"mezereon",1
unknown,"hasten",1
unknown,"austrian",1
unknown,"candytuft",1
unknown,"london",1
unknown,"impost",1
unknown,"iceland",1
unknown,"nepalese",1
unknown,"propped",1
unknown,"asiatic",1
unknown,"bristles",1
unknown,"maltese",1
unknown,"gauze",1
unknown,"clothe",1
unknown,"pubic",1
unknown,"spurrey",1
unknown,"chickweed",1
unknown,"mesogastric",1
unknown,"wales",1
unknown,"physician",1
unknown,"orache",1
unknown,"geranium",1
unknown,"una",1
unknown,"de",1
unknown,"gato",1
unknown,"rochester",1
unknown,"atheist",1
unknown,"cornucopia",1
unknown,"miniature",1
unknown,"excentrodendron",1
unknown,"hsienmu",1
unknown,"stairmaker",1
unknown,"muntjac",1
unknown,"thermal",1
unknown,"merlin",1
unknown,"exert",1
unknown,"hydride",1
unknown,"inhabited",1
unknown,"sapphirine",1
unknown,"passable",1
unknown,"snowline",1
unknown,"indissoluble",1
unknown,"millipede",1
unknown,"worse",1
unknown,"unconquered",1
unknown,"coagulate",1
unknown,"countryside",1
unknown,"sowing",1
unknown,"chaplet",1
unknown,"ploughing",1
unknown,"asperula",1
unknown,"brightest",1
unknown,"liberian",1
unknown,"cleavers",1
unknown,"sweetscented",1
unknown,"fen",1
unknown,"dewlap",1
unknown,"rhinoceros",1
unknown,"mille",1
unknown,"haul",1
unknown,"altogether",1
unknown,"plaything",1
unknown,"articular",1
unknown,"rudder",1
unknown,"varicose",1
unknown,"crucible",1
unknown,"reprisal",1
unknown,"ignatius",1
unknown,"villa",1
unknown,"emetic",1
unknown,"unbecoming",1
unknown,"alkanet",1
unknown,"borage",1
unknown,"kitchen",1
unknown,"xenon",1
unknown,"belladonna",1
unknown,"enclosed",1
unknown,"matrimony",1
unknown,"ruthenium",1
unknown,"mandrake",1
unknown,"carolina",1
unknown,"horsenettle",1
unknown,"texas",1
unknown,"suckle",1
unknown,"forsythia",1
unknown,"rubidium",1
unknown,"hermit",1
unknown,"concourse",1
unknown,"titanated",1
unknown,"snapdragon",1
unknown,"waterhyssop",1
unknown,"foxglove",1
unknown,"undulate",1
unknown,"busy",1
unknown,"fustic",1
unknown,"imminent",1
unknown,"moldavian",1
unknown,"latesummer",1
unknown,"cymbals",1
unknown,"dewfall",1
unknown,"lowest",1
unknown,"crook",1
unknown,"engraving",1
unknown,"oswego",1
unknown,"bergamot",1
unknown,"agrarian",1
unknown,"medical",1
unknown,"turmoil",1
unknown,"plectrum",1
unknown,"skullcap",1
unknown,"nearest",1
unknown,"dartos",1
unknown,"broomrape",1
unknown,"inedible",1
unknown,"meteorological",1
unknown,"dropsy",1
unknown,"woodcock",1
unknown,"tantalum",1
unknown,"shroud",1
unknown,"taunt",1
unknown,"pork",1
unknown,"exulted",1
unknown,"baptist",1
unknown,"trial",1
unknown,"bray",1
unknown,"bittercress",1
unknown,"appease",1
unknown,"lawn",1
unknown,"marshpenny",1
unknown,"laserwort",1
unknown,"parched",1
unknown,"cerulean",1
unknown,"peta",1
unknown,"lapse",1
unknown,"hedgeparsley",1
unknown,"fissure",1
unknown,"wanton",1
unknown,"lye",1
unknown,"naupaka",1
unknown,"sneezewort",1
unknown,"everlasting",1
unknown,"wormwood",1
unknown,"annie",1
unknown,"gruel",1
unknown,"averted",1
unknown,"starwort",1
unknown,"costus",1
unknown,"vertebrate",1
unknown,"graecum",1
unknown,"azure",1
unknown,"guernsey",1
unknown,"yellowtops",1
unknown,"gallant",1
unknown,"gnome",1
unknown,"colophon",1
unknown,"artichoke",1
unknown,"bisected",1
unknown,"manhood",1
unknown,"posterior",1
unknown,"butterbur",1
unknown,"feverfew",1
unknown,"uterine",1
unknown,"practitioner",1
unknown,"proof",1
unknown,"viscera",1
unknown,"susan",1
unknown,"rainstorm",1
unknown,"longship",1
unknown,"thither",1
unknown,"quarters",1
unknown,"subleathery",1
unknown,"glittering",1
unknown,"senator",1
unknown,"khaki",1
unknown,"cinerarium",1
unknown,"abbreviator",1
unknown,"gnashing",1
unknown,"damnable",1
unknown,"jaundice",1
unknown,"shorn",1
unknown,"saleable",1
unknown,"snowball",1
unknown,"pincushions",1
unknown,"biform",1
unknown,"scouring",1
unknown,"rattlesnake",1
unknown,"filmy",1
unknown,"troublesome",1
unknown,"shoestring",1
unknown,"actinium",1
unknown,"creticus",1
unknown,"majesty",1
unknown,"mariana",1
unknown,"thereafter",1
unknown,"ere",1
unknown,"juvenile",1
unknown,"perceptible",1
unknown,"intermixed",1
unknown,"consecrated",1
unknown,"aleutian",1
unknown,"teratological",1
unknown,"calfskin",1
unknown,"rut",1
unknown,"marjoram",1
unknown,"consanguine",1
unknown,"supreme",1
unknown,"styloglossal",1
unknown,"alluvial",1
unknown,"oldfashioned",1
unknown,"weigelia",1
unknown,"roused",1
unknown,"unicorn",1
unknown,"indehiscent",1
unknown,"seductress",1
unknown,"superficial",1
unknown,"millstone",1
unknown,"soursop",1
unknown,"custard",1
unknown,"condyle",1
unknown,"piracy",1
unknown,"testicles",1
unknown,"hemorrhoids",1
unknown,"tonsilitis",1
unknown,"kochia",1
unknown,"passerine",1
unknown,"saltmarsh",1
unknown,"blite",1
unknown,"palay",1
unknown,"titan",1
unknown,"colander",1
unknown,"southwest",1
unknown,"chiton",1
unknown,"surfeit",1
unknown,"sump",1
unknown,"terebinth",1
unknown,"padlock",1
unknown,"cobwebby",1
unknown,"ratify",1
unknown,"shoelace",1
unknown,"campion",1
unknown,"crevice",1
unknown,"perpetual",1
unknown,"lilac",1
unknown,"calamint",1
unknown,"ribboned",1
unknown,"angustiseptal",1
unknown,"brutalized",1
unknown,"philadelphia",1
unknown,"nepal",1
unknown,"proto",1
unknown,"biennial",1
unknown,"beeblossom",1
unknown,"endeavor",1
unknown,"armored",1
unknown,"thompson",1
unknown,"crocus",1
unknown,"tackle",1
unknown,"underground",1
unknown,"unhappy",1
