term,occurrences,forms
montane,8300,7
olaf,8148,1361
nickname,7878,1352
vis,7452,757
lerma,7354,577
rachel,6664,684
skyros,5582,687
female name,5240,436
syme,4879,443
trigon,4422,475
insular,4267,73
parma,4221,971
otus,4035,316
phaedromus,3539,235
kythira,3536,301
ham,3388,408
myron,3107,279
apama,3089,581
kythira,3028,210
maues,2996,656
hanno,2846,321
samos,2774,474
ararat,2669,619
calpas,2609,496
bion,2606,200
rubi,2585,320
mountaineer,2583,95
volga,2493,311
cosenus,2390,661
cotys,2347,584
togo,2301,302
omphale,2234,177
iberian,2144,156
fortress,2119,654
stephen,2057,266
thera,1978,300
atrium,1957,361
syme,1954,227
ann,1937,305
bolivia,1934,66
dor,1913,222
eulaeus,1875,348
minho,1862,726
ath,1831,206
kos,1819,520
island town,1817,119
anllóns,1798,448
noto,1796,316
lycus,1780,133
icaria,1710,160
chios,1695,235
ono,1686,162
cherchell,1671,442
poros,1613,330
panama,1584,32
rowan,1550,274
thecla,1487,13
female name,1460,254
esau,1459,253
cleitus,1444,74
tunis,1398,461
arizona,1364,28
syrian town,1355,216
rab,1292,187
phyte,1291,80
simois,1259,226
congius,1255,124
allia,1248,300
gens,1236,149
egerius,1204,185
benjamin,1200,342
andros,1187,91
soli,1162,318
leon,1161,108
teispes,1161,129
creon,1051,156
skyros,1046,81
sinni,1036,262
trapani,1021,133
dyme,1020,90
ghana,973,335
andrew,947,133
atax,899,188
alps,893,188
catius,880,296
neriton,872,21
cimon,872,191
guinea,857,82
leon,840,135
trojan,831,121
eunice,830,12
cádiz,822,98
siena,820,110
hymees,815,35
samos,780,145
isabella,776,55
adige,768,236
tobias,761,79
orco,751,112
ornain,739,123
irene,723,70
robert,714,125
otto,709,119
arabian town,696,131
auge,692,81
family name,689,93
atlas,684,103
given name,680,78
abalus,675,83
insular,669,28
arno,664,218
aswan,657,120
otanes,655,111
colombia,653,31
cleinias,647,69
menes,645,34
echion,643,110
buna,628,110
oread,625,100
hymaes,624,72
anthemus,619,60
botrys,618,116
tobias,590,62
cávado,577,107
enns,576,98
timon,574,101
eumenes,572,7
arcadian,567,135
inhabitant,566,83
moses,556,91
surname,555,17
crotone,554,59
athos,554,162
surname,544,30
martin,541,118
magdalene,539,34
mexico,526,80
barbados,524,94
philip,519,35
montana,505,7
pelion,494,80
pheidias,492,91
nola,488,45
lysander,486,6
joseph,478,54
doris,470,1
dinia,470,126
lviv,442,38
male name,442,97
macae,439,137
family name,437,31
angelo,434,117
lambro,432,50
krujë,426,22
ananis,424,82
acanthus,422,49
george,415,42
edward,402,61
provincial,401,11
malta,396,48
acamas,395,81
stabiae,394,54
lefkada,388,9
epetium,388,94
drypetis,387,14
frederick,378,27
evenus,378,59
male name,378,74
aléria,376,21
ionia,374,74
darius,370,71
nicaragua,368,14
agde,368,34
corsica,367,11
namibia,365,26
adour,346,83
arion,344,31
emona,343,93
albert,340,95
cyllene,338,15
nicias,329,70
aglaophon,324,9
uganda,323,23
ignatius,321,85
krka,316,8
eucles,315,38
merinum,313,84
callisto,312,38
lepanto,304,7
laurence,301,3
guam,301,52
tomyris,297,14
delphian,296,37
michael,291,55
almo,290,37
erebus,287,52
astyanax,282,3
gens,279,35
roger,278,59
gambia,275,19
louis,274,14
acheron,273,28
tanzania,273,28
gyrton,266,34
menderes,263,24
bosra,260,13
chromius,257,22
capua,255,31
adana,255,77
thria,253,13
crisa,251,61
taprobane,249,21
john,246,42
rwanda,245,17
amerigo,245,45
zancle,244,48
sojourner,243,11
crete,240,34
cyllene,238,6
arta,236,20
anzio,236,20
peru,235,39
thailand,234,18
cambodia,232,14
sellium,232,66
kenya,229,54
goddess,228,56
gentius,228,67
thebes,227,18
australasia,226,3
milan,225,46
saite,225,48
parthenope,220,16
callisthenes,219,6
hugh,219,41
clusium,218,17
ravenna,216,99
thersites,215,10
talmis,215,65
melissa,213,13
balkh,213,40
mormo,212,17
pinarus,210,31
trabzon,210,32
agrigentum,210,42
menes,210,49
chalinus,207,80
amytis,205,22
ave,198,63
gaurus,196,21
moldova,195,17
theodore,194,17
agnes,193,22
gordium,193,29
louisiana,191,4
arandis,191,18
chios,191,32
angela,190,30
telephus,189,13
mozambique,189,10
saxon,188,28
diodorus,187,4
nolan,185,16
egypt,185,17
delos,185,22
amadeus,185,49
myanmar,184,12
cinca,184,28
briton,183,9
sosias,183,34
marj,182,50
beatrice,180,22
azorus,180,47
astyra,177,6
dorothy,174,3
noah,169,11
chiese,168,3
surname,168,53
hypasis,168,59
eleanor,168,54
strymon,167,7
mauritius,167,7
andrew,167,50
itanos,166,56
cosmas,165,49
male name,164,25
mignone,163,32
richard,162,64
stratophanes,160,27
agron,159,2
brunei,158,27
guyana,158,33
ajax,158,34
gens name,156,27
caltanissetta,156,71
gabriel,154,43
pisidia,151,8
zambia,151,22
savona,151,40
helicon,150,22
tisias,149,38
kalymnos,147,22
polydorus,144,10
daedalus,144,33
colchian,143,14
alberta,143,16
pallene,143,11
diocles,142,8
rhodius,141,4
oecles,141,12
elbe,141,33
sandace,141,21
thurian,139,37
diomedon,138,19
gold edging,138,23
gorgona,138,29
ariadne,137,2
nabis,137,36
syrte,135,24
usk,133,14
francis,133,27
gangi,133,34
chryse,132,28
ninus,131,22
crete,131,54
neretva,130,50
aruba,129,24
corfu,128,16
araxes,128,19
tyana,128,32
pheretima,127,10
rhodope,127,6
veii,126,7
iran,126,26
arar,125,61
stilpon,124,5
moneta,124,18
meleager,124,29
sardinia,123,18
cleon,123,20
mongolia,122,46
filyos,121,10
ukraine,120,7
guatemala,119,13
augeas,119,23
adriana,118,6
bulgaria,118,17
philo,118,35
aradus,118,35
adam,117,5
adrian,117,20
surname,116,21
lebanon,116,38
bahrain,115,34
antigone,114,2
nepi,114,14
cyrene,114,15
dordogne,114,28
apollo,113,15
agave,112,32
electra,112,44
adrano,111,11
denise,110,2
tydeus,110,23
kupa,109,10
manitoba,109,10
surname,108,10
philippines,106,3
martina,106,14
sparta,106,14
procles,106,9
asteris,106,12
oeta,105,13
aude,105,32
ons island,104,45
treia,104,31
hungary,104,27
ithaca,103,10
delphi,102,7
magra,102,7
kazakhstan,102,6
lais,101,39
odiel,100,11
lemnos,100,23
leiden,100,35
peteon,100,27
oricum,100,24
ucetia,99,7
albin,99,3
satrap,99,10
lycus,99,18
nigeria,97,15
modena,97,16
britain,97,28
larino,97,23
christopher,96,15
bola,95,6
neocles,95,12
bianor,95,7
brindisi,95,10
lyon,94,12
zenobia,94,7
ashdod,94,19
polypoetes,93,1
tatiana,93,9
espoo,93,24
homole,93,19
berenice,92,4
apesas,92,21
gortyn,91,21
mountain range,91,18
alexis,91,28
camerino,90,5
cleonymus,90,12
sthenelaus,89,3
gabriel,89,6
offa,89,19
paphlagonian,89,6
pag,89,28
tivoli,89,23
antoing,89,42
douro,88,10
verona,88,26
charon,87,16
iceland,87,14
gozo,87,21
appius,87,24
donatus,86,19
mysia,86,14
sermyle,86,9
venosa,85,2
frances,85,11
messina,84,8
juvavum,84,15
isidore,84,9
hippomedon,83,1
samaria,83,15
benin,82,10
jordan,82,21
var,81,17
arthur,81,35
actaeon,80,19
spain,79,14
alexius,79,19
mede,79,26
oenone,78,1
pythonides,78,1
daniel,78,13
acheron,77,12
bessa,77,17
anaean,76,7
maeonian,76,6
norway,76,14
nîmes,76,9
alciphron,74,2
adolphus,74,12
scythian,74,16
martha,74,18
cleopas,73,7
dirphe,73,11
eriphyle,73,8
lleida,73,14
neapolitan,72,3
antigonus,72,8
capraia,72,5
emmaus,72,20
gargettus,71,7
arab,71,2
tortona,70,8
daedala,70,8
saul,70,17
ireland,70,28
trigno,69,1
galilee,69,7
menexenus,69,4
oileus,69,19
vouga,69,33
agri,68,20
deborah,68,15
assorus,67,1
marathus,67,4
laomedon,67,6
mozia,67,5
astyochus,67,7
cydnus,67,14
ilus,67,29
asychis,66,7
sipia,66,35
panegyris,65,2
valerian,65,8
surname,64,9
greece,64,18
zadar,63,22
macedonian,63,16
melanippe,62,2
anticles,62,5
polemon,62,8
acragas,62,7
somalia,62,17
isagoras,61,3
pangaeus,61,8
piacenza,61,11
mithras,61,16
tomarus,60,21
bubares,59,6
menippus,59,5
titan,59,21
zoara,59,23
william,58,11
methana,57,12
phraortes,56,1
male name,56,7
minnesota,56,9
cocytus,56,12
adana,56,21
xanthias,55,1
carmona,55,19
infernal,54,2
dallas,54,4
zürich,54,7
tagus,54,9
ladon,54,14
pallas,54,18
limburg,53,5
narona,53,7
antiphon,53,6
liberia,53,4
abila,53,12
gela,53,25
yemen,53,28
lysidice,52,2
anaxagoras,52,4
anatolian,52,7
myus,52,10
thespian,51,1
nicomachus,51,5
laodice,51,6
caserta,51,3
tmolus,51,5
christopher,51,7
ontario,51,6
dennis,51,8
naim,51,17
paxos,50,4
euboean,50,3
sybarite,50,6
calynda,50,5
agasias,50,16
parnassus,49,8
toledo,49,5
cyril,49,18
vietnam,49,15
krk,48,4
bursa,48,8
bagoas,48,13
parentium,48,5
autonoe,47,2
thrinacia,47,4
taranto,47,9
lysippus,47,8
budva,47,14
chaerephon,46,1
artace,46,5
sivas,46,15
indus,46,18
male name,46,15
iconium,45,6
eder,45,3
helenus,45,9
neto,45,3
socotra,45,3
tanais,45,24
mauritius,45,16
prexaspes,44,1
lipari,44,2
leipzig,44,12
anticrates,43,1
tortosa,43,8
thasos,43,13
bevagna,43,7
neophron,43,12
roman surname,43,7
roman name,43,18
colorado,43,31
gerlach,42,6
teleutias,42,5
krujë,42,18
chariton,42,21
tournai,41,4
auximum,41,3
actor,41,7
chalcidice,41,5
denmark,41,17
teres,41,13
iraq,41,22
laertes,40,12
xenocles,40,5
androcles,40,5
tinto,40,13
monaeses,39,1
ischia,39,6
alcinous,39,7
justin,39,9
daulis,39,18
ampsaga,39,19
derdas,38,10
brigantium,38,10
eumolpus,38,9
chiusi,38,14
theodora,37,4
eumaeus,37,7
malaga,37,6
hymettus,37,7
narni,36,2
belgium,36,4
nicholas,36,3
plutarch,36,4
dorotheus,36,6
nicander,36,7
breda,36,6
paphos,36,7
laodamas,36,4
thebes,36,15
zenodorus,35,2
idanthyrsus,35,2
niphates,35,4
tisamenus,35,4
caryanda,35,11
samos,35,8
agatha,35,9
italy,35,10
canada,35,17
gdańsk,35,13
lucera,34,3
durance,34,6
himalayas,34,9
pentelic,34,5
mona,33,3
achilles,33,7
lamprocles,32,2
idomene,32,3
amastris,32,3
thamyris,32,4
zeno,32,11
estonia,32,12
gerard,32,17
evagoras,31,1
ancaeus,31,18
poeas,30,2
patroclus,30,3
zeuxippe,30,2
tarsus,30,6
gerona,30,6
argaeus,30,7
bilbilis,30,6
linz,30,10
velletri,29,1
zeionises,29,1
artemidorus,29,2
melanippus,28,1
lycomedes,28,3
beata,28,7
zoltes,28,11
hainaut,28,8
wight,28,9
orte,28,10
lazi,28,12
elijah,28,7
flounce,28,15
pisidian,27,1
polyxo,27,1
maxentius,27,2
diomedes,27,2
amaryllis,27,10
lancaster,27,3
marcellus,27,7
sasima,27,5
hibera,27,7
theophilus,27,2
arcadius,27,6
abraham,26,2
parysatis,26,2
melantho,26,2
pirithous,26,3
cambridge,26,4
saurashtra,26,3
aydin,26,4
iphiclus,26,7
male name,26,11
origen,25,1
saepinum,25,1
sataspes,25,2
gennadius,25,4
sophocles,25,2
joanna,25,5
cynthus,25,9
cyprus,25,6
marche,25,7
samos,25,11
vladimir,25,14
uzentum,25,11
mero,25,15
arses,24,2
insular,24,4
meloria,24,5
gallienus,24,4
orchomenus,24,4
diophanes,24,3
thames,24,7
heraclean,24,3
marathon,24,7
cremona,24,7
thoas,24,5
acheronian,24,5
jacob,24,9
finland,24,12
spyridon,24,12
trevi,24,12
xanthus,24,9
gelves,24,18
anastasia,23,1
chios,23,2
cordoba,23,3
helicon,23,3
demophon,23,3
barza,23,7
ilesium,23,10
thais,23,6
vervins,23,12
orbelus,22,3
zagros,22,5
festus,22,5
isfahan,22,4
lothair,22,3
baetis,22,3
senator,22,5
iasian,22,9
lena,22,5
charilaus,22,7
fescennium,22,8
hybla,22,13
herod,22,12
carpathus,22,12
briton,21,1
polycrates,21,1
ethiopians,21,4
charicles,21,3
dindymon,21,5
nepal,21,4
selleis,21,8
adda,21,12
nardò,21,11
brasidas,20,1
iphicrates,20,1
aristides,20,3
achelous,20,2
avenio,20,3
quiet comedy,20,4
aegialea,20,3
çankırı,20,6
nicomedes,20,4
urfa,20,4
cicero,20,8
antalya,20,8
gelo,20,8
morocco,20,12
aetolian,19,1
matthew,19,3
ravenna,19,3
phaestum,19,4
sitalces,19,5
cos,19,7
soli,19,5
walter,19,6
xenophon,19,10
spello,18,1
phaeacia,18,2
otranto,18,2
sarsina,18,4
taiwan,18,6
philippa,18,4
szombathely,18,6
hypatia,18,5
elbe,18,5
alcmene,18,5
gylippus,18,5
belarus,18,4
aristarchus,18,5
sion,18,9
badres,18,9
giglio,18,9
fifty-one,17,1
protesilaus,17,1
martigny,17,2
melzo,17,3
loryma,17,4
roberta,17,2
eubulus,17,3
padua,17,5
diphilus,17,7
reuben,17,7
baldwin,17,5
lusitania,17,4
leucas,17,5
philippi,17,11
archbishop,16,1
chian,16,1
ariadne,16,2
mauretanian,16,2
andromache,16,3
london,16,5
marco polo,16,3
alcamenes,16,4
chaboras,16,9
sweden,16,6
timanthes,15,1
oeneus,15,3
euclid,15,6
menelaus,15,2
charinus,15,5
paropamisus,15,6
poland,15,6
sagunto,15,4
miletopolis,15,5
anchises,15,7
austria,15,8
cleander,14,1
tiberias,14,1
aristaenetus,14,2
macerata,14,3
matthias,14,3
vicentine,14,3
ialysos,14,6
sipontum,14,6
algeria,14,8
lamone,14,8
anaxibius,13,1
epimachus,13,1
honorius,13,1
cassibile,13,2
celeia,13,2
claternae,13,2
penelope,13,2
dositheus,13,4
samos,13,4
aristogeiton,13,3
lysicles,13,3
mazaces,13,6
czech,13,4
tlepolemus,13,4
calliphon,13,7
pamphylia,13,4
solomon,13,8
osuna,13,7
cervaro,12,1
chaonian,12,1
charidemus,12,1
sigmund,12,1
philoctetes,12,2
spalirises,12,2
meleager,12,2
cheimerium,12,5
given name,12,2
reggio emilia,12,6
athanasius,12,4
cassiopeia,12,7
stratian,12,6
konya,12,8
yolanda,12,4
sicily,12,5
cassander,12,8
rhodanusia,12,10
andraemon,11,1
hemina,11,1
eteocles,11,2
nicostratus,11,2
charente,11,3
bregenz,11,2
quartarius,11,2
slovakia,11,3
granicus,11,4
ottawa,11,4
chios,11,6
tunisia,11,5
gracchus,11,6
glaucon,11,6
salerno,11,6
george,11,5
surname,10,2
mitraeus,10,2
tychicus,10,2
given name,10,3
corsica,10,4
mazares,10,4
doubs,10,3
imperia,10,3
isaac,10,4
damocles,10,4
suriname,10,4
calabria,10,5
aegina,10,3
milos,10,4
sardinia,10,4
mountain range,10,4
seneca,10,6
abdera,9,1
lysistrata,9,1
surname,9,1
psammis,9,1
sostrata,9,1
marcellus,9,3
sassari,9,2
titaness,9,2
albania,9,2
demodocus,9,3
eurotas,9,4
amadea,9,4
arles,9,4
leosthenes,9,2
parthaon,9,2
alcmaeon,9,4
surname,9,5
soleto,9,6
aunemundus,9,4
boeotia,9,5
urbino,9,5
belasica,9,7
athanais,8,1
assembly,8,1
cres,8,1
gundulfus,8,1
hippocrates,8,1
pandosia,8,1
stabiae,8,1
taphiassus,8,1
verdun,8,1
evinos,8,2
mayenne,8,2
nisyros,8,2
male name,8,3
mountain range,8,3
mazaeus,8,3
felix,8,2
cardamyle,8,3
gratianopolis,8,2
megacles,8,3
aratus,8,3
tauriana,8,3
artaeus,8,4
hegesippus,8,3
lesotho,8,3
olympus,8,3
roman coin,8,2
zenobius,8,3
albinia,8,5
ostanes,8,4
diophilus,8,5
quintus,8,4
senegal,8,3
enza,8,6
dniester,8,5
olorus,8,7
felician,8,6
antwerp,7,1
ariphron,7,1
bargylia,7,1
offo,7,1
blestium,7,1
bhutan,7,1
chryses,7,1
aletrium,7,1
thasos,7,1
capri,7,1
female name,7,1
byzas,7,2
callixenus,7,2
cephalonia,7,2
antandrus,7,2
mulucha,7,2
pisa,7,2
cyrenian,7,2
lycophron,7,2
pericles,7,2
bathinus,7,2
alazani,7,3
serchio,7,3
arbaces,7,4
siauus,7,3
artimas,7,4
ascoli piceno,7,4
dandace,7,3
rzhev,7,4
xois,7,3
potenza,7,5
gyrtias,7,4
aalst,7,5
archias,7,5
lazarus,7,4
male name,6,1
anticyra,6,1
antimachus,6,1
archilochus,6,1
male name,6,1
casteggio,6,1
deductor,6,1
cercetae,6,1
sarno,6,1
xenophanes,6,1
nevada,6,2
seleucia,6,2
cleisthenes,6,2
decebalus,6,2
ryazan,6,3
rhesa,6,2
bubastis,6,3
ararat,6,3
hagne,6,3
hybla,6,3
cephisus,6,4
łódź,6,4
matera,6,3
zeno,6,4
iraq,6,3
pausanias,6,4
strattis,6,2
anacreon,6,4
trebbia,6,4
azes,6,4
gregory,6,4
ithacan,6,4
euclio,6,5
pepin,6,5
pianosa,6,4
alba,6,4
acharnean,5,1
antigenes,5,1
aristocleides,5,1
goddess,5,1
critobulus,5,1
dionysus,5,1
namur,5,1
pippin,5,1
sextarius,5,1
theogenes,5,1
dadaces,5,2
doberus,5,2
leontinian,5,2
leucas,5,2
libyssa,5,2
oebares,5,2
ornean,5,2
datames,5,2
bettona,5,2
alcaeus,5,2
arbinas,5,2
kallicles,5,2
connecticut,5,3
hermione,5,2
joanna,5,2
maximian,5,2
bulis,5,2
sisak,5,3
thrasyllus,5,2
cetina,5,2
adela,5,3
aeolian,5,4
given name,5,3
tarsian,5,4
minorca,5,4
iasos,5,3
maddalena,5,3
seleucus,5,3
antiphus,4,1
artystone,4,1
delice,4,1
democritus,4,1
diocleides,4,1
diopeithes,4,1
dunax,4,1
ivrea,4,1
kefalari,4,1
ganymede,4,1
selenium,4,1
justinian,4,1
euromus,4,1
volupia,4,1
magnentius,4,1
maris,4,1
megabates,4,1
iotaba,4,1
nausiphanes,4,1
oxyartes,4,1
thesprotian,4,1
alcyone,4,2
liaka,4,2
daphnae,4,2
julian,4,2
masistes,4,2
megara,4,2
delminium,4,2
novara,4,2
pakistan,4,2
parmys,4,2
spadacus,4,2
tanaquil,4,2
zakynthos,4,2
isernia,4,3
waal,4,3
aristippus,4,3
vukovar,4,2
leontini,4,2
menander,4,2
lysimachus,4,3
pisander,4,2
peteos,4,2
phalerian,4,2
pistoclerus,4,2
xois,4,2
rhegine,4,3
benedict,4,3
tibarene,4,3
todi,4,3
cleopater,4,4
edessa,4,4
hispa,4,4
adeimantus,3,1
antalcidas,3,1
antiochus,3,1
arcesilaus,3,1
aryandes,3,1
medicinal herb,3,1
cluana,3,1
dicaearchus,3,1
diognetus,3,1
diophantus,3,1
dyrrhachium,3,1
godfrey,3,1
carian,3,1
lydian,3,1
lysistratus,3,1
megarian,3,1
metapontine,3,1
šolta,3,1
gadara,3,1
pasicles,3,1
philomela,3,1
pistoia,3,1
proconsul,3,1
propraetor,3,1
cleomenes,3,1
pythagoras,3,1
scorilo,3,1
segontium,3,1
theodosius,3,1
gens,3,1
xanthippe,3,1
anactorian,3,2
bardylis,3,2
arsites,3,2
carcassonne,3,2
chephren,3,2
cleophon,3,2
surnamed,3,2
habsburg,3,2
hieronymus,3,2
given name,3,2
socrates,3,2
paxos,3,2
pharnaces,3,2
antinous,3,2
pleistoanax,3,2
formia,3,2
monastir,3,2
stratonice,3,2
tauromenite,3,2
timothy,3,2
trani,3,2
santerno,3,2
vosges,3,2
tegeate,3,3
madagascar,3,3
bigerra,3,3
thessaloniki,3,3
giles,2,1
agatharchus,2,1
agathocles,2,1
agesilaus,2,1
acesines,2,1
germany,2,1
amorges,2,1
androsthenes,2,1
anemoria,2,1
archelaus,2,1
argentina,2,1
aristobulus,2,1
aristodemus,2,1
aristomachus,2,1
artachaees,2,1
given name,2,1
given name,2,1
asturias,2,1
helorus,2,1
bactrian,2,1
bosut,2,1
buna,2,1
azilises,2,1
binche,2,1
caledonian,2,1
cassandane,2,1
cleombrotus,2,1
cleomedes,2,1
decelea,2,1
dinostratus,2,1
foligno,2,1
genseric,2,1
theodosia,2,1
heraea,2,1
siret,2,1
yarmouk,2,1
hippodamia,2,1
carini,2,1
ebro,2,1
gubbio,2,1
archimedes,2,1
jesus,2,1
abilene,2,1
lacedaemonian,2,1
laodicea,2,1
lebanon,2,1
lycaonian,2,1
seuthes,2,1
mascames,2,1
calchas,2,1
nicander,2,1
octogesa,2,1
orontobates,2,1
peisistratus,2,1
female name,2,1
pharnabazus,2,1
phaselite,2,1
philebus,2,1
philocrates,2,1
phrataphernes,2,1
pleistarchus,2,1
poseidonia,2,1
ananias,2,1
pupienus,2,1
sosthenes,2,1
sostratus,2,1
spitamenes,2,1
teggiano,2,1
theocritus,2,1
theophrastus,2,1
thrasymachus,2,1
thronium,2,1
aydin,2,1
weimar,2,1
xenias,2,1
zeuxippus,2,1
zimbabwe,2,1
catherine,2,2
aegeus,2,2
artasyras,2,2
axiochus,2,2
ctesibius,2,2
ereğli,2,2
cynthus,2,2
datis,2,2
deiphobus,2,2
diodorus,2,2
empedocles,2,2
eusebius,2,2
faenza,2,2
ostiglia,2,2
hypsicles,2,2
mallorca,2,2
melitene,2,2
metrodorus,2,2
polycarp,2,2
nicodemus,2,2
cetius,2,2
polyxena,2,2
ptolemy,2,2
syloson,2,2
sthenelus,2,2
venezuela,2,2
ingvar,1,1
aegialeus,1,1
alcibiades,1,1
amadocus,1,1
ameinocles,1,1
anactoria,1,1
anaxarchus,1,1
andocides,1,1
andromachus,1,1
antenor,1,1
antiphilus,1,1
antisthenes,1,1
apollodorus,1,1
aquileia,1,1
ariaramnes,1,1
aristocles,1,1
arpoxais,1,1
artabazus,1,1
artacamas,1,1
artembares,1,1
aurelian,1,1
aisne,1,1
balthazar,1,1
palau,1,1
adusius,1,1
boeotian,1,1
surname,1,1
calliarus,1,1
cestria,1,1
christopher,1,1
bitterne manor,1,1
given name,1,1
daurises,1,1
deidamia,1,1
dinolochus,1,1
vrbas,1,1
trump,1,1
dorchester,1,1
reims,1,1
hippocrates,1,1
erechtheus,1,1
flanona,1,1
jordan,1,1
gobryes,1,1
atizyes,1,1
helorus,1,1
heraclitus,1,1
hierapolitan,1,1
hierocles,1,1
hippolochus,1,1
houston,1,1
angoulême,1,1
numantine,1,1
alcman,1,1
clytemnestra,1,1
colossae,1,1
fifty-four,1,1
lycaonian,1,1
mantinean,1,1
given name,1,1
matilica,1,1
mithradates,1,1
mithridates,1,1
mohorovicic,1,1
nebuchadnezzar,1,1
nazareth,1,1
destructive,1,1
niceratus,1,1
nicopolis,1,1
tielt,1,1
olympiodorus,1,1
onuphrius,1,1
paltus,1,1
parmises,1,1
pisan,1,1
xerxes,1,1
potiphar,1,1
pupput,1,1
pythodorus,1,1
joachim,1,1
rudiae,1,1
panaro,1,1
sophaenetus,1,1
sophocles,1,1
spalahores,1,1
algidum,1,1
tabalus,1,1
jason,1,1
thapsacene,1,1
inhabitant,1,1
theramenes,1,1
tiraeus,1,1
tiribazus,1,1
assoro,1,1
vercelli,1,1
st albans,1,1
besançon,1,1
narnia,1,1
artabes,1,1
xenocleides,1,1
forty-one,1,1
