word,rank,apart
yig,1,6
mam,2,6
bub,3,6
det,4,5
gok,5,5
mib,6,4
mug,7,4
nek,8,4
nod,9,4
bim,10,4
bag,11,4
don,12,4
gis,13,4
pez,14,4
pof,15,4
tiv,16,4
tab,17,4
tus,18,4
ken,19,4
kut,20,4
hix,21,4
has,22,4
hum,23,4
sef,24,4
sop,25,4
zax,26,4
zuv,27,4
fej,28,4
foz,29,4
vav,30,4
vux,31,4
xal,32,4
joj,33,4
yor,34,4
mes,35,3
mov,36,3
nin,37,3
nap,38,3
nuq,39,3
bev,40,3
bot,41,3
dik,42,3
daz,43,3
duf,44,3
geb,45,3
gaq,46,3
gun,47,3
pid,48,3
pan,49,3
puk,50,3
tem,51,3
tog,52,3
kip,53,3
kad,54,3
kom,55,3
heq,56,3
hob,57,3
siq,58,3
sak,59,3
sud,60,3
zit,61,3
zeg,62,3
zoq,63,3
fif,64,3
fat,65,3
fup,66,3
viz,67,3
ved,68,3
vol,69,3
xij,70,3
xep,71,3
xos,72,3
xuC,73,3
jic,74,3
jaf,75,3
cac,76,3
CeC,77,3
Car,78,3
Cuz,79,3
yex,80,3
yaC,81,3
yuj,82,3
liC,83,3
laj,84,3
loc,85,3
rec,86,3
wox,87,3
mim,88,2
mig,89,2
mit,90,2
miz,91,2
mif,92,2
mix,93,2
men,94,2
med,95,2
mep,96,2
mev,97,2
mej,98,2
mab,99,2
mag,100,2
mat,101,2
maz,102,2
maf,103,2
max,104,2
mal,105,2
mon,106,2
mop,107,2
mok,108,2
mos,109,2
moj,110,2
mor,111,2
mum,112,2
mub,113,2
mut,114,2
muz,115,2
muf,116,2
mux,117,2
nid,118,2
nip,119,2
nis,120,2
niv,121,2
nij,122,2
nem,123,2
neb,124,2
net,125,2
nez,126,2
nef,127,2
nex,128,2
nan,129,2
nas,130,2
nav,131,2
naj,132,2
nar,133,2
nom,134,2
nog,135,2
noz,136,2
nof,137,2
nox,138,2
nol,139,2
nup,140,2
nuk,141,2
nus,142,2
nuv,143,2
nuj,144,2
bib,145,2
big,146,2
bit,147,2
bis,148,2
bif,149,2
bix,150,2
biC,151,2
ben,152,2
bed,153,2
bep,154,2
bek,155,2
bej,156,2
bec,157,2
bam,158,2
bab,159,2
bas,160,2
baf,161,2
bax,162,2
baC,163,2
bal,164,2
boq,165,2
bok,166,2
boz,167,2
bov,168,2
boj,169,2
boc,170,2
bor,171,2
bum,172,2
bug,173,2
bus,174,2
bux,175,2
buC,176,2
din,177,2
did,178,2
dip,179,2
diz,180,2
dij,181,2
dic,182,2
deq,183,2
deb,184,2
deg,185,2
des,186,2
def,187,2
dex,188,2
deC,189,2
dad,190,2
dap,191,2
dak,192,2
dav,193,2
daj,194,2
dac,195,2
dar,196,2
dob,197,2
dos,198,2
dox,199,2
doC,200,2
dol,201,2
duq,202,2
dud,203,2
dup,204,2
duk,205,2
duz,206,2
duj,207,2
gim,208,2
gid,209,2
gig,210,2
gif,211,2
gix,212,2
giC,213,2
get,214,2
gek,215,2
gez,216,2
gev,217,2
gej,218,2
gec,219,2
gag,220,2
gap,221,2
gas,222,2
gaf,223,2
gax,224,2
gaC,225,2
gal,226,2
gob,227,2
got,228,2
goz,229,2
gov,230,2
goj,231,2
goc,232,2
gor,233,2
gud,234,2
gug,235,2
gup,236,2
gus,237,2
guf,238,2
gux,239,2
guC,240,2
pin,241,2
pip,242,2
pik,243,2
pij,244,2
pic,245,2
peq,246,2
peb,247,2
peg,248,2
pet,249,2
pef,250,2
pex,251,2
pad,252,2
pap,253,2
pak,254,2
pav,255,2
paj,256,2
pac,257,2
par,258,2
pom,259,2
pob,260,2
pos,261,2
pox,262,2
poC,263,2
pol,264,2
pun,265,2
pud,266,2
pup,267,2
puz,268,2
puv,269,2
puj,270,2
puc,271,2
tiq,272,2
tib,273,2
tig,274,2
tit,275,2
tis,276,2
tix,277,2
ted,278,2
tep,279,2
tek,280,2
tej,281,2
tec,282,2
taq,283,2
tat,284,2
tas,285,2
taf,286,2
tax,287,2
taC,288,2
tal,289,2
tod,290,2
top,291,2
toz,292,2
tov,293,2
toj,294,2
toc,295,2
tor,296,2
tum,297,2
tub,298,2
tut,299,2
tux,300,2
tuC,301,2
kiq,302,2
kik,303,2
kiz,304,2
kiv,305,2
kij,306,2
kic,307,2
keg,308,2
kes,309,2
kef,310,2
kex,311,2
keC,312,2
kak,313,2
kaz,314,2
kav,315,2
kaj,316,2
kac,317,2
kar,318,2
kog,319,2
kop,320,2
kos,321,2
kof,322,2
kox,323,2
koC,324,2
kol,325,2
kuq,326,2
kub,327,2
kuk,328,2
kuz,329,2
kuv,330,2
kuj,331,2
kuc,332,2
him,333,2
hib,334,2
hig,335,2
hit,336,2
his,337,2
hif,338,2
hiC,339,2
hed,340,2
hep,341,2
hek,342,2
hez,343,2
hev,344,2
hej,345,2
hec,346,2
ham,347,2
hag,348,2
hat,349,2
haf,350,2
hax,351,2
haC,352,2
hal,353,2
hon,354,2
hok,355,2
hoz,356,2
hov,357,2
hoj,358,2
hoc,359,2
hor,360,2
hud,361,2
hug,362,2
hup,363,2
hus,364,2
huf,365,2
hux,366,2
huC,367,2
sib,368,2
sig,369,2
sis,370,2
siv,371,2
six,372,2
sem,373,2
sed,374,2
sep,375,2
sez,376,2
sej,377,2
san,378,2
sab,379,2
sat,380,2
sas,381,2
sav,382,2
sal,383,2
som,384,2
sog,385,2
soz,386,2
sof,387,2
sox,388,2
sor,389,2
sun,390,2
suk,391,2
sus,392,2
suj,393,2
zim,394,2
zik,395,2
ziz,396,2
zif,397,2
zij,398,2
zen,399,2
zeb,400,2
zes,401,2
zev,402,2
zam,403,2
zad,404,2
zap,405,2
zaz,406,2
zaf,407,2
zob,408,2
zot,409,2
zok,410,2
zos,411,2
zoj,412,2
zol,413,2
zum,414,2
zug,415,2
zup,416,2
zux,417,2
fim,418,2
fib,419,2
fig,420,2
fit,421,2
fis,422,2
fix,423,2
fiC,424,2
fen,425,2
fep,426,2
fek,427,2
fez,428,2
fev,429,2
fec,430,2
fam,431,2
fab,432,2
fag,433,2
fas,434,2
faf,435,2
fax,436,2
faC,437,2
fal,438,2
fon,439,2
fod,440,2
fok,441,2
fov,442,2
foj,443,2
foc,444,2
for,445,2
fum,446,2
fug,447,2
fus,448,2
fuf,449,2
fuC,450,2
vin,451,2
vip,452,2
vik,453,2
viv,454,2
vij,455,2
vic,456,2
vem,457,2
veg,458,2
ves,459,2
vef,460,2
vex,461,2
van,462,2
vap,463,2
vak,464,2
vaz,465,2
vaj,466,2
vac,467,2
vom,468,2
vob,469,2
vog,470,2
vot,471,2
vos,472,2
vof,473,2
voC,474,2
vun,475,2
vud,476,2
vuk,477,2
vuv,478,2
xim,479,2
xib,480,2
xig,481,2
xit,482,2
xis,483,2
xif,484,2
xen,485,2
xed,486,2
xek,487,2
xez,488,2
xev,489,2
xex,490,2
xam,491,2
xab,492,2
xag,493,2
xat,494,2
xaj,495,2
xon,496,2
xod,497,2
xop,498,2
xok,499,2
xof,500,2
xox,501,2
xor,502,2
xum,503,2
xub,504,2
xug,505,2
xut,506,2
jin,507,2
jid,508,2
jip,509,2
jik,510,2
jiz,511,2
jiv,512,2
jem,513,2
jeb,514,2
jeg,515,2
jet,516,2
jes,517,2
jej,518,2
jan,519,2
jad,520,2
jap,521,2
jak,522,2
jaz,523,2
jax,524,2
jom,525,2
job,526,2
jog,527,2
jot,528,2
jov,529,2
joc,530,2
jol,531,2
jun,532,2
jud,533,2
jup,534,2
juk,535,2
jus,536,2
juf,537,2
jux,538,2
cin,539,2
cid,540,2
cip,541,2
cik,542,2
ciz,543,2
cic,544,2
ceq,545,2
ceb,546,2
ceg,547,2
cet,548,2
ces,549,2
cad,550,2
cap,551,2
caz,552,2
coq,553,2
cob,554,2
cot,555,2
coC,556,2
col,557,2
cuv,558,2
cux,559,2
Ciq,560,2
Cib,561,2
Cig,562,2
Cis,563,2
Cix,564,2
Cep,565,2
Cek,566,2
Caq,567,2
Cab,568,2
Cag,569,2
Cat,570,2
Cas,571,2
Con,572,2
Cod,573,2
Cop,574,2
Cox,575,2
Cuq,576,2
Cub,577,2
Cut,578,2
Cuj,579,2
Cuc,580,2
yim,581,2
yib,582,2
yit,583,2
yis,584,2
yif,585,2
yij,586,2
yen,587,2
yed,588,2
yep,589,2
yek,590,2
yez,591,2
yev,592,2
yam,593,2
yab,594,2
yag,595,2
yat,596,2
yas,597,2
yaf,598,2
yal,599,2
yon,600,2
yod,601,2
yop,602,2
yok,603,2
yoz,604,2
yov,605,2
yox,606,2
yum,607,2
yub,608,2
yug,609,2
yut,610,2
yus,611,2
yuf,612,2
lim,613,2
lib,614,2
lig,615,2
lit,616,2
lis,617,2
lif,618,2
lix,619,2
len,620,2
led,621,2
lep,622,2
lek,623,2
lez,624,2
lev,625,2
lam,626,2
lab,627,2
lag,628,2
lat,629,2
las,630,2
laf,631,2
lal,632,2
lon,633,2
lod,634,2
lop,635,2
lok,636,2
loz,637,2
lov,638,2
lor,639,2
lum,640,2
lub,641,2
lug,642,2
lut,643,2
lus,644,2
luf,645,2
lux,646,2
luC,647,2
rin,648,2
rid,649,2
rip,650,2
rik,651,2
riz,652,2
riv,653,2
rij,654,2
rem,655,2
reb,656,2
reg,657,2
ret,658,2
ran,659,2
rad,660,2
rap,661,2
rak,662,2
raz,663,2
rav,664,2
rax,665,2
rar,666,2
rom,667,2
rob,668,2
rog,669,2
rot,670,2
ros,671,2
rof,672,2
roj,673,2
rol,674,2
run,675,2
rud,676,2
rup,677,2
ruk,678,2
ruz,679,2
ruv,680,2
ruc,681,2
wim,682,2
wib,683,2
wig,684,2
wit,685,2
wis,686,2
wif,687,2
wix,688,2
wiC,689,2
wen,690,2
wed,691,2
wep,692,2
wek,693,2
wez,694,2
wev,695,2
wej,696,2
wec,697,2
wam,698,2
wab,699,2
wag,700,2
wat,701,2
was,702,2
waf,703,2
waC,704,2
wal,705,2
won,706,2
wod,707,2
wop,708,2
wok,709,2
woz,710,2
wov,711,2
wor,712,2
wum,713,2
wub,714,2
wug,715,2
wut,716,2
wus,717,2
wuf,718,2
wuj,719,2
min,720,1
miq,721,1
mid,722,1
mip,723,1
mik,724,1
mis,725,1
miv,726,1
mij,727,1
mic,728,1
miC,729,1
mem,730,1
meq,731,1
meb,732,1
meg,733,1
met,734,1
mek,735,1
mez,736,1
mef,737,1
mex,738,1
mec,739,1
meC,740,1
man,741,1
maq,742,1
mad,743,1
map,744,1
mak,745,1
mas,746,1
mav,747,1
maj,748,1
mac,749,1
maC,750,1
mar,751,1
mom,752,1
moq,753,1
mob,754,1
mod,755,1
mog,756,1
mot,757,1
moz,758,1
mof,759,1
mox,760,1
moc,761,1
moC,762,1
