english,role,uses,head,source
person,noun,377,358,base
place,verb,289,257,base
part,verb,286,255,base
thing,noun,237,237,base
state,verb,212,206,base
make,verb,426,182,base
time,verb,192,172,base
way,noun,183,165,base
sound,verb,192,153,base
out,preposition,222,149,base
act,verb,151,145,base
up,preposition,183,139,base
area,noun,137,127,base
move,verb,183,124,base
group,noun,174,119,base
form,verb,136,115,base
tool,noun,121,110,base
work,verb,145,109,base
back,verb,151,104,base
shape,verb,122,103,base
study,verb,101,95,base
piece,noun,98,92,base
write,verb,114,91,base
change,verb,152,86,base
talk,verb,142,86,base
word,noun,110,86,base
line,verb,104,86,base
measure,verb,95,84,base
together,adjective,128,82,base
down,preposition,120,80,base
away,adverb,119,80,base
type,verb,85,80,base
point,verb,88,76,base
rule,verb,96,75,base
relation,noun,92,74,base
space,noun,87,73,base
hold,verb,151,70,base
in,preposition,141,70,base
cover,verb,95,70,base
think,verb,92,69,base
light,adjective,199,68,base
look,verb,94,67,base
path,noun,75,67,base
amount,noun,70,67,base
kind,adjective,94,66,base
view,verb,78,65,base
food,noun,97,64,base
mark,noun,85,64,base
quality,noun,63,63,base
item,noun,65,62,base
idea,noun,63,56,base
power,verb,67,53,base
spot,verb,57,53,base
strong,adjective,183,51,base
flow,verb,65,51,base
cloth,noun,61,51,base
color,verb,71,50,base
noise,noun,51,50,base
life,noun,104,49,base
do,verb,66,49,base
box,verb,58,49,base
body,noun,109,48,base
side,verb,79,48,base
use,verb,68,48,base
again,adverb,258,47,base
lay,adjective,61,47,base
event,noun,52,47,base
help,verb,79,46,base
picture,noun,58,46,base
style,verb,49,45,base
water,noun,122,43,base
force,verb,81,43,base
land,verb,64,43,base
lead,verb,56,43,base
room,noun,46,43,base
science,noun,43,43,base
show,verb,92,42,base
plan,verb,53,42,base
order,verb,52,42,base
cut,verb,101,41,base
skill,noun,60,41,base
sign,verb,52,40,base
liquid,adjective,69,39,base
name,verb,56,39,base
love,verb,54,39,base
clear,adjective,87,38,base
skin,noun,72,38,base
story,noun,51,38,base
man,noun,48,37,base
open,adjective,72,36,base
off,preposition,53,36,base
animal,adjective,63,35,base
stick,verb,54,35,base
build,verb,52,35,base
object,verb,52,35,base
believe,verb,39,35,base
break,verb,79,34,base
plant,verb,66,34,base
care,verb,53,34,base
around,preposition,46,34,base
eat,verb,46,34,base
end,verb,66,33,base
apart,adverb,37,33,base
process,verb,33,33,base
number,noun,58,32,base
right,adjective,44,32,base
size,verb,40,32,base
contain,verb,34,32,base
one,value,84,31,base
set,verb,75,31,base
control,verb,46,31,base
hair,noun,45,31,base
know,verb,39,31,base
like,verb,51,30,base
fight,verb,46,30,base
be,verb,45,30,base
mean,adjective,44,30,base
case,noun,32,30,base
condition,noun,32,30,base
give,verb,145,29,base
good,adjective,70,29,base
top,verb,51,29,base
people,noun,44,29,base
house,verb,37,29,base
level,verb,35,29,base
close,adjective,52,28,base
say,verb,47,28,base
spirit,noun,40,28,base
surface,verb,32,28,base
substance,noun,29,28,base
support,verb,61,27,base
heart,noun,49,27,base
pain,noun,39,27,base
fit,verb,37,27,base
device,noun,28,27,base
take,verb,151,26,base
air,verb,86,26,base
fire,verb,60,26,base
see,verb,43,26,base
drink,verb,42,26,base
expert,adjective,26,26,base
hit,verb,59,25,base
over,adjective,47,25,base
mind,verb,46,25,base
count,verb,43,25,base
home,noun,39,25,base
safe,adjective,39,25,base
hole,verb,28,25,base
stop,verb,83,24,base
fast,adjective,58,24,base
on,preposition,50,24,base
book,verb,45,24,base
able,adjective,42,24,base
step,verb,41,24,base
child,noun,37,24,base
value,verb,37,24,base
stone,noun,36,24,base
edge,verb,35,24,base
meal,noun,35,24,base
voice,verb,35,24,base
need,verb,32,24,base
much,determiner,29,24,base
vehicle,noun,28,24,base
base,verb,27,24,base
unit,noun,25,24,base
message,verb,38,23,base
ground,verb,34,23,base
friend,noun,31,23,base
angle,noun,30,23,base
touch,verb,29,23,base
knowledge,noun,28,23,base
hard,adjective,70,22,base
go,verb,57,22,base
image,noun,36,22,base
stand,verb,36,22,base
kill,verb,31,22,base
reason,verb,25,22,base
material,noun,22,22,base
turn,verb,60,21,base
money,noun,49,21,base
face,verb,35,21,base
joy,noun,31,21,base
guide,verb,30,21,base
harm,verb,29,21,base
bag,noun,24,21,base
creature,noun,21,21,base
full,adjective,55,20,base
block,verb,39,20,base
nature,noun,39,20,base
draw,verb,38,20,base
walk,verb,36,20,base
woman,noun,35,20,base
cell,noun,31,20,base
bone,verb,26,20,base
note,verb,25,20,base
figure,verb,24,20,base
weapon,noun,24,20,base
system,noun,21,20,base
bad,adjective,172,19,base
speak,verb,50,19,base
head,verb,42,19,base
start,verb,38,19,base
paper,noun,26,19,base
chance,noun,25,19,base
sense,verb,25,19,base
through,preposition,23,19,base
claim,verb,22,19,base
thread,verb,22,19,base
doctor,noun,21,19,base
remove,verb,172,18,base
mix,verb,77,18,base
create,verb,41,18,base
from,preposition,40,18,base
travel,verb,38,18,base
shine,verb,37,18,base
seed,verb,34,18,base
tight,adjective,33,18,base
link,verb,32,18,base
metal,noun,32,18,base
list,verb,27,18,base
agree,verb,22,18,base
position,verb,21,18,base
agent,noun,18,18,base
wrong,adjective,128,17,base
clean,adjective,60,17,base
live,adjective,58,17,base
cause,verb,50,17,base
for,preposition,41,17,base
happy,adjective,36,17,base
heat,verb,35,17,base
bird,noun,33,17,base
wind,verb,32,17,base
check,verb,30,17,base
day,noun,29,17,base
art,noun,27,17,base
machine,noun,26,17,base
drop,verb,24,17,base
disease,noun,23,17,base
leg,noun,23,17,base
real,adjective,23,17,base
record,verb,22,17,base
tale,noun,21,17,base
load,verb,20,17,base
fact,noun,19,17,base
task,noun,19,17,base
matter,verb,18,17,base
structure,noun,18,17,base
new,adjective,120,16,base
to,conjunction,85,16,base
shake,verb,34,16,base
fear,verb,31,16,base
faith,noun,25,16,base
gain,verb,23,16,base
happen,verb,21,16,base
mood,noun,20,16,base
stage,verb,20,16,base
charge,verb,19,16,base
sheet,noun,18,16,base
ball,noun,16,16,base
trait,noun,16,16,base
small,adjective,327,15,base
quick,adjective,101,15,base
long,adjective,67,15,base
bed,noun,36,15,base
fill,verb,31,15,base
flower,verb,31,15,base
tube,noun,28,15,base
job,noun,27,15,base
test,verb,26,15,base
insect,noun,25,15,base
gas,verb,22,15,base
supply,verb,21,15,base
bug,noun,20,15,base
limit,verb,20,15,base
code,verb,19,15,base
deal,verb,18,15,base
age,verb,17,15,base
focus,verb,16,15,base
member,noun,15,15,base
stuff,verb,15,15,base
high,adjective,73,14,base
join,verb,70,14,base
share,verb,56,14,base
with,preposition,37,14,base
catch,verb,32,14,base
breath,noun,29,14,base
spread,verb,28,14,base
call,verb,27,14,base
meat,noun,27,14,base
tell,verb,27,14,base
rock,verb,25,14,base
pass,verb,24,14,base
health,noun,22,14,base
run,verb,22,14,base
attack,verb,21,14,base
match,verb,19,14,base
class,noun,18,14,base
motion,noun,18,14,base
answer,verb,17,14,base
great,adjective,103,13,base
inside,adjective,54,13,base
law,noun,40,13,base
carry,verb,30,13,base
watch,verb,29,13,base
copy,verb,28,13,base
road,noun,27,13,base
game,verb,22,13,base
birth,noun,21,13,base
dirt,noun,21,13,base
fold,verb,21,13,base
ill,adjective,20,13,base
bear,verb,19,13,base
worry,verb,19,13,base
result,verb,18,13,base
design,verb,16,13,base
marriage,noun,16,13,base
handle,verb,15,13,base
period,noun,15,13,base
tone,verb,15,13,base
dish,verb,14,13,base
pot,noun,14,13,base
treat,verb,14,13,base
board,verb,13,13,base
craft,verb,13,13,base
effect,verb,13,13,base
hand,verb,45,12,base
feel,verb,35,12,base
bend,verb,32,12,base
foot,noun,30,12,base
cook,noun,29,12,base
sick,adjective,28,12,base
death,noun,27,12,base
car,noun,26,12,base
store,verb,26,12,base
learn,verb,24,12,base
pay,verb,24,12,base
more,adverb,22,12,base
leaf,noun,20,12,base
dog,noun,19,12,base
read,verb,19,12,base
sell,verb,19,12,base
trust,verb,19,12,base
want,verb,19,12,base
well,noun,19,12,base
worth,verb,18,12,base
example,noun,15,12,base
shell,noun,15,12,base
coat,verb,14,12,base
field,verb,14,12,base
interest,verb,14,12,base
sugar,noun,14,12,base
source,noun,13,12,base
individual,adjective,12,12,base
moment,noun,12,12,base
self,noun,47,11,base
secret,adjective,35,11,base
send,verb,34,11,base
bright,adjective,28,11,base
fat,adjective,26,11,base
muscle,noun,26,11,base
wave,verb,25,11,base
meet,verb,22,11,base
fish,verb,21,11,base
true,adjective,20,11,base
arrange,verb,19,11,base
poison,verb,19,11,base
honor,verb,18,11,base
string,verb,18,11,base
understand,verb,17,11,base
crowd,verb,16,11,base
drug,noun,16,11,base
energy,noun,16,11,base
bind,verb,15,11,base
enough,adjective,15,11,base
notice,verb,15,11,base
partner,noun,15,11,base
trouble,verb,15,11,base
blame,verb,14,11,base
desire,verb,14,11,base
fluid,adjective,14,11,base
hope,verb,14,11,base
aid,verb,13,11,base
cost,verb,13,11,base
bond,verb,12,11,base
effort,noun,12,11,base
organ,noun,12,11,base
frame,verb,11,11,base
same,adjective,65,10,base
deep,adjective,57,10,base
pull,verb,42,10,base
female,adjective,36,10,base
fix,verb,35,10,base
hurt,verb,33,10,base
complete,adjective,32,10,base
circle,verb,28,10,base
fall,verb,26,10,base
drive,verb,25,10,base
find,verb,25,10,base
gather,verb,25,10,base
strike,verb,23,10,base
fly,verb,22,10,base
teach,verb,22,10,base
allow,verb,21,10,base
ask,verb,21,10,base
center,verb,21,10,base
fun,adjective,20,10,base
heal,verb,19,10,base
judge,verb,19,10,base
letter,noun,19,10,base
ring,verb,19,10,base
mouth,verb,18,10,base
oil,verb,18,10,base
promise,verb,17,10,base
wall,noun,17,10,base
mass,noun,16,10,base
pipe,verb,16,10,base
ship,verb,15,10,base
smell,verb,15,10,base
swell,verb,15,10,base
now,conjunction,14,10,base
shift,verb,14,10,base
world,noun,14,10,base
direction,noun,13,10,base
rank,verb,12,10,base
crime,noun,11,10,base
text,verb,11,10,base
opinion,noun,10,10,base
pad,noun,10,10,base
problem,noun,10,10,base
big,adjective,121,9,base
put,verb,58,9,base
against,adjective,53,9,base
young,adjective,36,9,base
round,adjective,35,9,base
push,verb,33,9,base
burn,verb,32,9,base
rise,verb,27,9,base
throw,verb,27,9,base
less,noun,24,9,base
tree,noun,24,9,base
search,verb,22,9,base
whole,adjective,20,9,base
arm,verb,19,9,base
salt,noun,16,9,base
speed,verb,16,9,base
damage,verb,15,9,base
detail,verb,15,9,base
glow,verb,15,9,base
human,noun,15,9,base
fabric,noun,14,9,base
manage,verb,14,9,base
practice,verb,14,9,base
praise,verb,14,9,base
trick,verb,14,9,base
normal,adjective,13,9,base
print,verb,13,9,base
wing,verb,13,9,base
year,noun,13,9,base
goal,noun,12,9,base
anger,verb,11,9,base
at,preposition,11,9,base
blade,noun,11,9,base
carbon,noun,11,9,base
cry,verb,11,9,base
emotion,noun,11,9,base
seek,verb,11,9,base
shout,verb,11,9,base
term,noun,10,9,base
wish,verb,10,9,base
bit,verb,9,9,base
soft,adjective,73,8,base
bring,verb,55,8,base
earth,noun,40,8,base
sad,adjective,33,8,base
follow,verb,30,8,base
grow,verb,28,8,base
red,adjective,28,8,base
firm,adjective,22,8,base
lift,verb,22,8,base
god,noun,21,8,base
own,adjective,21,8,base
waste,verb,21,8,base
guess,verb,19,8,base
question,verb,18,8,base
release,verb,18,8,base
boat,verb,16,8,base
key,verb,16,8,base
bubble,verb,15,8,base
slide,verb,15,8,base
wheel,verb,15,8,base
sure,adjective,14,8,base
band,verb,13,8,base
farm,verb,13,8,base
method,noun,13,8,base
chain,verb,12,8,base
glass,noun,12,8,base
hunt,verb,12,8,base
label,verb,12,8,base
shade,verb,12,8,base
taste,verb,12,8,base
beauty,noun,11,8,base
listen,verb,11,8,base
pleasure,noun,11,8,base
polite,adjective,11,8,base
ride,verb,11,8,base
sex,noun,11,8,base
corner,noun,10,8,base
function,verb,10,8,base
particle,noun,10,8,base
price,verb,10,8,base
respect,verb,10,8,base
appear,verb,9,8,base
character,noun,9,8,base
distance,noun,9,8,base
race,verb,9,8,base
activity,noun,8,8,base
horn,noun,8,8,base
issue,verb,8,8,base
pack,verb,8,8,base
plate,noun,8,8,base
scale,verb,8,8,base
shield,noun,8,8,base
title,noun,8,8,base
free,adjective,44,7,base
sea,noun,41,7,base
flat,adjective,36,7,base
sleep,verb,36,7,base
after,preposition,34,7,base
wood,noun,34,7,base
twist,verb,33,7,base
wide,adjective,29,7,base
split,verb,21,7,base
guard,verb,19,7,base
quiet,adjective,18,7,base
burst,verb,17,7,base
smart,adjective,17,7,base
baby,noun,16,7,base
beat,verb,16,7,base
gun,verb,16,7,base
steady,adjective,16,7,base
wonder,verb,16,7,base
fair,adjective,15,7,base
peace,noun,15,7,base
pressure,noun,15,7,base
rest,verb,15,7,base
enter,verb,14,7,base
soak,verb,14,7,base
destroy,noun,13,7,base
buy,verb,12,7,base
connect,verb,12,7,base
display,verb,12,7,base
grain,noun,12,7,base
rain,verb,12,7,base
win,verb,12,7,base
bite,verb,11,7,base
hate,verb,11,7,base
shame,noun,11,7,base
team,noun,11,7,base
scent,noun,10,7,base
stress,verb,10,7,base
laugh,verb,9,7,base
soil,noun,9,7,base
acid,noun,8,7,base
beam,noun,8,7,base
cake,verb,8,7,base
cycle,verb,8,7,base
gap,noun,8,7,base
knife,noun,8,7,base
peak,verb,8,7,base
season,noun,8,7,base
trip,verb,8,7,base
tune,verb,8,7,base
compound,verb,7,7,base
grip,verb,7,7,base
hue,noun,7,7,base
murder,verb,7,7,base
of,preposition,45,6,base
calm,adjective,33,6,base
keep,verb,27,6,base
star,verb,22,6,base
wrap,verb,22,6,base
ear,noun,21,6,base
sweet,adjective,21,6,base
wear,verb,20,6,base
last,adjective,19,6,base
night,noun,19,6,base
confuse,verb,18,6,base
jump,verb,18,6,base
tie,verb,18,6,base
germ,noun,17,6,base
straight,adjective,17,6,base
hear,verb,15,6,base
reach,verb,15,6,base
throat,noun,15,6,base
bread,noun,14,6,base
proud,adjective,14,6,base
solid,adjective,14,6,base
bold,adjective,13,6,base
future,adjective,13,6,base
mad,adjective,13,6,base
map,verb,13,6,base
spend,verb,13,6,base
charm,verb,12,6,base
city,noun,12,6,base
tissue,noun,12,6,base
urge,verb,12,6,base
bar,verb,11,6,base
breathe,verb,11,6,base
fruit,noun,11,6,base
have,verb,11,6,base
into,preposition,11,6,base
language,noun,11,6,base
satisfy,verb,11,6,base
sorrow,noun,11,6,base
strip,verb,11,6,base
doubt,verb,10,6,base
journey,noun,10,6,base
shelter,verb,10,6,base
stream,verb,10,6,base
suit,verb,10,6,base
vessel,noun,10,6,base
dress,verb,9,6,base
favor,noun,9,6,base
feed,verb,9,6,base
floor,noun,9,6,base
scare,verb,9,6,base
shop,verb,9,6,base
sing,verb,9,6,base
about,preposition,8,6,base
camera,noun,8,6,base
capture,verb,8,6,base
chamber,noun,8,6,base
course,noun,8,6,base
document,verb,8,6,base
guilt,noun,8,6,base
pattern,noun,8,6,base
please,adverb,8,6,base
spell,verb,8,6,base
stitch,verb,8,6,base
aim,verb,7,6,base
bump,verb,7,6,base
cap,verb,7,6,base
flavor,verb,7,6,base
grasp,verb,7,6,base
juice,verb,7,6,base
luck,noun,7,6,base
pile,verb,7,6,base
pole,noun,7,6,base
range,verb,7,6,base
spouse,noun,7,6,base
spray,verb,7,6,base
stable,adjective,7,6,base
alcohol,noun,6,6,base
approve,verb,6,6,base
arrive,verb,6,6,base
bunch,noun,6,6,base
duty,noun,6,6,base
element,noun,6,6,base
feature,verb,6,6,base
fuel,verb,6,6,base
gene,noun,6,6,base
instrument,noun,6,6,base
limb,noun,6,6,base
meter,noun,6,6,base
program,verb,6,6,base
purpose,noun,6,6,base
rate,verb,6,6,base
role,noun,6,6,base
root,verb,6,6,base
strap,noun,6,6,base
surgery,noun,6,6,base
before,conjunction,74,5,base
eye,verb,53,5,base
loud,adjective,49,5,base
thin,adjective,49,5,base
blood,noun,44,5,base
far,adjective,40,5,base
repeat,verb,34,5,base
add,verb,27,5,base
come,verb,27,5,base
holy,adjective,26,5,base
warm,adjective,26,5,base
music,noun,25,5,base
curve,verb,22,5,base
mess,verb,22,5,base
reduce,verb,22,5,base
lose,verb,18,5,base
male,adjective,18,5,base
weak,adjective,18,5,base
medicine,noun,17,5,base
pure,adjective,17,5,base
school,noun,17,5,base
shock,verb,16,5,base
10^3,value,15,5,base
across,preposition,15,5,base
dirty,adjective,15,5,base
press,verb,15,5,base
grass,noun,14,5,base
try,verb,13,5,base
war,verb,13,5,base
wise,adjective,13,5,base
data,noun,12,5,base
magic,noun,12,5,base
other,adjective,12,5,base
model,verb,11,5,base
pick,verb,11,5,base
still,adjective,11,5,base
vote,verb,11,5,base
battle,verb,10,5,base
mist,noun,10,5,base
religion,noun,10,5,base
shoot,interjection,10,5,base
brief,adjective,9,5,base
explain,verb,9,5,base
location,noun,9,5,base
post,verb,9,5,base
scene,noun,9,5,base
track,verb,9,5,base
vision,noun,9,5,base
cart,noun,8,5,base
girl,noun,8,5,base
receive,verb,8,5,base
regret,verb,8,5,base
serve,verb,8,5,base
ahead,adjective,7,5,base
atom,noun,7,5,base
cast,verb,7,5,base
chart,verb,7,5,base
culture,noun,7,5,base
gear,verb,7,5,base
knot,noun,7,5,base
standard,adjective,7,5,base
storm,verb,7,5,base
stretch,verb,7,5,base
bow,noun,6,5,base
infect,verb,6,5,base
parent,noun,6,5,base
platform,noun,6,5,base
version,noun,6,5,base
along,preposition,5,5,base
benefit,verb,5,5,base
conduct,verb,5,5,base
cushion,noun,5,5,base
deed,noun,5,5,base
fund,verb,5,5,base
glance,noun,5,5,base
lady,noun,5,5,base
mound,noun,5,5,base
odor,noun,5,5,base
panel,noun,5,5,base
rage,verb,5,5,base
rod,noun,5,5,base
shirt,noun,5,5,base
talent,noun,5,5,base
many,adjective,80,4,base
sun,noun,59,4,base
under,adjective,58,4,base
without,preposition,50,4,base
slow,adjective,28,4,base
raise,verb,27,4,base
wet,adjective,27,4,base
beyond,adjective,26,4,base
smooth,adjective,25,4,base
near,adjective,23,4,base
cold,adjective,22,4,base
increase,verb,22,4,base
trade,verb,21,4,base
fine,adjective,20,4,base
above,adjective,19,4,base
begin,verb,19,4,base
front,noun,18,4,base
brain,noun,17,4,base
gentle,adjective,17,4,base
family,noun,16,4,base
nice,adjective,16,4,base
horse,verb,15,4,base
past,verb,14,4,base
choose,verb,13,4,base
risk,verb,13,4,base
bottom,adjective,12,4,base
net,verb,11,4,base
pair,verb,11,4,base
tire,verb,11,4,base
accept,verb,10,4,base
alone,adjective,10,4,base
wait,verb,10,4,base
web,noun,10,4,base
blend,verb,9,4,base
dream,verb,9,4,base
gland,noun,9,4,base
joke,verb,9,4,base
possible,adjective,9,4,base
roll,verb,9,4,base
route,verb,9,4,base
snow,verb,9,4,base
sword,noun,9,4,base
usual,adjective,9,4,base
cup,noun,8,4,base
fog,verb,8,4,base
gut,noun,8,4,base
hill,noun,8,4,base
region,noun,8,4,base
rope,verb,8,4,base
struggle,verb,8,4,base
success,noun,8,4,base
suffer,verb,8,4,base
thief,noun,8,4,base
train,verb,8,4,base
argue,verb,7,4,base
country,noun,7,4,base
exchange,verb,7,4,base
fashion,noun,7,4,base
flame,verb,7,4,base
response,noun,7,4,base
seal,verb,7,4,base
slice,verb,7,4,base
table,noun,7,4,base
town,noun,7,4,base
width,noun,7,4,base
will,verb,7,4,base
bowl,noun,6,4,base
cat,noun,6,4,base
challenge,verb,6,4,base
clash,noun,6,4,base
command,verb,6,4,base
depend,verb,6,4,base
foam,noun,6,4,base
fool,noun,6,4,base
include,verb,6,4,base
option,noun,6,4,base
paint,verb,6,4,base
party,verb,6,4,base
perform,verb,6,4,base
reptile,noun,6,4,base
rhythm,noun,6,4,base
screen,verb,6,4,base
site,noun,6,4,base
situation,noun,6,4,base
snack,noun,6,4,base
tap,noun,6,4,base
wander,verb,6,4,base
boy,noun,5,4,base
fee,noun,5,4,base
gauge,noun,5,4,base
here,noun,5,4,base
loyal,adjective,5,4,base
mate,noun,5,4,base
moisture,noun,5,4,base
patient,adjective,5,4,base
plot,noun,5,4,base
plug,verb,5,4,base
prize,verb,5,4,base
progress,verb,5,4,base
property,noun,5,4,base
snake,verb,5,4,base
temperature,noun,5,4,base
tongue,noun,5,4,base
wire,verb,5,4,base
absorb,verb,4,4,base
align,verb,4,4,base
alloy,noun,4,4,base
attention,noun,4,4,base
attitude,noun,4,4,base
axe,noun,4,4,base
bark,verb,4,4,base
barrier,noun,4,4,base
clock,noun,4,4,base
crack,verb,4,4,base
earn,verb,4,4,base
error,noun,4,4,base
invite,verb,4,4,base
log,verb,4,4,base
neat,adjective,4,4,base
organism,noun,4,4,base
pretty,adjective,4,4,base
product,noun,4,4,base
sac,noun,4,4,base
smile,verb,4,4,base
status,noun,4,4,base
stem,verb,4,4,base
tip,verb,4,4,base
union,noun,4,4,base
not,adverb,1077,3,base
large,adjective,78,3,base
two,value,61,3,base
low,adjective,54,3,base
false,adjective,46,3,base
between,preposition,37,3,base
hide,verb,37,3,base
middle,noun,29,3,base
return,verb,27,3,base
egg,noun,26,3,base
nerve,noun,24,3,base
wild,adjective,20,3,base
poor,adjective,19,3,base
tear,verb,19,3,base
all,adjective,18,3,base
by,preposition,18,3,base
crazy,adjective,17,3,base
steal,verb,17,3,base
wash,verb,17,3,base
ice,noun,16,3,base
offer,verb,16,3,base
ten,value,15,3,base
protect,verb,14,3,base
save,verb,14,3,base
freeze,verb,13,3,base
blow,verb,12,3,base
lock,verb,12,3,base
stomach,noun,12,3,base
climb,verb,11,3,base
dance,verb,11,3,base
grave,adjective,11,3,base
lie,verb,11,3,base
signal,verb,11,3,base
spoil,verb,11,3,base
trap,verb,11,3,base
chief,adjective,10,3,base
pause,verb,10,3,base
symbol,noun,10,3,base
bell,noun,9,3,base
comfort,verb,9,3,base
fail,verb,9,3,base
gold,adjective,9,3,base
king,noun,9,3,base
month,noun,9,3,base
pin,verb,9,3,base
prove,verb,9,3,base
puzzle,verb,9,3,base
ray,noun,9,3,base
surprise,verb,9,3,base
conflict,verb,8,3,base
settle,verb,8,3,base
aware,adjective,7,3,base
boil,verb,7,3,base
excite,verb,7,3,base
kid,verb,7,3,base
milk,verb,7,3,base
office,noun,7,3,base
river,noun,7,3,base
urine,noun,7,3,base
welcome,verb,7,3,base
behind,adjective,6,3,base
cure,verb,6,3,base
danger,noun,6,3,base
decide,verb,6,3,base
drip,verb,6,3,base
fan,noun,6,3,base
fence,verb,6,3,base
flash,verb,6,3,base
information,noun,6,3,base
mountain,noun,6,3,base
often,adverb,6,3,base
page,noun,6,3,base
rail,noun,6,3,base
remain,verb,6,3,base
request,verb,6,3,base
row,noun,6,3,base
sample,verb,6,3,base
saw,verb,6,3,base
shed,verb,6,3,base
sit,verb,6,3,base
son,noun,6,3,base
tent,noun,6,3,base
achieve,verb,5,3,base
bomb,verb,5,3,base
ceremony,noun,5,3,base
courage,noun,5,3,base
dust,noun,5,3,base
engine,noun,5,3,base
iron,verb,5,3,base
jet,verb,5,3,base
nut,noun,5,3,base
proper,adjective,5,3,base
sore,adjective,5,3,base
spoke,verb,5,3,base
stab,verb,5,3,base
student,noun,5,3,base
tag,verb,5,3,base
virus,noun,5,3,base
week,noun,5,3,base
winter,noun,5,3,base
adjust,verb,4,3,base
author,noun,4,3,base
bias,verb,4,3,base
branch,verb,4,3,base
camp,verb,4,3,base
chip,verb,4,3,base
computer,noun,4,3,base
cord,noun,4,3,base
demand,verb,4,3,base
dip,verb,4,3,base
fortune,noun,4,3,base
glue,verb,4,3,base
guest,noun,4,3,base
history,noun,4,3,base
impact,verb,4,3,base
injure,verb,4,3,base
island,noun,4,3,base
lump,verb,4,3,base
magnet,noun,4,3,base
nation,noun,4,3,base
obey,verb,4,3,base
origin,noun,4,3,base
pit,verb,4,3,base
present,adjective,4,3,base
profit,noun,4,3,base
relief,noun,4,3,base
rent,verb,4,3,base
rush,verb,4,3,base
sauce,noun,4,3,base
service,verb,4,3,base
solution,noun,4,3,base
solve,verb,4,3,base
sum,verb,4,3,base
tension,noun,4,3,base
toe,noun,4,3,base
toilet,noun,4,3,base
visit,verb,4,3,base
west,noun,4,3,base
worship,verb,4,3,base
ache,verb,3,3,base
allergy,noun,3,3,base
arc,noun,3,3,base
awake,adjective,3,3,base
beast,noun,3,3,base
bundle,verb,3,3,base
channel,verb,3,3,base
continent,noun,3,3,base
crystal,noun,3,3,base
employ,noun,3,3,base
examine,verb,3,3,base
factor,noun,3,3,base
fault,noun,3,3,base
feast,noun,3,3,base
fossil,noun,3,3,base
gender,noun,3,3,base
grace,noun,3,3,base
hall,noun,3,3,base
jacket,noun,3,3,base
lesson,noun,3,3,base
march,noun,3,3,base
mat,noun,3,3,base
mercy,noun,3,3,base
mineral,noun,3,3,base
passion,noun,3,3,base
powder,noun,3,3,base
presence,noun,3,3,base
series,noun,3,3,base
sphere,noun,3,3,base
tape,noun,3,3,base
trigger,verb,3,3,base
tub,noun,3,3,base
vegetable,noun,3,3,base
vow,verb,3,3,base
zone,verb,3,3,base
three,value,66,2,base
sharp,adjective,59,2,base
lack,verb,46,2,base
short,adjective,45,2,base
leave,verb,33,2,base
main,adjective,32,2,base
sudden,adjective,30,2,base
ocean,noun,28,2,base
outside,adjective,28,2,base
heavy,adjective,24,2,base
cross,verb,20,2,base
final,adjective,19,2,base
joint,noun,18,2,base
public,adjective,18,2,base
combine,verb,17,2,base
can,verb,16,2,base
memory,noun,14,2,base
special,adjective,14,2,base
brave,adjective,12,2,base
dead,adjective,12,2,base
rich,adjective,12,2,base
10^2,value,11,2,base
evil,adjective,11,2,base
fresh,adjective,11,2,base
weather,verb,11,2,base
current,adjective,10,2,base
noble,adjective,10,2,base
rude,adjective,10,2,base
than,preposition,10,2,base
cool,adjective,9,2,base
expect,verb,9,2,base
flesh,verb,9,2,base
grab,verb,9,2,base
lean,adjective,9,2,base
mother,noun,9,2,base
nose,noun,9,2,base
provide,verb,9,2,base
chest,noun,8,2,base
clever,adjective,8,2,base
correct,adjective,8,2,base
cruel,adjective,8,2,base
divide,verb,8,2,base
lip,noun,8,2,base
melt,verb,8,2,base
scatter,verb,8,2,base
spider,noun,8,2,base
white,adjective,8,2,base
within,preposition,8,2,base
balance,verb,7,2,base
decay,verb,7,2,base
extreme,adjective,7,2,base
hurry,verb,7,2,base
improve,verb,7,2,base
inherit,noun,7,2,base
physical,adjective,7,2,base
refuse,verb,7,2,base
sail,verb,7,2,base
social,adjective,7,2,base
spine,noun,7,2,base
spring,verb,7,2,base
squeeze,noun,7,2,base
stain,verb,7,2,base
tooth,noun,7,2,base
annoy,verb,6,2,base
black,adjective,6,2,base
bounce,verb,6,2,base
dot,noun,6,2,base
loop,noun,6,2,base
lucky,adjective,6,2,base
moral,adjective,6,2,base
official,adjective,6,2,base
pour,verb,6,2,base
reward,verb,6,2,base
sew,verb,6,2,base
slight,adjective,6,2,base
sport,noun,6,2,base
upset,verb,6,2,base
vein,noun,6,2,base
warn,verb,6,2,base
accuse,verb,5,2,base
bare,adjective,5,2,base
button,noun,5,2,base
cream,noun,5,2,base
crush,verb,5,2,base
dock,verb,5,2,base
enjoy,verb,5,2,base
fiber,noun,5,2,base
hint,verb,5,2,base
involve,verb,5,2,base
mask,verb,5,2,base
pan,verb,5,2,base
pen,verb,5,2,base
plane,noun,5,2,base
replace,verb,5,2,base
slip,verb,5,2,base
sweat,verb,5,2,base
assign,verb,4,2,base
award,verb,4,2,base
bank,verb,4,2,base
bulge,noun,4,2,base
bush,noun,4,2,base
chew,verb,4,2,base
collect,verb,4,2,base
complex,adjective,4,2,base
date,verb,4,2,base
develop,verb,4,2,base
enemy,noun,4,2,base
garden,verb,4,2,base
glide,verb,4,2,base
grant,noun,4,2,base
hat,noun,4,2,base
height,noun,4,2,base
hollow,adjective,4,2,base
hook,verb,4,2,base
jaw,noun,4,2,base
knock,verb,4,2,base
marry,verb,4,2,base
nail,verb,4,2,base
ornament,noun,4,2,base
plastic,adjective,4,2,base
prison,noun,4,2,base
regular,adjective,4,2,base
report,verb,4,2,base
rub,verb,4,2,base
scratch,verb,4,2,base
slim,adjective,4,2,base
sort,verb,4,2,base
spill,verb,4,2,base
stripe,noun,4,2,base
swap,noun,4,2,base
teen,adjective,4,2,base
thank,verb,4,2,base
theory,noun,4,2,base
verse,noun,4,2,base
yes,interjection,4,2,base
access,verb,3,2,base
accident,noun,3,2,base
affect,verb,3,2,base
ash,noun,3,2,base
bloom,noun,3,2,base
breed,verb,3,2,base
brush,verb,3,2,base
burden,verb,3,2,base
candy,noun,3,2,base
chop,verb,3,2,base
cloud,verb,3,2,base
clump,noun,3,2,base
company,noun,3,2,base
content,adjective,3,2,base
contest,noun,3,2,base
convince,verb,3,2,base
deity,noun,3,2,base
dive,verb,3,2,base
dwell,verb,3,2,base
eager,adjective,3,2,base
educate,verb,3,2,base
enlist,verb,3,2,base
flood,verb,3,2,base
forest,noun,3,2,base
forgive,verb,3,2,base
fungus,noun,3,2,base
gate,verb,3,2,base
grief,noun,3,2,base
heap,noun,3,2,base
labor,verb,3,2,base
lizard,noun,3,2,base
master,verb,3,2,base
medium,adjective,3,2,base
mention,verb,3,2,base
mold,verb,3,2,base
occur,verb,3,2,base
pace,noun,3,2,base
poke,noun,3,2,base
reply,verb,3,2,base
represent,verb,3,2,base
rib,noun,3,2,base
rid,verb,3,2,base
saddle,noun,3,2,base
scan,verb,3,2,base
sexual,adjective,3,2,base
slope,verb,3,2,base
spear,noun,3,2,base
stack,verb,3,2,base
street,noun,3,2,base
suck,verb,3,2,base
supervise,verb,3,2,base
swear,verb,3,2,base
sweep,verb,3,2,base
target,verb,3,2,base
tease,verb,3,2,base
theme,noun,3,2,base
tomb,noun,3,2,base
twitch,noun,3,2,base
wrinkle,verb,3,2,base
account,verb,2,2,base
alike,adjective,2,2,base
alive,adjective,2,2,base
authority,noun,2,2,base
balm,noun,2,2,base
bay,noun,2,2,base
berry,noun,2,2,base
blaze,noun,2,2,base
boss,noun,2,2,base
brace,noun,2,2,base
clue,noun,2,2,base
commotion,noun,2,2,base
concern,verb,2,2,base
contract,verb,2,2,base
cork,noun,2,2,base
couple,verb,2,2,base
dam,verb,2,2,base
dear,adjective,2,2,base
debate,verb,2,2,base
debt,noun,2,2,base
diagnose,verb,2,2,base
diet,noun,2,2,base
disaster,noun,2,2,base
disk,noun,2,2,base
ditch,verb,2,2,base
earnest,adjective,2,2,base
excuse,verb,2,2,base
familiar,adjective,2,2,base
garment,noun,2,2,base
gaze,verb,2,2,base
grade,verb,2,2,base
gram,noun,2,2,base
guy,noun,2,2,base
habit,noun,2,2,base
hammer,verb,2,2,base
income,noun,2,2,base
inspire,verb,2,2,base
intent,verb,2,2,base
knob,noun,2,2,base
ledge,noun,2,2,base
lord,noun,2,2,base
monster,noun,2,2,base
numb,adjective,2,2,base
occupy,verb,2,2,base
onion,noun,2,2,base
pardon,noun,2,2,base
persuade,verb,2,2,base
phase,verb,2,2,base
pledge,noun,2,2,base
port,noun,2,2,base
pride,verb,2,2,base
projection,noun,2,2,base
puppet,noun,2,2,base
qualify,verb,2,2,base
relax,verb,2,2,base
rifle,noun,2,2,base
rinse,noun,2,2,base
robot,noun,2,2,base
romance,noun,2,2,base
scholar,noun,2,2,base
scope,noun,2,2,base
scrap,noun,2,2,base
screw,verb,2,2,base
script,noun,2,2,base
sequence,noun,2,2,base
session,noun,2,2,base
skirt,noun,2,2,base
south,adjective,2,2,base
spark,verb,2,2,base
spoon,noun,2,2,base
spout,noun,2,2,base
stake,verb,2,2,base
stalk,verb,2,2,base
stance,noun,2,2,base
strand,noun,2,2,base
sustain,verb,2,2,base
texture,noun,2,2,base
there,noun,2,2,base
thorough,adjective,2,2,base
toy,noun,2,2,base
vacation,noun,2,2,base
valley,noun,2,2,base
volume,noun,2,2,base
watt,noun,2,2,base
no,determiner,163,1,base
tiny,adjective,76,1,base
get,verb,36,1,base
distant,adjective,26,1,base
electric,adjective,25,1,base
next,adjective,22,1,base
sky,noun,22,1,base
four,value,21,1,base
empty,adjective,19,1,base
early,adjective,18,1,base
rough,adjective,18,1,base
spin,verb,17,1,base
dark,adjective,16,1,base
dry,adjective,16,1,base
bee,noun,15,1,base
narrow,adjective,15,1,base
tea,noun,15,1,base
five,value,14,1,base
sacred,adjective,14,1,base
tall,adjective,14,1,base
thick,adjective,14,1,base
simple,adjective,13,1,base
harsh,adjective,12,1,base
hot,adjective,12,1,base
legal,adjective,12,1,base
miss,verb,12,1,base
dig,verb,11,1,base
loose,adjective,11,1,base
odd,adjective,10,1,base
prevent,verb,10,1,base
stir,verb,10,1,base
decorate,verb,9,1,base
delay,verb,9,1,base
door,noun,9,1,base
echo,verb,9,1,base
fancy,adjective,9,1,base
most,adjective,9,1,base
amaze,verb,8,1,base
exact,adjective,8,1,base
local,adjective,8,1,base
mud,noun,8,1,base
oppose,verb,8,1,base
personal,adjective,8,1,base
serious,adjective,8,1,base
smoke,verb,8,1,base
triangle,noun,8,1,base
yellow,adjective,8,1,base
always,adverb,7,1,base
attract,verb,7,1,base
brother,noun,7,1,base
core,verb,7,1,base
delicate,adjective,7,1,base
ease,noun,7,1,base
escape,verb,7,1,base
moon,noun,7,1,base
nervous,adjective,7,1,base
threat,noun,7,1,base
weave,verb,7,1,base
advance,verb,6,1,base
avoid,verb,6,1,base
continue,verb,6,1,base
excess,adjective,6,1,base
moist,adjective,6,1,base
pig,noun,6,1,base
rival,adjective,6,1,base
wed,verb,6,1,base
worm,noun,6,1,base
10^6,value,5,1,base
as,preposition,5,1,base
bitter,adjective,5,1,base
cancel,verb,5,1,base
carve,verb,5,1,base
cave,verb,5,1,base
defense,noun,5,1,base
drum,verb,5,1,base
drunk,adjective,5,1,base
eight,value,5,1,base
environment,noun,5,1,base
famous,adjective,5,1,base
formal,adjective,5,1,base
fox,noun,5,1,base
ghost,noun,5,1,base
market,verb,5,1,base
rob,noun,5,1,base
sheep,noun,5,1,base
suggest,verb,5,1,base
tail,noun,5,1,base
tempt,verb,5,1,base
trim,verb,5,1,base
window,noun,5,1,base
average,adjective,4,1,base
both,determiner,4,1,base
consider,verb,4,1,base
court,verb,4,1,base
direct,adjective,4,1,base
endure,verb,4,1,base
fasten,verb,4,1,base
father,noun,4,1,base
feather,noun,4,1,base
flaw,noun,4,1,base
herd,noun,4,1,base
knee,noun,4,1,base
leak,verb,4,1,base
loyalty,noun,4,1,base
lung,noun,4,1,base
mesh,noun,4,1,base
mystery,noun,4,1,base
original,adjective,4,1,base
pest,noun,4,1,base
pet,verb,4,1,base
quake,noun,4,1,base
rot,verb,4,1,base
rotate,verb,4,1,base
seize,verb,4,1,base
sorry,adjective,4,1,base
soul,noun,4,1,base
steer,verb,4,1,base
strain,verb,4,1,base
victory,noun,4,1,base
advantage,noun,3,1,base
announce,verb,3,1,base
approach,verb,3,1,base
awkward,adjective,3,1,base
bake,verb,3,1,base
bat,noun,3,1,base
bet,verb,3,1,base
bleed,verb,3,1,base
bless,verb,3,1,base
brick,noun,3,1,base
card,noun,3,1,base
chase,noun,3,1,base
cheer,verb,3,1,base
clay,noun,3,1,base
club,verb,3,1,base
crash,verb,3,1,base
curse,noun,3,1,base
dawn,noun,3,1,base
dine,verb,3,1,base
dispute,verb,3,1,base
dissolve,verb,3,1,base
drain,verb,3,1,base
entertain,noun,3,1,base
experience,verb,3,1,base
fade,verb,3,1,base
foresee,verb,3,1,base
forget,verb,3,1,base
general,adjective,3,1,base
generous,adjective,3,1,base
green,adjective,3,1,base
host,noun,3,1,base
insert,verb,3,1,base
just,adverb,3,1,base
keen,adjective,3,1,base
launch,verb,3,1,base
loan,verb,3,1,base
mail,verb,3,1,base
military,noun,3,1,base
nine,value,3,1,base
obvious,adjective,3,1,base
pee,verb,3,1,base
penalty,noun,3,1,base
plenty,determiner,3,1,base
preserve,verb,3,1,base
produce,verb,3,1,base
refer,verb,3,1,base
ruin,verb,3,1,base
scold,noun,3,1,base
shelf,noun,3,1,base
shoe,noun,3,1,base
shut,adjective,3,1,base
silk,noun,3,1,base
similar,adjective,3,1,base
slave,noun,3,1,base
sled,noun,3,1,base
stare,verb,3,1,base
summer,noun,3,1,base
tax,verb,3,1,base
tendency,noun,3,1,base
toss,verb,3,1,base
tread,noun,3,1,base
troop,noun,3,1,base
universe,noun,3,1,base
upon,preposition,3,1,base
wool,noun,3,1,base
acquire,verb,2,1,base
adult,adjective,2,1,base
anxious,adjective,2,1,base
arch,verb,2,1,base
artery,noun,2,1,base
assurance,noun,2,1,base
beg,verb,2,1,base
bolt,noun,2,1,base
bowel,noun,2,1,base
brand,verb,2,1,base
breeze,noun,2,1,base
bride,noun,2,1,base
brown,adjective,2,1,base
calculate,verb,2,1,base
candle,noun,2,1,base
cease,verb,2,1,base
cereal,noun,2,1,base
chaos,noun,2,1,base
coil,noun,2,1,base
comedy,noun,2,1,base
compare,noun,2,1,base
complain,verb,2,1,base
corn,noun,2,1,base
crisp,adjective,2,1,base
deer,noun,2,1,base
deny,verb,2,1,base
die,verb,2,1,base
disc,noun,2,1,base
drama,noun,2,1,base
drift,verb,2,1,base
due,adjective,2,1,base
dye,verb,2,1,base
ego,noun,2,1,base
embarrass,verb,2,1,base
evaluate,verb,2,1,base
exit,verb,2,1,base
extract,verb,2,1,base
fame,noun,2,1,base
fare,noun,2,1,base
fate,noun,2,1,base
flatter,verb,2,1,base
flinch,noun,2,1,base
flock,verb,2,1,base
folk,noun,2,1,base
fragment,verb,2,1,base
fry,verb,2,1,base
fur,noun,2,1,base
fuss,verb,2,1,base
gel,noun,2,1,base
giant,adjective,2,1,base
glory,noun,2,1,base
govern,verb,2,1,base
grape,noun,2,1,base
graph,noun,2,1,base
hatch,verb,2,1,base
honest,adjective,2,1,base
hug,verb,2,1,base
if,conjunction,2,1,base
ignore,verb,2,1,base
inhale,verb,2,1,base
instruct,verb,2,1,base
jam,verb,2,1,base
jelly,noun,2,1,base
lever,noun,2,1,base
mature,adjective,2,1,base
mine,verb,2,1,base
mob,noun,2,1,base
modest,adjective,2,1,base
mouse,noun,2,1,base
murmur,noun,2,1,base
nap,noun,2,1,base
nest,noun,2,1,base
nucleus,noun,2,1,base
owe,verb,2,1,base
paddle,noun,2,1,base
palm,noun,2,1,base
pilot,noun,2,1,base
pop,verb,2,1,base
popular,adjective,2,1,base
pretend,verb,2,1,base
promote,verb,2,1,base
prompt,adjective,2,1,base
propose,verb,2,1,base
purchase,verb,2,1,base
quote,verb,2,1,base
recognize,verb,2,1,base
regard,verb,2,1,base
rely,verb,2,1,base
resist,verb,2,1,base
revenge,noun,2,1,base
rim,noun,2,1,base
rumor,noun,2,1,base
scoop,noun,2,1,base
seem,verb,2,1,base
select,adjective,2,1,base
shore,verb,2,1,base
shrink,verb,2,1,base
sibling,noun,2,1,base
sip,verb,2,1,base
skull,noun,2,1,base
sober,verb,2,1,base
specific,adjective,2,1,base
spiral,verb,2,1,base
spool,noun,2,1,base
sting,verb,2,1,base
stock,noun,2,1,base
straw,noun,2,1,base
stroll,noun,2,1,base
swallow,verb,2,1,base
temporary,adjective,2,1,base
thaw,noun,2,1,base
tile,verb,2,1,base
tin,noun,2,1,base
toast,noun,2,1,base
treasure,noun,2,1,base
uniform,noun,2,1,base
uterus,noun,2,1,base
wine,noun,2,1,base
womb,noun,2,1,base
yield,verb,2,1,base
abandon,verb,1,1,base
abstain,noun,1,1,base
accelerate,verb,1,1,base
accent,verb,1,1,base
addict,noun,1,1,base
alter,verb,1,1,base
amp,noun,1,1,base
anesthetic,adjective,1,1,base
anus,noun,1,1,base
applause,noun,1,1,base
arrow,noun,1,1,base
aspect,noun,1,1,base
assault,noun,1,1,base
athlete,noun,1,1,base
attempt,verb,1,1,base
axis,noun,1,1,base
badge,noun,1,1,base
ban,verb,1,1,base
basis,noun,1,1,base
bead,noun,1,1,base
blemish,noun,1,1,base
blind,adjective,1,1,base
blink,verb,1,1,base
blog,noun,1,1,base
blue,adjective,1,1,base
blunt,adjective,1,1,base
bribe,verb,1,1,base
bully,verb,1,1,base
bun,noun,1,1,base
captain,noun,1,1,base
category,noun,1,1,base
ceramic,adjective,1,1,base
chair,verb,1,1,base
champion,noun,1,1,base
chant,verb,1,1,base
chunk,noun,1,1,base
chute,verb,1,1,base
clasp,noun,1,1,base
clause,noun,1,1,base
click,verb,1,1,base
client,noun,1,1,base
climate,noun,1,1,base
clip,verb,1,1,base
coast,noun,1,1,base
coffee,noun,1,1,base
coin,noun,1,1,base
collar,noun,1,1,base
comb,noun,1,1,base
commit,verb,1,1,base
comparison,noun,1,1,base
comply,verb,1,1,base
concept,noun,1,1,base
conquer,verb,1,1,base
consequence,noun,1,1,base
construct,verb,1,1,base
consume,verb,1,1,base
cot,noun,1,1,base
crab,noun,1,1,base
crave,verb,1,1,base
credit,verb,1,1,base
crew,noun,1,1,base
critique,noun,1,1,base
crocodile,noun,1,1,base
crust,noun,1,1,base
cube,verb,1,1,base
cuddle,noun,1,1,base
cue,verb,1,1,base
dart,verb,1,1,base
debris,noun,1,1,base
decent,adjective,1,1,base
dent,noun,1,1,base
dessert,noun,1,1,base
dial,noun,1,1,base
digest,verb,1,1,base
discover,verb,1,1,base
dome,noun,1,1,base
dough,noun,1,1,base
dread,noun,1,1,base
duration,noun,1,1,base
east,adjective,1,1,base
enroll,verb,1,1,base
erase,verb,1,1,base
essay,noun,1,1,base
essence,noun,1,1,base
establish,verb,1,1,base
estimate,verb,1,1,base
evacuate,verb,1,1,base
exist,verb,1,1,base
exposure,noun,1,1,base
expression,noun,1,1,base
fad,noun,1,1,base
fantasy,noun,1,1,base
fertile,adjective,1,1,base
festival,noun,1,1,base
fiction,noun,1,1,base
fist,noun,1,1,base
flap,noun,1,1,base
flare,verb,1,1,base
fowl,noun,1,1,base
fraction,noun,1,1,base
frequency,noun,1,1,base
fright,noun,1,1,base
frost,verb,1,1,base
furnace,noun,1,1,base
furniture,noun,1,1,base
fuse,noun,1,1,base
fuzz,verb,1,1,base
gang,verb,1,1,base
gem,noun,1,1,base
giggle,verb,1,1,base
glaze,noun,1,1,base
gradual,adjective,1,1,base
grate,verb,1,1,base
greet,verb,1,1,base
grin,noun,1,1,base
grudge,noun,1,1,base
gull,noun,1,1,base
harmony,noun,1,1,base
harp,noun,1,1,base
haze,noun,1,1,base
heel,noun,1,1,base
hello,interjection,1,1,base
hire,verb,1,1,base
hop,verb,1,1,base
hotel,noun,1,1,base
hour,noun,1,1,base
how,adverb,1,1,base
hull,noun,1,1,base
hum,noun,1,1,base
humid,adjective,1,1,base
humor,noun,1,1,base
icon,noun,1,1,base
identity,noun,1,1,base
imitate,verb,1,1,base
impress,verb,1,1,base
industry,noun,1,1,base
inn,noun,1,1,base
install,verb,1,1,base
instance,noun,1,1,base
instinct,noun,1,1,base
insult,verb,1,1,base
jail,noun,1,1,base
jerk,noun,1,1,base
jewelry,noun,1,1,base
jolt,noun,1,1,base
journal,noun,1,1,base
jug,noun,1,1,base
kin,noun,1,1,base
kiss,verb,1,1,base
kit,noun,1,1,base
knuckle,noun,1,1,base
lake,noun,1,1,base
lash,verb,1,1,base
latch,verb,1,1,base
leather,noun,1,1,base
lend,verb,1,1,base
lice,noun,1,1,base
lion,noun,1,1,base
loft,noun,1,1,base
lure,noun,1,1,base
mania,noun,1,1,base
masculine,adjective,1,1,base
mast,noun,1,1,base
melody,noun,1,1,base
minister,noun,1,1,base
mode,noun,1,1,base
molecule,noun,1,1,base
monopoly,noun,1,1,base
motive,noun,1,1,base
mount,verb,1,1,base
mug,noun,1,1,base
mush,noun,1,1,base
negotiate,verb,1,1,base
oar,noun,1,1,base
oath,noun,1,1,base
observe,verb,1,1,base
occasion,noun,1,1,base
ointment,noun,1,1,base
okay,interjection,1,1,base
onto,preposition,1,1,base
ore,noun,1,1,base
ovary,noun,1,1,base
oven,noun,1,1,base
package,verb,1,1,base
pal,noun,1,1,base
parade,noun,1,1,base
patch,verb,1,1,base
peach,noun,1,1,base
pellet,noun,1,1,base
penis,noun,1,1,base
pill,noun,1,1,base
pinch,noun,1,1,base
pink,adjective,1,1,base
pity,verb,1,1,base
plume,noun,1,1,base
pocket,noun,1,1,base
pod,noun,1,1,base
pool,verb,1,1,base
poop,verb,1,1,base
porch,noun,1,1,base
pose,verb,1,1,base
pray,verb,1,1,base
preach,verb,1,1,base
pregnant,adjective,1,1,base
prick,noun,1,1,base
principle,noun,1,1,base
profile,verb,1,1,base
project,verb,1,1,base
pronounce,verb,1,1,base
propaganda,noun,1,1,base
protest,verb,1,1,base
puff,noun,1,1,base
punch,verb,1,1,base
puncture,noun,1,1,base
rack,verb,1,1,base
register,verb,1,1,base
reign,verb,1,1,base
rein,verb,1,1,base
remedy,verb,1,1,base
reputation,noun,1,1,base
resent,verb,1,1,base
residue,noun,1,1,base
rite,noun,1,1,base
roast,verb,1,1,base
rocket,noun,1,1,base
routine,adjective,1,1,base
salad,noun,1,1,base
sandwich,noun,1,1,base
sane,noun,1,1,base
sausage,noun,1,1,base
scalp,noun,1,1,base
scheme,noun,1,1,base
sect,noun,1,1,base
seminar,noun,1,1,base
sensation,noun,1,1,base
serum,noun,1,1,base
shard,noun,1,1,base
shark,noun,1,1,base
sheath,noun,1,1,base
shrine,noun,1,1,base
silence,verb,1,1,base
silver,adjective,1,1,base
sin,noun,1,1,base
snatch,verb,1,1,base
sniff,verb,1,1,base
snout,noun,1,1,base
sole,adjective,1,1,base
spade,noun,1,1,base
span,verb,1,1,base
spare,adjective,1,1,base
spasm,noun,1,1,base
spawn,verb,1,1,base
speck,noun,1,1,base
splendor,noun,1,1,base
sponsor,verb,1,1,base
square,verb,1,1,base
stash,noun,1,1,base
statue,noun,1,1,base
sterile,adjective,1,1,base
steward,noun,1,1,base
stool,noun,1,1,base
strict,adjective,1,1,base
stupid,adjective,1,1,base
subscribe,verb,1,1,base
succeed,verb,1,1,base
surrender,noun,1,1,base
sync,noun,1,1,base
tablet,noun,1,1,base
temper,verb,1,1,base
terror,noun,1,1,base
thirst,noun,1,1,base
thrust,verb,1,1,base
till,preposition,1,1,base
token,adjective,1,1,base
ton,noun,1,1,base
trace,noun,1,1,base
transfer,verb,1,1,base
translate,verb,1,1,base
traverse,noun,1,1,base
tremor,noun,1,1,base
trend,verb,1,1,base
tumor,noun,1,1,base
tutor,noun,1,1,base
typical,adjective,1,1,base
umbrella,noun,1,1,base
unite,verb,1,1,base
valid,adjective,1,1,base
van,noun,1,1,base
vault,noun,1,1,base
verify,verb,1,1,base
violate,verb,1,1,base
vomit,verb,1,1,base
ware,noun,1,1,base
why,adverb,1,1,base
witness,noun,1,1,base
wizard,noun,1,1,base
yell,verb,1,1,base
zip,verb,1,1,base
little,adjective,53,0,base
single,adjective,40,0,base
old,adjective,39,0,base
below,adjective,37,0,base
multiple,adjective,32,0,base
seven,value,26,0,base
strange,adjective,26,0,base
extra,adjective,24,0,base
too,adverb,23,0,base
fake,adjective,21,0,base
very,adverb,21,0,base
common,adjective,16,0,base
vary,verb,15,0,base
hang,verb,14,0,base
separate,adjective,14,0,base
never,adverb,13,0,base
opposite,adjective,12,0,base
who,noun,12,0,base
huge,adjective,11,0,base
ink,verb,11,0,base
six,value,11,0,base
breast,noun,10,0,base
silent,adjective,10,0,base
dull,adjective,9,0,base
even,conjunction,9,0,base
rear,adjective,9,0,base
surround,verb,9,0,base
cow,noun,8,0,base
extend,verb,8,0,base
perfect,adjective,8,0,base
restore,verb,8,0,base
total,verb,8,0,base
bury,verb,7,0,base
flex,noun,7,0,base
float,verb,7,0,base
forbid,verb,7,0,base
heaven,noun,7,0,base
late,adjective,7,0,base
mock,verb,7,0,base
neck,noun,7,0,base
positive,adjective,7,0,base
rebel,adjective,7,0,base
recover,verb,7,0,base
sand,noun,7,0,base
slant,noun,7,0,base
anti,noun,6,0,base
difficult,adjective,6,0,base
divine,adjective,6,0,base
every,determiner,6,0,base
grind,verb,6,0,base
intense,adjective,6,0,base
let,verb,6,0,base
royal,adjective,6,0,base
sour,adjective,6,0,base
sparkle,verb,6,0,base
swing,verb,6,0,base
tough,adjective,6,0,base
wipe,verb,6,0,base
ancient,adjective,5,0,base
any,determiner,5,0,base
become,verb,5,0,base
certain,adjective,5,0,base
declare,verb,5,0,base
evening,noun,5,0,base
gulp,verb,5,0,base
gum,noun,5,0,base
honey,noun,5,0,base
ideal,adjective,5,0,base
morning,noun,5,0,base
native,noun,5,0,base
remember,verb,5,0,base
repair,verb,5,0,base
sly,adjective,5,0,base
soap,noun,5,0,base
soothe,verb,5,0,base
spit,verb,5,0,base
tilt,noun,5,0,base
wax,verb,5,0,base
a,determiner,4,0,base
attach,verb,4,0,base
beside,adjective,4,0,base
blast,verb,4,0,base
broad,adjective,4,0,base
cheat,verb,4,0,base
confirm,verb,4,0,base
deceit,noun,4,0,base
discuss,verb,4,0,base
dual,adjective,4,0,base
express,adjective,4,0,base
filter,verb,4,0,base
flag,verb,4,0,base
humble,adjective,4,0,base
immune,noun,4,0,base
internal,adjective,4,0,base
non,adverb,4,0,base
plain,adjective,4,0,base
prepare,verb,4,0,base
random,adjective,4,0,base
require,verb,4,0,base
shadow,noun,4,0,base
slippery,adjective,4,0,base
sneak,verb,4,0,base
splash,verb,4,0,base
stubborn,adjective,4,0,base
the,determiner,4,0,base
urgent,adjective,4,0,base
visual,adjective,4,0,base
wake,verb,4,0,base
weird,adjective,4,0,base
alert,adjective,3,0,base
allure,noun,3,0,base
among,preposition,3,0,base
amuse,verb,3,0,base
and,conjunction,3,0,base
assume,verb,3,0,base
automatic,adjective,3,0,base
betray,verb,3,0,base
bore,verb,3,0,base
buzz,verb,3,0,base
cautious,adjective,3,0,base
central,adjective,3,0,base
constant,adjective,3,0,base
curious,adjective,3,0,base
curl,verb,3,0,base
dad,noun,3,0,base
dare,verb,3,0,base
defeat,verb,3,0,base
diplomatic,adjective,3,0,base
drag,verb,3,0,base
dummy,adjective,3,0,base
encourage,verb,3,0,base
external,adjective,3,0,base
faint,adjective,3,0,base
few,determiner,3,0,base
flip,verb,3,0,base
funeral,noun,3,0,base
hay,noun,3,0,base
hog,noun,3,0,base
hood,noun,3,0,base
interrupt,verb,3,0,base
isolate,verb,3,0,base
lazy,adjective,3,0,base
lineage,noun,3,0,base
mutual,adjective,3,0,base
navy,noun,3,0,base
neutral,adjective,3,0,base
noon,noun,3,0,base
once,adverb,3,0,base
pierce,noun,3,0,base
plead,verb,3,0,base
private,adjective,3,0,base
pulse,noun,3,0,base
punish,verb,3,0,base
raw,adjective,3,0,base
reckless,adjective,3,0,base
reject,verb,3,0,base
rescue,noun,3,0,base
secure,adjective,3,0,base
sink,verb,3,0,base
smash,verb,3,0,base
society,noun,3,0,base
spike,noun,3,0,base
staff,verb,3,0,base
steep,adjective,3,0,base
stiff,adjective,3,0,base
survive,verb,3,0,base
swamp,noun,3,0,base
sway,verb,3,0,base
tangle,verb,3,0,base
that,determiner,3,0,base
theater,noun,3,0,base
tremble,verb,3,0,base
absolute,adjective,2,0,base
abundant,adjective,2,0,base
adequate,adjective,2,0,base
ally,noun,2,0,base
almost,adverb,2,0,base
ant,noun,2,0,base
appendix,noun,2,0,base
barren,adjective,2,0,base
bean,noun,2,0,base
belong,verb,2,0,base
belt,verb,2,0,base
bob,noun,2,0,base
bull,noun,2,0,base
cable,noun,2,0,base
calendar,noun,2,0,base
cattle,noun,2,0,base
clap,verb,2,0,base
clumsy,adjective,2,0,base
collapse,verb,2,0,base
community,noun,2,0,base
conscious,adjective,2,0,base
cozy,adjective,2,0,base
crease,noun,2,0,base
creep,verb,2,0,base
cute,adjective,2,0,base
dash,verb,2,0,base
deceive,verb,2,0,base
decrease,verb,2,0,base
define,verb,2,0,base
defy,verb,2,0,base
delight,verb,2,0,base
dense,adjective,2,0,base
devote,verb,2,0,base
disappoint,verb,2,0,base
elevate,verb,2,0,base
embryo,noun,2,0,base
engage,verb,2,0,base
entire,adjective,2,0,base
exercise,verb,2,0,base
expand,verb,2,0,base
explode,verb,2,0,base
fierce,adjective,2,0,base
finger,noun,2,0,base
flee,verb,2,0,base
foreign,adjective,2,0,base
foul,adjective,2,0,base
fragrant,adjective,2,0,base
fringe,adjective,2,0,base
gesture,noun,2,0,base
gloom,noun,2,0,base
grand,adjective,2,0,base
grid,noun,2,0,base
grill,verb,2,0,base
guarantee,verb,2,0,base
hasty,adjective,2,0,base
hip,noun,2,0,base
hunger,noun,2,0,base
idol,noun,2,0,base
imagine,verb,2,0,base
inform,verb,2,0,base
kept,verb,2,0,base
kidney,noun,2,0,base
knight,noun,2,0,base
knit,verb,2,0,base
lateral,adjective,2,0,base
lemon,noun,2,0,base
lens,noun,2,0,base
luggage,noun,2,0,base
luxury,noun,2,0,base
minor,adjective,2,0,base
needle,noun,2,0,base
nipple,noun,2,0,base
notch,noun,2,0,base
nothing,noun,2,0,base
pale,adjective,2,0,base
particular,adjective,2,0,base
passage,noun,2,0,base
population,noun,2,0,base
practical,adjective,2,0,base
predict,verb,2,0,base
prefer,verb,2,0,base
quit,verb,2,0,base
rapid,adjective,2,0,base
reproduce,verb,2,0,base
research,verb,2,0,base
review,verb,2,0,base
scrape,verb,2,0,base
sensitive,adjective,2,0,base
shoulder,noun,2,0,base
shy,adjective,2,0,base
skip,noun,2,0,base
sleeve,noun,2,0,base
snap,verb,2,0,base
spice,verb,2,0,base
spy,verb,2,0,base
stew,noun,2,0,base
strategy,noun,2,0,base
strut,noun,2,0,base
superior,adjective,2,0,base
swim,verb,2,0,base
switch,verb,2,0,base
this,determiner,2,0,base
tobacco,noun,2,0,base
tow,noun,2,0,base
toxic,adjective,2,0,base
transform,verb,2,0,base
trash,noun,2,0,base
twelve,value,2,0,base
unique,adjective,2,0,base
universal,adjective,2,0,base
unravel,verb,2,0,base
vertical,adjective,2,0,base
waist,noun,2,0,base
wiggle,noun,2,0,base
wrist,noun,2,0,base
yard,noun,2,0,base
10^12,value,1,0,base
absurd,adjective,1,0,base
adhesive,adjective,1,0,base
admit,verb,1,0,base
adventure,noun,1,0,base
aggressive,adjective,1,0,base
alien,noun,1,0,base
altitude,noun,1,0,base
ancestor,noun,1,0,base
angel,noun,1,0,base
apparent,adjective,1,0,base
appreciate,verb,1,0,base
arena,noun,1,0,base
arrogant,adjective,1,0,base
arson,noun,1,0,base
artificial,adjective,1,0,base
associate,verb,1,0,base
atmosphere,noun,1,0,base
attend,verb,1,0,base
aversion,noun,1,0,base
await,verb,1,0,base
awful,adjective,1,0,base
balloon,noun,1,0,base
banana,noun,1,0,base
barley,noun,1,0,base
beer,noun,1,0,base
beneath,adjective,1,0,base
bid,verb,1,0,base
bladder,noun,1,0,base
blot,noun,1,0,base
bonus,noun,1,0,base
borrow,verb,1,0,base
brag,noun,1,0,base
braid,noun,1,0,base
bruise,verb,1,0,base
burp,verb,1,0,base
burrow,noun,1,0,base
cabbage,noun,1,0,base
casual,adjective,1,0,base
caution,verb,1,0,base
celebrate,verb,1,0,base
certificate,noun,1,0,base
chaotic,adjective,1,0,base
char,noun,1,0,base
cheek,noun,1,0,base
chick,noun,1,0,base
choir,noun,1,0,base
choke,noun,1,0,base
chronic,adjective,1,0,base
citizen,noun,1,0,base
clamp,noun,1,0,base
clan,noun,1,0,base
clatter,noun,1,0,base
claw,verb,1,0,base
cliff,noun,1,0,base
clot,noun,1,0,base
cluster,noun,1,0,base
cob,noun,1,0,base
cock,noun,1,0,base
college,noun,1,0,base
colon,noun,1,0,base
combat,verb,1,0,base
compete,verb,1,0,base
compress,noun,1,0,base
condemn,verb,1,0,base
confess,verb,1,0,base
confine,noun,1,0,base
consent,verb,1,0,base
contact,verb,1,0,base
contaminate,verb,1,0,base
convert,verb,1,0,base
copper,noun,1,0,base
corpse,noun,1,0,base
council,noun,1,0,base
crimson,noun,1,0,base
crooked,verb,1,0,base
crow,noun,1,0,base
crucial,adjective,1,0,base
crude,adjective,1,0,base
cucumber,noun,1,0,base
cunning,adjective,1,0,base
damp,adjective,1,0,base
dandy,noun,1,0,base
dangle,noun,1,0,base
daze,verb,1,0,base
decline,verb,1,0,base
dedicate,verb,1,0,base
defend,verb,1,0,base
definite,adjective,1,0,base
degree,noun,1,0,base
delegate,verb,1,0,base
deliver,verb,1,0,base
demonstrate,verb,1,0,base
density,noun,1,0,base
describe,verb,1,0,base
deserve,verb,1,0,base
detect,verb,1,0,base
dew,noun,1,0,base
digit,noun,1,0,base
diligent,adjective,1,0,base
diminish,verb,1,0,base
disguise,verb,1,0,base
dispatch,verb,1,0,base
disrupt,verb,1,0,base
distinct,adjective,1,0,base
district,noun,1,0,base
divorce,verb,1,0,base
dizzy,adjective,1,0,base
donate,verb,1,0,base
dose,noun,1,0,base
drill,verb,1,0,base
drool,noun,1,0,base
duck,noun,1,0,base
dumpling,verb,1,0,base
dusk,noun,1,0,base
each,determiner,1,0,base
elder,adjective,1,0,base
elegant,adjective,1,0,base
else,determiner,1,0,base
embrace,verb,1,0,base
enthusiastic,adjective,1,0,base
entice,verb,1,0,base
era,noun,1,0,base
escort,noun,1,0,base
exceed,verb,1,0,base
exclusive,adjective,1,0,base
expel,verb,1,0,base
explore,verb,1,0,base
expose,verb,1,0,base
feces,noun,1,0,base
fern,noun,1,0,base
fever,noun,1,0,base
fizz,noun,1,0,base
flair,noun,1,0,base
flake,verb,1,0,base
flax,noun,1,0,base
fluff,noun,1,0,base
font,noun,1,0,base
fork,verb,1,0,base
fortunate,adjective,1,0,base
fragile,adjective,1,0,base
fragrance,noun,1,0,base
frog,noun,1,0,base
frown,verb,1,0,base
fumble,noun,1,0,base
funnel,noun,1,0,base
global,adjective,1,0,base
gloss,verb,1,0,base
gossip,verb,1,0,base
gourd,noun,1,0,base
gray,adjective,1,0,base
grease,noun,1,0,base
greed,noun,1,0,base
groove,noun,1,0,base
grumpy,adjective,1,0,base
harbor,noun,1,0,base
harvest,verb,1,0,base
heir,noun,1,0,base
helm,noun,1,0,base
herb,noun,1,0,base
heritage,noun,1,0,base
hesitate,verb,1,0,base
hoof,noun,1,0,base
horizontal,adjective,1,0,base
hospital,noun,1,0,base
hostile,adjective,1,0,base
i,noun,1,0,base
inflate,verb,1,0,base
influence,verb,1,0,base
initiate,verb,1,0,base
inquire,verb,1,0,base
inquisitive,adjective,1,0,base
instant,adjective,1,0,base
intend,verb,1,0,base
interfere,noun,1,0,base
intestine,noun,1,0,base
investigate,verb,1,0,base
invisible,adjective,1,0,base
jealous,adjective,1,0,base
jewel,noun,1,0,base
jumbo,noun,1,0,base
kick,verb,1,0,base
ladder,noun,1,0,base
lamb,noun,1,0,base
lamp,noun,1,0,base
larva,noun,1,0,base
leap,verb,1,0,base
least,determiner,1,0,base
legend,noun,1,0,base
leisure,noun,1,0,base
lewd,adjective,1,0,base
library,noun,1,0,base
license,verb,1,0,base
limp,adjective,1,0,base
linger,verb,1,0,base
liquor,noun,1,0,base
lobe,noun,1,0,base
lodge,verb,1,0,base
lone,noun,1,0,base
maintain,verb,1,0,base
mammal,noun,1,0,base
marsh,noun,1,0,base
may,verb,1,0,base
mechanic,noun,1,0,base
mechanism,noun,1,0,base
meditate,verb,1,0,base
mild,adjective,1,0,base
mimic,verb,1,0,base
minimum,adjective,1,0,base
mint,noun,1,0,base
mirror,verb,1,0,base
missile,noun,1,0,base
mobile,adjective,1,0,base
modern,adjective,1,0,base
mope,noun,1,0,base
mourn,verb,1,0,base
mucus,noun,1,0,base
naive,adjective,1,0,base
naughty,adjective,1,0,base
nausea,noun,1,0,base
north,adjective,1,0,base
nuisance,noun,1,0,base
nurse,verb,1,0,base
oak,noun,1,0,base
oat,noun,1,0,base
obsess,verb,1,0,base
obstacle,noun,1,0,base
offend,verb,1,0,base
omen,noun,1,0,base
or,conjunction,1,0,base
orange,adjective,1,0,base
orbit,verb,1,0,base
oval,adjective,1,0,base
owl,noun,1,0,base
pamper,verb,1,0,base
pant,noun,1,0,base
parallel,verb,1,0,base
parasite,noun,1,0,base
park,verb,1,0,base
pastry,noun,1,0,base
pea,noun,1,0,base
permanent,adjective,1,0,base
permit,verb,1,0,base
pimple,noun,1,0,base
plait,noun,1,0,base
planet,noun,1,0,base
plump,verb,1,0,base
police,verb,1,0,base
poll,verb,1,0,base
precious,adjective,1,0,base
privilege,noun,1,0,base
prohibit,verb,1,0,base
prominent,adjective,1,0,base
prophet,noun,1,0,base
proportion,noun,1,0,base
prostitute,noun,1,0,base
pupil,noun,1,0,base
purple,adjective,1,0,base
pus,noun,1,0,base
quill,noun,1,0,base
racket,noun,1,0,base
raft,noun,1,0,base
raid,noun,1,0,base
rare,adjective,1,0,base
reflect,verb,1,0,base
refuge,noun,1,0,base
remote,adjective,1,0,base
renounce,verb,1,0,base
repent,verb,1,0,base
resource,noun,1,0,base
respond,verb,1,0,base
retaliate,verb,1,0,base
reveal,verb,1,0,base
revise,verb,1,0,base
ridge,noun,1,0,base
roam,verb,1,0,base
rodent,noun,1,0,base
rowdy,noun,1,0,base
sacrifice,verb,1,0,base
saliva,noun,1,0,base
sanitary,adjective,1,0,base
sap,noun,1,0,base
satire,noun,1,0,base
scandal,noun,1,0,base
schedule,verb,1,0,base
score,verb,1,0,base
scorn,noun,1,0,base
seductive,adjective,1,0,base
severe,adjective,1,0,base
sewage,noun,1,0,base
shack,verb,1,0,base
shaving,verb,1,0,base
shred,noun,1,0,base
shun,verb,1,0,base
signature,noun,1,0,base
sister,noun,1,0,base
slogan,noun,1,0,base
smear,noun,1,0,base
snail,noun,1,0,base
snob,noun,1,0,base
snoop,noun,1,0,base
snort,noun,1,0,base
snot,noun,1,0,base
snug,noun,1,0,base
solo,noun,1,0,base
some,determiner,1,0,base
soon,adjective,1,0,base
soup,noun,1,0,base
spectrum,noun,1,0,base
sperm,noun,1,0,base
spite,verb,1,0,base
spleen,noun,1,0,base
spontaneous,adjective,1,0,base
squash,noun,1,0,base
squat,adjective,1,0,base
squeak,noun,1,0,base
squirm,noun,1,0,base
stamp,verb,1,0,base
steam,noun,1,0,base
stray,adjective,1,0,base
strive,verb,1,0,base
stumble,verb,1,0,base
subject,verb,1,0,base
substitute,verb,1,0,base
sue,noun,1,0,base
suppress,verb,1,0,base
suspend,verb,1,0,base
sympathy,noun,1,0,base
these,determiner,1,0,base
thigh,noun,1,0,base
threshold,noun,1,0,base
ticket,noun,1,0,base
timber,noun,1,0,base
tomorrow,adverb,1,0,base
trail,noun,1,0,base
transparent,adjective,1,0,base
trench,noun,1,0,base
tribe,noun,1,0,base
trinket,noun,1,0,base
tumble,verb,1,0,base
tunnel,verb,1,0,base
twin,verb,1,0,base
twirl,noun,1,0,base
urban,adjective,1,0,base
vague,adjective,1,0,base
vapor,noun,1,0,base
velocity,noun,1,0,base
vent,noun,1,0,base
vibe,verb,1,0,base
vibrate,verb,1,0,base
video,noun,1,0,base
vintage,noun,1,0,base
vital,adjective,1,0,base
vivid,adjective,1,0,base
void,verb,1,0,base
voltage,noun,1,0,base
wage,noun,1,0,base
what,determiner,1,0,base
while,conjunction,1,0,base
whim,noun,1,0,base
whimsical,adjective,1,0,base
whine,noun,1,0,base
whirl,noun,1,0,base
wig,noun,1,0,base
witch,noun,1,0,base
wobble,noun,1,0,base
yet,conjunction,1,0,base
you,noun,1,0,base
10^15,,0,0,lost
10^18,,0,0,lost
10^21,,0,0,lost
10^24,,0,0,pin
10^27,,0,0,pin
10^30,,0,0,lost
10^33,,0,0,pin
10^36,,0,0,lost
10^39,,0,0,lost
10^42,,0,0,pin
10^45,,0,0,pin
10^48,,0,0,lost
10^9,,0,0,pin
abort,verb,0,0,base
abroad,adverb,0,0,base
absense,,0,0,pin
absent,adjective,0,0,base
abstract,adjective,0,0,base
abyss,noun,0,0,base
academy,noun,0,0,base
accommodate,verb,0,0,base
accompany,verb,0,0,base
accord,verb,0,0,base
accumulate,verb,0,0,base
accurate,adjective,0,0,base
ace,verb,0,0,base
acorn,noun,0,0,base
acoustic,adjective,0,0,base
acre,noun,0,0,base
action,,0,0,core
action instance,,0,0,pin
action type,,0,0,pin
active,,0,0,pin
actual,adjective,0,0,base
acute,adjective,0,0,base
adapt,verb,0,0,base
address,verb,0,0,base
adhere,noun,0,0,base
adjacent,adjective,0,0,base
administer,verb,0,0,base
admire,noun,0,0,base
adopt,verb,0,0,base
advise,verb,0,0,base
affair,noun,0,0,base
afford,verb,0,0,base
afterward,noun,0,0,base
aggregate,verb,0,0,base
agitated,verb,0,0,base
ago,adverb,0,0,base
ah,interjection,0,0,base
aha,interjection,0,0,base
alarm,verb,0,0,base
alas,interjection,0,0,base
algorithm,noun,0,0,base
alias,noun,0,0,base
allegiance,noun,0,0,base
alley,noun,0,0,base
already,adverb,0,0,base
also,adverb,0,0,base
altar,noun,0,0,base
alternate,adjective,0,0,base
although,conjunction,0,0,base
alto,noun,0,0,base
ambiguous,adjective,0,0,base
ambush,noun,0,0,base
ammonia,noun,0,0,base
analyze,verb,0,0,base
anchor,verb,0,0,base
anguish,noun,0,0,base
ankle,noun,0,0,base
anomaly,noun,0,0,base
another,determiner,0,0,base
antenna,noun,0,0,base
anticipate,verb,0,0,base
anyone,noun,0,0,base
anything,noun,0,0,base
apathy,noun,0,0,base
ape,noun,0,0,base
apology,noun,0,0,base
apparatus,noun,0,0,base
appendage,noun,0,0,base
appetite,noun,0,0,base
apple,noun,0,0,base
apply,verb,0,0,base
appoint,verb,0,0,base
appropriate,adjective,0,0,base
approximate,adjective,0,0,base
arbitrary,adjective,0,0,base
archive,verb,0,0,base
arithmetic,noun,0,0,base
arouse,verb,0,0,base
artifact,noun,0,0,base
ascend,verb,0,0,base
asleep,adjective,0,0,base
assemble,verb,0,0,base
assert,verb,0,0,base
assimilate,verb,0,0,base
attribute,verb,0,0,base
audio,noun,0,0,base
audit,noun,0,0,base
aura,noun,0,0,base
autumn,noun,0,0,base
available,adjective,0,0,base
awe,noun,0,0,base
backward,,0,0,core
bacteria,noun,0,0,base
bait,noun,0,0,base
bang,verb,0,0,base
barb,noun,0,0,base
bargain,verb,0,0,base
basin,noun,0,0,base
bask,noun,0,0,base
bass,noun,0,0,base
batch,noun,0,0,base
bathe,verb,0,0,base
battery,noun,0,0,base
beach,noun,0,0,base
beak,noun,0,0,base
beard,noun,0,0,base
because,conjunction,0,0,base
beep,noun,0,0,base
behave,verb,0,0,base
beige,adjective,0,0,said
being,,0,0,pin
belief,,0,0,pin
bile,noun,0,0,base
bill,noun,0,0,base
bland,adjective,0,0,base
blank,adjective,0,0,base
bliss,noun,0,0,base
bloat,verb,0,0,base
blob,noun,0,0,base
bluff,noun,0,0,base
blur,verb,0,0,base
boast,verb,0,0,base
bog,verb,0,0,base
bondage,noun,0,0,base
boom,verb,0,0,base
border,,0,0,pin
born,verb,0,0,base
bound,adjective,0,0,base
boundary,,0,0,pin
bracken,verb,0,0,base
brake,verb,0,0,base
bran,noun,0,0,base
bravo,interjection,0,0,base
bridge,verb,0,0,base
brilliant,adjective,0,0,base
brim,noun,0,0,base
brittle,noun,0,0,base
broken,adjective,0,0,base
brood,noun,0,0,base
broth,noun,0,0,base
brow,noun,0,0,base
browse,noun,0,0,base
buckle,verb,0,0,base
bud,verb,0,0,base
buff,adjective,0,0,base
buffer,verb,0,0,base
bulb,noun,0,0,base
bulk,verb,0,0,base
bullet,noun,0,0,base
bust,verb,0,0,base
but,conjunction,0,0,base
butcher,noun,0,0,base
butt,verb,0,0,base
butter,noun,0,0,base
byte,noun,0,0,base
cache,noun,0,0,base
cactus,noun,0,0,base
cage,verb,0,0,base
calcium,noun,0,0,base
calculus,noun,0,0,base
camouflage,noun,0,0,base
cancer,noun,0,0,base
candidate,noun,0,0,base
candor,noun,0,0,base
cannot,verb,0,0,base
canon,noun,0,0,base
canvas,noun,0,0,base
canyon,noun,0,0,base
capability,,0,0,pin
capacity,noun,0,0,base
capital,noun,0,0,base
carcass,noun,0,0,base
cardinal,adjective,0,0,base
carp,noun,0,0,base
cartilage,noun,0,0,base
cascade,noun,0,0,base
castle,noun,0,0,base
catalog,verb,0,0,base
cavity,noun,0,0,base
ceiling,noun,0,0,base
celsius,noun,0,0,base
cement,noun,0,0,base
century,noun,0,0,base
chalk,noun,0,0,base
chapter,noun,0,0,base
cheap,adjective,0,0,base
cheese,noun,0,0,base
chime,noun,0,0,base
chin,noun,0,0,base
chisel,noun,0,0,base
chlorine,noun,0,0,base
chocolate,noun,0,0,base
choice,,0,0,pin
chord,noun,0,0,base
chorus,noun,0,0,base
chuck,noun,0,0,base
cigarette,noun,0,0,base
circuit,noun,0,0,base
circulate,verb,0,0,base
circumvent,verb,0,0,base
citrus,noun,0,0,base
civil,adjective,0,0,base
clam,noun,0,0,base
clang,noun,0,0,base
clarify,,0,0,pin
cleanse,verb,0,0,base
clerk,noun,0,0,base
cling,verb,0,0,base
clitoris,noun,0,0,base
clone,verb,0,0,base
closure,noun,0,0,base
clutch,noun,0,0,base
coarse,adjective,0,0,base
cobalt,noun,0,0,base
cod,noun,0,0,base
coincide,verb,0,0,base
collaborate,verb,0,0,base
collection,,0,0,pin
collide,verb,0,0,base
colony,noun,0,0,base
column,noun,0,0,base
communicate,verb,0,0,base
compact,noun,0,0,base
compass,noun,0,0,base
compassion,noun,0,0,base
compatible,adjective,0,0,base
compel,verb,0,0,base
complaint,noun,0,0,base
complement,noun,0,0,base
component,noun,0,0,base
compose,verb,0,0,base
composite,noun,0,0,base
compulsion,noun,0,0,base
computation,,0,0,pin
compute,verb,0,0,base
conceal,verb,0,0,base
conceive,verb,0,0,base
concentrate,verb,0,0,base
concert,noun,0,0,base
conclude,verb,0,0,base
concrete,adjective,0,0,base
cone,noun,0,0,base
confidence,,0,0,pin
confident,adjective,0,0,base
configuration,noun,0,0,base
conform,verb,0,0,base
confound,noun,0,0,base
confront,verb,0,0,base
congestion,noun,0,0,base
conjure,verb,0,0,base
conserve,verb,0,0,base
conspicuous,adjective,0,0,base
constellation,noun,0,0,base
constitute,verb,0,0,base
constraint,,0,0,pin
container,noun,0,0,base
contempt,noun,0,0,base
context,noun,0,0,base
continuous,,0,0,pin
contradict,verb,0,0,base
contrast,verb,0,0,base
contribute,verb,0,0,base
convenient,adjective,0,0,base
converge,verb,0,0,base
conversation,noun,0,0,base
convey,verb,0,0,base
conviction,noun,0,0,base
cooperate,verb,0,0,base
coordinate,verb,0,0,base
cope,verb,0,0,base
coral,noun,0,0,base
correspond,verb,0,0,base
corrupt,adjective,0,0,base
cosine,,0,0,pin
cotton,noun,0,0,base
cousin,noun,0,0,base
covenant,noun,0,0,base
covering,verb,0,0,base
coward,noun,0,0,base
cradle,noun,0,0,base
cramp,verb,0,0,base
crane,noun,0,0,base
cranium,noun,0,0,base
crank,noun,0,0,base
crater,noun,0,0,base
crawl,verb,0,0,base
creak,noun,0,0,base
creek,noun,0,0,base
crescent,noun,0,0,base
crest,noun,0,0,base
critic,noun,0,0,base
crotch,noun,0,0,base
crouch,noun,0,0,base
crumb,noun,0,0,base
crumble,verb,0,0,base
crunch,noun,0,0,base
cryptic,adjective,0,0,base
cuckoo,noun,0,0,base
cultivate,verb,0,0,base
curiosity,noun,0,0,base
currency,noun,0,0,base
curtain,noun,0,0,base
custom,noun,0,0,base
cyan,adjective,0,0,said
cylinder,noun,0,0,base
cynical,adjective,0,0,base
daughter,noun,0,0,base
daylight,noun,0,0,base
dazzle,verb,0,0,base
deaf,adjective,0,0,base
decimal,noun,0,0,base
deck,noun,0,0,base
decode,verb,0,0,base
deduce,verb,0,0,base
default,noun,0,0,base
defect,verb,0,0,base
deficit,noun,0,0,base
degrade,verb,0,0,base
delete,verb,0,0,base
deliberate,adjective,0,0,base
delicious,adjective,0,0,base
demon,noun,0,0,base
depart,verb,0,0,base
depict,verb,0,0,base
depot,noun,0,0,base
depress,verb,0,0,base
depression,noun,0,0,base
deprive,noun,0,0,base
derive,verb,0,0,base
descend,verb,0,0,base
desert,verb,0,0,base
designate,verb,0,0,base
desk,noun,0,0,base
despair,noun,0,0,base
destination,noun,0,0,base
destiny,noun,0,0,base
detach,verb,0,0,base
determine,verb,0,0,base
deviate,verb,0,0,base
devil,noun,0,0,base
diagonal,adjective,0,0,base
diagram,noun,0,0,base
dialect,noun,0,0,base
diameter,noun,0,0,base
diaphragm,noun,0,0,base
dictate,verb,0,0,base
differ,verb,0,0,base
different,,0,0,pin
diffuse,adjective,0,0,base
dignity,noun,0,0,base
dim,adjective,0,0,base
dimension,noun,0,0,base
discern,verb,0,0,base
discharge,verb,0,0,base
discipline,verb,0,0,base
disconnect,,0,0,pin
discrete,,0,0,pin
dismiss,verb,0,0,base
disperse,verb,0,0,base
dispose,verb,0,0,base
distinguish,verb,0,0,base
distract,verb,0,0,base
disturb,verb,0,0,base
diverse,adjective,0,0,base
diversity,,0,0,pin
doctrine,noun,0,0,base
doing,,0,0,pin
doll,noun,0,0,base
dollar,noun,0,0,base
domain,noun,0,0,base
domestic,adjective,0,0,base
dormant,adjective,0,0,base
dove,verb,0,0,base
draft,verb,0,0,base
dragon,noun,0,0,base
drought,noun,0,0,base
drown,verb,0,0,base
duct,noun,0,0,base
dumb,adjective,0,0,base
dump,verb,0,0,base
duplicate,verb,0,0,base
during,preposition,0,0,base
dwarf,noun,0,0,base
dynamic,adjective,0,0,base
eagle,noun,0,0,base
ecstasy,noun,0,0,base
edit,verb,0,0,base
eel,noun,0,0,base
efficient,adjective,0,0,base
either,conjunction,0,0,base
elastic,adjective,0,0,base
elbow,noun,0,0,base
elect,verb,0,0,base
elephant,noun,0,0,base
eleven,,0,0,pin
elicit,adjective,0,0,base
ellipse,noun,0,0,base
eloquent,adjective,0,0,base
embed,verb,0,0,base
emerge,verb,0,0,base
emergency,noun,0,0,base
empathy,noun,0,0,base
emphasis,noun,0,0,base
empire,noun,0,0,base
enable,verb,0,0,base
enlighten,verb,0,0,base
enormous,adjective,0,0,base
ensure,verb,0,0,base
entity,,0,0,core
envelope,noun,0,0,base
envy,verb,0,0,base
enzyme,noun,0,0,base
epic,adjective,0,0,base
episode,noun,0,0,base
equilibrium,noun,0,0,base
equivalent,adjective,0,0,base
erect,adjective,0,0,base
erosion,noun,0,0,base
eternal,adjective,0,0,base
ether,noun,0,0,base
ethics,noun,0,0,base
ever,adverb,0,0,base
evidence,noun,0,0,base
evolution,noun,0,0,base
evolve,verb,0,0,base
excellent,adjective,0,0,base
except,preposition,0,0,base
exclude,verb,0,0,base
exempt,adjective,0,0,base
exhale,,0,0,pin
exhaust,verb,0,0,base
expansion,noun,0,0,base
experiment,verb,0,0,base
expire,verb,0,0,base
explicit,adjective,0,0,base
exploit,verb,0,0,base
exponent,noun,0,0,base
export,verb,0,0,base
extent,noun,0,0,base
exterior,noun,0,0,base
extinct,noun,0,0,base
extinguish,verb,0,0,base
extravagant,adjective,0,0,base
eyelash,noun,0,0,base
facilitate,verb,0,0,base
fahrenheit,noun,0,0,base
fairy,noun,0,0,base
feat,noun,0,0,base
feature instance,,0,0,pin
feature type,,0,0,pin
feeble,adjective,0,0,base
fellow,adjective,0,0,base
ferry,noun,0,0,base
fetch,verb,0,0,base
feud,noun,0,0,base
fiddle,noun,0,0,base
fifteen,,0,0,pin
file,verb,0,0,base
fin,noun,0,0,base
finite,adjective,0,0,base
fleet,noun,0,0,base
flop,verb,0,0,base
flour,noun,0,0,base
flush,noun,0,0,base
flute,noun,0,0,base
flutter,noun,0,0,base
foil,verb,0,0,base
follower,,0,0,pin
folly,noun,0,0,base
fond,adjective,0,0,base
forge,verb,0,0,base
format,verb,0,0,base
formula,noun,0,0,base
fort,noun,0,0,base
forward,,0,0,core
found,verb,0,0,base
fountain,noun,0,0,base
fourteen,,0,0,pin
fracture,verb,0,0,base
frail,adjective,0,0,base
frank,adjective,0,0,base
frenzy,noun,0,0,base
fret,noun,0,0,base
friction,noun,0,0,base
fulfill,verb,0,0,base
gag,verb,0,0,base
gall,noun,0,0,base
gallon,noun,0,0,base
gallop,noun,0,0,base
gamble,noun,0,0,base
garage,noun,0,0,base
gasoline,noun,0,0,base
gateway,noun,0,0,base
genesis,noun,0,0,base
genius,noun,0,0,base
genuine,adjective,0,0,base
geometry,noun,0,0,base
gill,noun,0,0,base
glad,adjective,0,0,base
glyph,noun,0,0,base
goat,noun,0,0,base
gong,noun,0,0,base
goods,noun,0,0,base
goose,noun,0,0,base
graft,noun,0,0,base
grandfather,,0,0,pin
grandmother,,0,0,pin
gratitude,noun,0,0,base
gravity,noun,0,0,base
graze,verb,0,0,base
grieve,verb,0,0,base
grit,noun,0,0,base
groin,noun,0,0,base
gross,adjective,0,0,base
grove,noun,0,0,base
habitat,noun,0,0,base
hail,noun,0,0,base
halo,noun,0,0,base
hamper,verb,0,0,base
harass,verb,0,0,base
hash,verb,0,0,base
hazard,noun,0,0,base
he,noun,0,0,base
heave,noun,0,0,base
heed,noun,0,0,base
hell,interjection,0,0,base
hen,noun,0,0,base
henry,noun,0,0,base
herring,verb,0,0,base
hertz,noun,0,0,base
hey,interjection,0,0,base
hidden,verb,0,0,base
hierarchy,noun,0,0,base
hinge,noun,0,0,base
hiss,noun,0,0,base
hitch,noun,0,0,base
hive,noun,0,0,base
hmm,interjection,0,0,base
holder,noun,0,0,base
holiday,noun,0,0,base
hooray,interjection,0,0,base
horizon,noun,0,0,base
hormone,noun,0,0,base
hover,noun,0,0,base
howl,verb,0,0,base
huh,interjection,0,0,base
humiliate,verb,0,0,base
humility,noun,0,0,base
hump,noun,0,0,base
hut,noun,0,0,base
hybrid,adjective,0,0,base
hydrogen,noun,0,0,base
hypocrite,noun,0,0,base
hypothesis,noun,0,0,base
I,,0,0,pin
identical,adjective,0,0,base
idle,adjective,0,0,base
ignite,verb,0,0,base
ignorant,,0,0,pin
illusion,noun,0,0,base
immediate,adjective,0,0,base
impermanent,,0,0,pin
imply,verb,0,0,base
import,verb,0,0,base
impulse,noun,0,0,base
inch,noun,0,0,base
incorporate,verb,0,0,base
independent,adjective,0,0,base
index,verb,0,0,base
indicate,verb,0,0,base
induce,verb,0,0,base
indulge,verb,0,0,base
inertia,noun,0,0,base
inevitable,adjective,0,0,base
infer,verb,0,0,base
infinite,adjective,0,0,base
inflammation,noun,0,0,base
ingredient,noun,0,0,base
inject,verb,0,0,base
innocent,adjective,0,0,base
input,noun,0,0,base
insensitive,adjective,0,0,base
insight,noun,0,0,base
inspect,verb,0,0,base
institution,noun,0,0,base
insure,verb,0,0,base
integrate,verb,0,0,base
intellect,noun,0,0,base
intensity,,0,0,pin
interior,noun,0,0,base
intermittent,adjective,0,0,base
interpret,verb,0,0,base
intersection,,0,0,pin
interval,noun,0,0,base
intervene,noun,0,0,base
intimidate,verb,0,0,base
introduce,verb,0,0,base
intrude,verb,0,0,base
intuition,noun,0,0,base
invade,verb,0,0,base
invent,verb,0,0,base
inverse,noun,0,0,base
invest,verb,0,0,base
invoke,verb,0,0,base
iodine,noun,0,0,base
iris,noun,0,0,base
irrigate,verb,0,0,base
it,noun,0,0,base
itch,noun,0,0,base
its,,0,0,pin
jab,noun,0,0,base
jack,noun,0,0,base
jagged,adjective,0,0,base
junction,noun,0,0,base
jungle,noun,0,0,base
junk,noun,0,0,base
justice,adjective,0,0,base
kaleidoscope,,0,0,lost
kangaroo,noun,0,0,base
keel,verb,0,0,base
kelvin,noun,0,0,base
keyboard,noun,0,0,base
kneel,verb,0,0,base
known,adjective,0,0,base
lag,verb,0,0,base
lame,adjective,0,0,base
lap,verb,0,0,base
larynx,noun,0,0,base
lava,noun,0,0,base
layer,noun,0,0,base
leader,,0,0,pin
leech,verb,0,0,base
left,adjective,0,0,base
legitimate,adjective,0,0,base
length,noun,0,0,base
lenient,adjective,0,0,base
lesion,noun,0,0,base
liberty,noun,0,0,base
lightning,noun,0,0,base
likely,adjective,0,0,base
lily,noun,0,0,base
lime,noun,0,0,base
linen,noun,0,0,base
loaf,noun,0,0,base
lobster,noun,0,0,base
locate,verb,0,0,base
lonely,adjective,0,0,base
loot,verb,0,0,base
lore,noun,0,0,base
lost,adjective,0,0,base
lot,noun,0,0,base
lust,verb,0,0,base
magenta,adjective,0,0,said
magnesium,noun,0,0,base
magnificent,adjective,0,0,base
magnitude,noun,0,0,base
major,adjective,0,0,base
mandate,verb,0,0,base
mane,noun,0,0,base
manifest,verb,0,0,base
manual,adjective,0,0,base
manufacture,verb,0,0,base
marker,noun,0,0,base
marrow,noun,0,0,base
marvel,noun,0,0,base
math,,0,0,pin
matrix,noun,0,0,base
maximum,adjective,0,0,base
maybe,adverb,0,0,base
maze,noun,0,0,base
me,,0,0,pin
meadow,noun,0,0,base
media,noun,0,0,base
melancholy,noun,0,0,base
melon,noun,0,0,base
membrane,noun,0,0,base
mend,verb,0,0,base
merge,verb,0,0,base
merit,verb,0,0,base
merry,adjective,0,0,base
metabolism,noun,0,0,base
metaphor,noun,0,0,base
midnight,noun,0,0,base
mile,noun,0,0,base
minute,noun,0,0,base
miracle,noun,0,0,base
mixture,noun,0,0,base
mmm,interjection,0,0,base
module,noun,0,0,base
mom,,0,0,pin
momentum,noun,0,0,base
monitor,verb,0,0,base
monkey,verb,0,0,base
monument,noun,0,0,base
mosquito,noun,0,0,base
moss,noun,0,0,base
moth,noun,0,0,base
motor,noun,0,0,base
multiply,verb,0,0,base
mumble,verb,0,0,base
murky,adjective,0,0,base
museum,noun,0,0,base
mutant,noun,0,0,base
muzzle,noun,0,0,base
my,noun,0,0,base
myth,noun,0,0,base
nasty,adjective,0,0,base
natural,adjective,0,0,base
navel,noun,0,0,base
navigate,verb,0,0,base
necessary,adjective,0,0,base
nectar,noun,0,0,base
negative,,0,0,pin
neglect,verb,0,0,base
neither,determiner,0,0,base
network,verb,0,0,base
newton,noun,0,0,base
niche,noun,0,0,base
nickel,noun,0,0,base
nitrogen,noun,0,0,base
nobody,noun,0,0,base
node,noun,0,0,base
none,noun,0,0,base
nor,conjunction,0,0,base
norm,noun,0,0,base
nostalgia,noun,0,0,base
nostril,noun,0,0,base
not touching,,0,0,core
nude,adjective,0,0,base
nurture,verb,0,0,base
nylon,noun,0,0,base
object instance,,0,0,pin
object type,,0,0,pin
obligation,noun,0,0,base
oblige,noun,0,0,base
obscure,adjective,0,0,base
obstruct,verb,0,0,base
obtain,verb,0,0,base
octopus,noun,0,0,base
offense,noun,0,0,base
offset,verb,0,0,base
offspring,noun,0,0,base
oh,interjection,0,0,base
oneself,noun,0,0,base
only,adverb,0,0,base
oops,interjection,0,0,base
opaque,adjective,0,0,base
opening,verb,0,0,base
operate,verb,0,0,base
opponent,noun,0,0,base
opportunity,noun,0,0,base
oracle,noun,0,0,base
orb,noun,0,0,base
ordinary,adjective,0,0,base
orient,verb,0,0,base
orientation,,0,0,pin
ouch,interjection,0,0,base
our,noun,0,0,base
outcome,noun,0,0,base
output,noun,0,0,base
overlap,verb,0,0,base
ow,interjection,0,0,base
packet,noun,0,0,base
palate,verb,0,0,base
palsy,noun,0,0,base
par,noun,0,0,base
paradise,,0,0,pin
paradox,noun,0,0,base
paramount,noun,0,0,base
parcel,noun,0,0,base
parliament,noun,0,0,base
partial,adjective,0,0,base
participate,verb,0,0,base
pascal,noun,0,0,base
passenger,noun,0,0,base
passive,,0,0,pin
paste,verb,0,0,base
pasture,noun,0,0,base
pat,noun,0,0,base
patter,noun,0,0,base
pavilion,noun,0,0,base
paw,noun,0,0,base
peck,noun,0,0,base
pedal,noun,0,0,base
peer,verb,0,0,base
peg,noun,0,0,base
pelvis,noun,0,0,base
penetrate,verb,0,0,base
peninsula,noun,0,0,base
pepper,noun,0,0,base
per,preposition,0,0,base
perceive,verb,0,0,base
percent,noun,0,0,base
perhaps,adverb,0,0,base
permeate,verb,0,0,base
perpendicular,adjective,0,0,base
persist,verb,0,0,base
perspective,noun,0,0,base
petal,noun,0,0,base
pheasant,noun,0,0,base
phenomenon,noun,0,0,base
phew,interjection,0,0,base
phosphorus,noun,0,0,base
pillar,adjective,0,0,base
pillow,noun,0,0,base
pine,verb,0,0,base
ping,verb,0,0,base
pitch,noun,0,0,base
plank,noun,0,0,base
plasma,noun,0,0,base
plateau,noun,0,0,base
platinum,noun,0,0,base
plow,noun,0,0,base
plural,adjective,0,0,base
plus,conjunction,0,0,base
poetry,noun,0,0,base
poise,noun,0,0,base
polarity,,0,0,pin
policy,noun,0,0,base
polish,verb,0,0,base
pond,noun,0,0,base
portal,noun,0,0,base
possess,verb,0,0,base
posture,noun,0,0,base
potassium,noun,0,0,base
potato,noun,0,0,base
potential,adjective,0,0,base
pound,verb,0,0,base
precise,adjective,0,0,base
precision,noun,0,0,base
predator,noun,0,0,base
predictable,,0,0,pin
presume,noun,0,0,base
previous,adjective,0,0,base
primate,noun,0,0,base
prime,adjective,0,0,base
primitive,adjective,0,0,base
prism,noun,0,0,base
probable,adjective,0,0,base
procedure,noun,0,0,base
profane,adjective,0,0,base
prophecy,noun,0,0,base
prose,noun,0,0,base
protein,noun,0,0,base
protocol,noun,0,0,base
provoke,verb,0,0,base
proxy,noun,0,0,base
prudent,adjective,0,0,base
pry,noun,0,0,base
puck,noun,0,0,base
pulp,noun,0,0,base
pump,verb,0,0,base
quantity,noun,0,0,base
quantum,noun,0,0,base
quench,verb,0,0,base
quest,noun,0,0,base
queue,noun,0,0,base
quite,adverb,0,0,base
quota,noun,0,0,base
rabbit,noun,0,0,base
radar,noun,0,0,base
radiant,adjective,0,0,base
radio,noun,0,0,base
radius,noun,0,0,base
rag,noun,0,0,base
ram,noun,0,0,base
ransom,noun,0,0,base
rape,verb,0,0,base
rat,verb,0,0,base
ratchet,noun,0,0,base
rather,adverb,0,0,base
ratio,noun,0,0,base
rattle,verb,0,0,base
realm,noun,0,0,base
receipt,noun,0,0,base
recess,noun,0,0,base
recipe,noun,0,0,base
reciprocate,verb,0,0,base
recommend,verb,0,0,base
recruit,noun,0,0,base
rectangle,noun,0,0,base
recursion,,0,0,pin
redeem,noun,0,0,base
reed,noun,0,0,base
reel,verb,0,0,base
reference,verb,0,0,base
reflex,noun,0,0,base
refrain,noun,0,0,base
refute,verb,0,0,base
regulate,verb,0,0,base
rehearse,verb,0,0,base
relapse,noun,0,0,base
relevant,adjective,0,0,base
relieve,verb,0,0,base
reluctant,adjective,0,0,base
remainder,noun,0,0,base
remorse,noun,0,0,base
render,verb,0,0,base
repel,verb,0,0,base
repetition,noun,0,0,base
replenish,verb,0,0,base
resemble,verb,0,0,base
reserve,verb,0,0,base
reserved bid,,0,0,pin
reserved dub,,0,0,pin
reserved hum,,0,0,pin
reserved lij,,0,0,pin
resonate,verb,0,0,base
restaurant,noun,0,0,base
restraint,noun,0,0,base
restrict,verb,0,0,base
resume,verb,0,0,base
retain,noun,0,0,base
retard,noun,0,0,base
retire,verb,0,0,base
retrieve,verb,0,0,base
revere,verb,0,0,base
revive,verb,0,0,base
revoke,verb,0,0,base
revolve,verb,0,0,base
rice,noun,0,0,base
riddle,noun,0,0,base
ridicule,noun,0,0,base
rift,noun,0,0,base
rig,noun,0,0,base
rigid,adjective,0,0,base
riot,verb,0,0,base
rip,verb,0,0,base
ripe,adjective,0,0,base
ripple,noun,0,0,base
ritual,noun,0,0,base
roar,verb,0,0,base
robust,adjective,0,0,base
roost,noun,0,0,base
rose,noun,0,0,base
rug,noun,0,0,base
rumble,noun,0,0,base
rupture,noun,0,0,base
rust,verb,0,0,base
sag,noun,0,0,base
sanctuary,noun,0,0,base
sarcasm,noun,0,0,base
sarcastic,adjective,0,0,base
satisfaction,noun,0,0,base
saturate,verb,0,0,base
scar,verb,0,0,base
scarce,adjective,0,0,base
scarf,noun,0,0,base
scorpion,noun,0,0,base
screech,verb,0,0,base
scroll,verb,0,0,base
scrub,noun,0,0,base
sculpture,noun,0,0,base
seam,noun,0,0,base
sector,noun,0,0,base
segment,noun,0,0,base
semen,noun,0,0,base
serene,adjective,0,0,base
serial,adjective,0,0,base
several,determiner,0,0,base
shaft,noun,0,0,base
shallow,adjective,0,0,base
shatter,verb,0,0,base
she,noun,0,0,base
shh,interjection,0,0,base
shin,noun,0,0,base
shiny,adjective,0,0,base
shit,interjection,0,0,base
shrimp,noun,0,0,base
siege,noun,0,0,base
sight,noun,0,0,said
silicon,noun,0,0,base
simulate,verb,0,0,base
simultaneous,adjective,0,0,base
since,preposition,0,0,base
sincere,adjective,0,0,base
sine,,0,0,pin
singular,adjective,0,0,base
sixteen,,0,0,lost
sizzle,noun,0,0,base
skeleton,noun,0,0,base
skeptical,adjective,0,0,base
slab,noun,0,0,base
slack,adjective,0,0,base
slam,verb,0,0,base
slander,noun,0,0,base
slender,adjective,0,0,base
slit,verb,0,0,base
slot,noun,0,0,base
sloth,noun,0,0,base
slough,noun,0,0,base
slug,noun,0,0,base
smuggle,verb,0,0,base
smut,noun,0,0,base
snare,noun,0,0,base
sneeze,verb,0,0,base
so,conjunction,0,0,base
socket,noun,0,0,base
soda,noun,0,0,base
sodium,noun,0,0,base
solemn,adjective,0,0,base
song,,0,0,pin
soot,noun,0,0,base
sorcery,noun,0,0,base
spar,noun,0,0,base
sparrow,noun,0,0,base
spec,noun,0,0,base
species,noun,0,0,base
speech,,0,0,pin
sphincter,noun,0,0,base
splendid,adjective,0,0,base
sponge,noun,0,0,base
sprout,verb,0,0,base
spur,verb,0,0,base
squish,verb,0,0,base
stability,noun,0,0,base
stabilize,verb,0,0,base
stair,noun,0,0,base
stale,adjective,0,0,base
stall,verb,0,0,base
stamina,noun,0,0,base
starch,noun,0,0,base
stimulus,noun,0,0,base
stink,verb,0,0,base
storage,noun,0,0,base
stout,adjective,0,0,base
stranger,noun,0,0,base
streak,noun,0,0,base
strength,,0,0,pin
stroke,verb,0,0,base
stuck,verb,0,0,base
stud,noun,0,0,base
stump,verb,0,0,base
sublime,adjective,0,0,base
submit,verb,0,0,base
subtle,adjective,0,0,base
subtract,verb,0,0,base
such,adverb,0,0,base
sulfur,noun,0,0,base
summit,noun,0,0,base
summon,verb,0,0,base
sunrise,noun,0,0,base
sunset,noun,0,0,base
suppose,verb,0,0,base
surf,verb,0,0,base
surge,verb,0,0,base
surplus,noun,0,0,base
suspect,adjective,0,0,base
suspicion,noun,0,0,base
swarm,noun,0,0,base
swift,adjective,0,0,base
swirl,noun,0,0,base
symmetry,noun,0,0,base
symptom,noun,0,0,base
taboo,adjective,0,0,base
tack,verb,0,0,base
tact,noun,0,0,base
talon,noun,0,0,base
tan,verb,0,0,base
tang,noun,0,0,base
tangent,,0,0,pin
tar,noun,0,0,base
tattoo,noun,0,0,base
teal,adjective,0,0,said
tech,noun,0,0,said
television,noun,0,0,base
tempo,noun,0,0,base
tend,verb,0,0,base
tense,adjective,0,0,base
tesla,noun,0,0,base
their,,0,0,pin
then,adverb,0,0,base
therapy,noun,0,0,base
therefore,conjunction,0,0,base
they,,0,0,pin
thirteen,,0,0,pin
thorn,noun,0,0,base
those,determiner,0,0,base
though,conjunction,0,0,base
thrive,verb,0,0,base
thumb,noun,0,0,base
thunder,noun,0,0,base
thus,adverb,0,0,base
tick,verb,0,0,base
tickle,noun,0,0,base
tide,verb,0,0,base
timestamp,,0,0,pin
today,adverb,0,0,base
toil,noun,0,0,base
tolerate,verb,0,0,base
toll,verb,0,0,base
tornado,noun,0,0,base
torso,noun,0,0,base
torture,,0,0,pin
touching,,0,0,core
tour,verb,0,0,base
tract,verb,0,0,base
traffic,noun,0,0,base
trajectory,noun,0,0,base
trample,verb,0,0,base
trance,noun,0,0,base
transit,noun,0,0,base
transition,verb,0,0,base
transmit,noun,0,0,base
trauma,noun,0,0,base
trespass,noun,0,0,base
tribute,verb,0,0,base
tropical,adjective,0,0,base
truce,noun,0,0,base
trumpet,noun,0,0,base
trunk,noun,0,0,base
tuck,verb,0,0,base
tug,noun,0,0,base
tuna,noun,0,0,base
turkey,noun,0,0,base
turtle,noun,0,0,base
ugh,interjection,0,0,base
ugly,adjective,0,0,base
uh,interjection,0,0,base
ulcer,noun,0,0,base
ultimate,adjective,0,0,base
um,,0,0,lost
uncertain,adjective,0,0,base
undergo,verb,0,0,base
undo,verb,0,0,base
uniformity,,0,0,pin
unless,conjunction,0,0,base
unpredictable,,0,0,pin
until,preposition,0,0,base
unusual,adjective,0,0,base
utter,adjective,0,0,base
vacuum,verb,0,0,base
vagina,noun,0,0,base
vain,adjective,0,0,base
valve,noun,0,0,base
variable,adjective,0,0,base
vast,adjective,0,0,base
vector,noun,0,0,base
veil,noun,0,0,base
venture,verb,0,0,base
via,preposition,0,0,base
vice,noun,0,0,base
village,noun,0,0,base
vine,noun,0,0,base
violet,noun,0,0,base
virgin,noun,0,0,base
virtue,noun,0,0,base
volt,noun,0,0,base
voluntary,adjective,0,0,base
voyage,noun,0,0,base
vulnerable,adjective,0,0,base
wagon,noun,0,0,base
ward,noun,0,0,base
warp,verb,0,0,base
wart,noun,0,0,base
wasp,noun,0,0,base
we,noun,0,0,base
weasel,noun,0,0,base
wedge,noun,0,0,base
weed,verb,0,0,base
weep,verb,0,0,base
weigh,verb,0,0,base
weld,verb,0,0,base
welfare,noun,0,0,base
whale,noun,0,0,base
wheat,noun,0,0,base
when,adverb,0,0,base
where,adverb,0,0,base
whether,conjunction,0,0,base
which,determiner,0,0,base
whiff,noun,0,0,base
whip,verb,0,0,base
whisper,verb,0,0,base
whistle,verb,0,0,base
whoa,interjection,0,0,base
wick,verb,0,0,base
wicked,adjective,0,0,base
willing,adjective,0,0,base
wink,noun,0,0,base
wisdom,,0,0,pin
wit,noun,0,0,base
wolf,noun,0,0,base
wound,verb,0,0,base
wow,interjection,0,0,base
wreck,verb,0,0,base
x,,0,0,core
x axis,,0,0,pin
y,,0,0,core
y axis,,0,0,pin
yawn,verb,0,0,base
yay,interjection,0,0,base
yearn,verb,0,0,base
yeast,noun,0,0,base
yesterday,adverb,0,0,base
your,,0,0,pin
yuck,interjection,0,0,base
yum,noun,0,0,base
z,,0,0,core
z axis,,0,0,pin
zap,noun,0,0,base
zero,value,0,0,base
zinc,noun,0,0,base
lily,noun,0,0,base
torment,verb,0,0,base
tower,noun,0,0,base
holly,noun,0,0,base
