word,shape,meaning
mim,CVC,
min,CVC,not know
miq,CVC,motion
mib,CVC,
mid,CVC,positive
mig,CVC,
mip,CVC,
mit,CVC,meet
mik,CVC,
mis,CVC,miss (longing)
miz,CVC,
mif,CVC,
miv,CVC,idea
mix,CVC,network
mij,CVC,
mic,CVC,
miC,CVC,
mem,CVC,
men,CVC,main
meq,CVC,mine
meb,CVC,
med,CVC,
meg,CVC,
mep,CVC,
met,CVC,
mek,CVC,make
mes,CVC,month
mez,CVC,
mef,CVC,
mev,CVC,
mex,CVC,
mej,CVC,model
mec,CVC,
meC,CVC,
mam,CVC,mother
man,CVC,mind
maq,CVC,harmony
mab,CVC,source
mad,CVC,middle
mag,CVC,fruit
map,CVC,map (map/reduce)
mat,CVC,forward
mak,CVC,meat
mas,CVC,
maz,CVC,flow (speech utterance)
maf,CVC,male
mav,CVC,many
max,CVC,
maj,CVC,magenta
mac,CVC,great
maC,CVC,
mal,CVC,molecule
mar,CVC,symbol
mom,CVC,
mon,CVC,
moq,CVC,about/encompass
mob,CVC,
mod,CVC,mode
mog,CVC,meaning
mop,CVC,twelve
mot,CVC,mountain
mok,CVC,align
mos,CVC,
moz,CVC,hash
mof,CVC,
mov,CVC,
mox,CVC,immutable
moj,CVC,emerge
moc,CVC,
moC,CVC,
mol,CVC,high
mor,CVC,the model of the action (e.g. the transform)
mum,CVC,
mun,CVC,gut sense
muq,CVC,mmm
mub,CVC,
mud,CVC,mood
mug,CVC,(past particle)
mup,CVC,
mut,CVC,mutate
muk,CVC,earth (dirt)
mus,CVC,mercy
muz,CVC,pain
muf,CVC,
muv,CVC,move
mux,CVC,
muj,CVC,message
muc,CVC,mouth
muC,CVC,
mul,CVC,unreal
mur,CVC,
nim,CVC,
nin,CVC,
niq,CVC,omniscient
nib,CVC,
nid,CVC,need
nig,CVC,
nip,CVC,
nit,CVC,
nik,CVC,pink
nis,CVC,
niz,CVC,nest (structure)
nif,CVC,a (isolated-element-focus)
niv,CVC,
nix,CVC,listen
nij,CVC,
nic,CVC,
niC,CVC,
nem,CVC,
nen,CVC,
neq,CVC,
neb,CVC,
ned,CVC,static
neg,CVC,
nep,CVC,nature
net,CVC,knit
nek,CVC,neck
nes,CVC,nice
nez,CVC,
nef,CVC,
nev,CVC,off
nex,CVC,
nej,CVC,
nec,CVC,
neC,CVC,
nam,CVC,name
nan,CVC,negate
naq,CVC,
nab,CVC,
nad,CVC,
nag,CVC,
nap,CVC,
nat,CVC,
nak,CVC,knock
nas,CVC,nest
naz,CVC,as
naf,CVC,
nav,CVC,center
nax,CVC,
naj,CVC,
nac,CVC,
naC,CVC,
nal,CVC,neutral
nar,CVC,person
nom,CVC,
non,CVC,not (un- or -im)
noq,CVC,
nob,CVC,
nod,CVC,
nog,CVC,
nop,CVC,no
not,CVC,note
nok,CVC,
nos,CVC,
noz,CVC,nose
nof,CVC,
nov,CVC,
nox,CVC,notion
noj,CVC,
noc,CVC,
noC,CVC,
nol,CVC,toward
nor,CVC,
num,CVC,know
nun,CVC,
nuq,CVC,bond
nub,CVC,separate
nud,CVC,
nug,CVC,
nup,CVC,
nut,CVC,
nuk,CVC,
nus,CVC,
nuz,CVC,distribute
nuf,CVC,
nuv,CVC,empty
nux,CVC,
nuj,CVC,hell
nuc,CVC,long
nuC,CVC,
nul,CVC,forget
nur,CVC,
bim,CVC,target
bin,CVC,
biq,CVC,being
bib,CVC,we
bid,CVC,ignorant
big,CVC,go
bip,CVC,output
bit,CVC,beat
bik,CVC,
bis,CVC,
biz,CVC,intense
bif,CVC,
biv,CVC,
bix,CVC,
bij,CVC,
bic,CVC,
biC,CVC,
bem,CVC,
ben,CVC,
beq,CVC,bang
beb,CVC,baby
bed,CVC,bite
beg,CVC,
bep,CVC,
bet,CVC,under
bek,CVC,
bes,CVC,base
bez,CVC,
bef,CVC,
bev,CVC,
bex,CVC,
bej,CVC,
bec,CVC,
beC,CVC,
bam,CVC,create
ban,CVC,together/bind
baq,CVC,be
bab,CVC,father
bad,CVC,tangent (math)
bag,CVC,insect
bap,CVC,
bat,CVC,beauty
bak,CVC,send
bas,CVC,
baz,CVC,
baf,CVC,
bav,CVC,
bax,CVC,bird
baj,CVC,
bac,CVC,
baC,CVC,by
bal,CVC,
bar,CVC,bear (carry)
bom,CVC,
bon,CVC,
boq,CVC,
bob,CVC,
bod,CVC,
bog,CVC,
bop,CVC,
bot,CVC,boat
bok,CVC,
bos,CVC,possessive plural
boz,CVC,private
bof,CVC,
bov,CVC,debug
box,CVC,
boj,CVC,
boc,CVC,
boC,CVC,
bol,CVC,
bor,CVC,condition (case)
bum,CVC,boom
bun,CVC,
buq,CVC,
bub,CVC,boob
bud,CVC,awake
bug,CVC,cosine
bup,CVC,energy
but,CVC,unstable
buk,CVC,
bus,CVC,
buz,CVC,bosom
buf,CVC,
buv,CVC,
bux,CVC,bundle (matter condensing)
buj,CVC,
buc,CVC,
buC,CVC,
bul,CVC,blue
bur,CVC,
dim,CVC,you
din,CVC,
diq,CVC,
dib,CVC,connect
did,CVC,deed
dig,CVC,sine
dip,CVC,tree
dit,CVC,
dik,CVC,
dis,CVC,number
diz,CVC,
dif,CVC,define
div,CVC,drive
dix,CVC,
dij,CVC,
dic,CVC,
diC,CVC,
dem,CVC,
den,CVC,
deq,CVC,
deb,CVC,
ded,CVC,
deg,CVC,
dep,CVC,
det,CVC,datetime stamp/instance in time
dek,CVC,
des,CVC,
dez,CVC,dynamic
def,CVC,
dev,CVC,
dex,CVC,
dej,CVC,orange
dec,CVC,
deC,CVC,
dam,CVC,morality
dan,CVC,the
daq,CVC,
dab,CVC,
dad,CVC,content
dag,CVC,dog
dap,CVC,
dat,CVC,word
dak,CVC,physical
das,CVC,understand
daz,CVC,
daf,CVC,previous
dav,CVC,divine
dax,CVC,
daj,CVC,
dac,CVC,death
daC,CVC,
dal,CVC,matter (physics)
dar,CVC,
dom,CVC,state
don,CVC,
doq,CVC,
dob,CVC,two
dod,CVC,
dog,CVC,
dop,CVC,
dot,CVC,
dok,CVC,
dos,CVC,
doz,CVC,here
dof,CVC,
dov,CVC,
dox,CVC,
doj,CVC,
doc,CVC,
doC,CVC,
dol,CVC,
dor,CVC,door
dum,CVC,negative
dun,CVC,join (to one)
duq,CVC,
dub,CVC,aware
dud,CVC,friend
dug,CVC,drink
dup,CVC,
dut,CVC,
duk,CVC,minute
dus,CVC,reduce
duz,CVC,do
duf,CVC,
duv,CVC,
dux,CVC,condition (general state)
duj,CVC,
duc,CVC,
duC,CVC,
dul,CVC,delete
dur,CVC,
gim,CVC,magic
gin,CVC,sync
giq,CVC,
gib,CVC,guide
gid,CVC,
gig,CVC,
gip,CVC,
git,CVC,infinite
gik,CVC,user
gis,CVC,will (future)
giz,CVC,position
gif,CVC,give
giv,CVC,
gix,CVC,
gij,CVC,
gic,CVC,
giC,CVC,
gem,CVC,game
gen,CVC,
geq,CVC,
geb,CVC,
ged,CVC,
geg,CVC,
gep,CVC,
get,CVC,
gek,CVC,
ges,CVC,
gez,CVC,
gef,CVC,
gev,CVC,
gex,CVC,
gej,CVC,
gec,CVC,
geC,CVC,
gam,CVC,
gan,CVC,garden
gaq,CVC,
gab,CVC,eat
gad,CVC,god
gag,CVC,child
gap,CVC,
gat,CVC,
gak,CVC,
gas,CVC,
gaz,CVC,possess
gaf,CVC,
gav,CVC,how (missing-action-focus)
gax,CVC,
gaj,CVC,
gac,CVC,
gaC,CVC,gather
gal,CVC,too
gar,CVC,language
gom,CVC,
gon,CVC,
goq,CVC,job
gob,CVC,
god,CVC,gold
gog,CVC,
gop,CVC,
got,CVC,antenna
gok,CVC,
gos,CVC,
goz,CVC,
gof,CVC,
gov,CVC,
gox,CVC,
goj,CVC,
goc,CVC,
goC,CVC,
gol,CVC,goal
gor,CVC,
gum,CVC,come
gun,CVC,representation
guq,CVC,
gub,CVC,like (filler)
gud,CVC,
gug,CVC,
gup,CVC,
gut,CVC,gut
guk,CVC,
gus,CVC,back (front)
guz,CVC,lose
guf,CVC,
guv,CVC,end
gux,CVC,
guj,CVC,memory
guc,CVC,
guC,CVC,
gul,CVC,exponent
gur,CVC,
pim,CVC,permeate
pin,CVC,
piq,CVC,request
pib,CVC,
pid,CVC,
pig,CVC,
pip,CVC,individual
pit,CVC,pure
pik,CVC,master
pis,CVC,
piz,CVC,
pif,CVC,
piv,CVC,
pix,CVC,
pij,CVC,
pic,CVC,
piC,CVC,
pem,CVC,they (communicating-agent-external-reference-focus)
pen,CVC,
peq,CVC,pay
peb,CVC,
ped,CVC,
peg,CVC,
pep,CVC,
pet,CVC,
pek,CVC,
pes,CVC,
pez,CVC,
pef,CVC,
pev,CVC,
pex,CVC,
pej,CVC,
pec,CVC,
peC,CVC,
pam,CVC,pray
pan,CVC,yes
paq,CVC,response
pab,CVC,
pad,CVC,
pag,CVC,
pap,CVC,
pat,CVC,dimension
pak,CVC,package
pas,CVC,space
paz,CVC,
paf,CVC,
pav,CVC,
pax,CVC,
paj,CVC,
pac,CVC,path
paC,CVC,
pal,CVC,
par,CVC,depart/from
pom,CVC,different
pon,CVC,
poq,CVC,
pob,CVC,
pod,CVC,free
pog,CVC,
pop,CVC,property (of object)
pot,CVC,honorific (address)
pok,CVC,
pos,CVC,
poz,CVC,
pof,CVC,
pov,CVC,
pox,CVC,
poj,CVC,
poc,CVC,
poC,CVC,
pol,CVC,
por,CVC,poor
pum,CVC,time (count)
pun,CVC,
puq,CVC,
pub,CVC,
pud,CVC,
pug,CVC,
pup,CVC,
put,CVC,
puk,CVC,
pus,CVC,
puz,CVC,
puf,CVC,
puv,CVC,
pux,CVC,
puj,CVC,
puc,CVC,
puC,CVC,
pul,CVC,pull
pur,CVC,
tim,CVC,team
tin,CVC,between
tiq,CVC,mental experience
tib,CVC,
tid,CVC,
tig,CVC,
tip,CVC,step
tit,CVC,
tik,CVC,
tis,CVC,
tiz,CVC,ellipse
tif,CVC,
tiv,CVC,conscious
tix,CVC,tingle
tij,CVC,
tic,CVC,fourteen
tiC,CVC,
tem,CVC,
ten,CVC,tan (color)
teq,CVC,like (as if)
teb,CVC,
ted,CVC,
teg,CVC,
tep,CVC,
tet,CVC,signal
tek,CVC,take
tes,CVC,
tez,CVC,
tef,CVC,left
tev,CVC,
tex,CVC,
tej,CVC,
tec,CVC,
teC,CVC,
tam,CVC,meditate
tan,CVC,
taq,CVC,tongue
tab,CVC,stable
tad,CVC,tail
tag,CVC,
tap,CVC,
tat,CVC,sibling
tak,CVC,talk
tas,CVC,test
taz,CVC,
taf,CVC,good
tav,CVC,
tax,CVC,
taj,CVC,down (to be cool with something)
tac,CVC,set (get)
taC,CVC,
tal,CVC,tell
tar,CVC,tire (sleep)
tom,CVC,atom
ton,CVC,agent (one who does x)
toq,CVC,
tob,CVC,
tod,CVC,term
tog,CVC,
top,CVC,
tot,CVC,
tok,CVC,structure
tos,CVC,task
toz,CVC,position (cardinal)
tof,CVC,
tov,CVC,
tox,CVC,text
toj,CVC,
toc,CVC,
toC,CVC,
tol,CVC,
tor,CVC,before
tum,CVC,
tun,CVC,
tuq,CVC,type
tub,CVC,tube
tud,CVC,
tug,CVC,
tup,CVC,impure
tut,CVC,
tuk,CVC,
tus,CVC,
tuz,CVC,because
tuf,CVC,
tuv,CVC,input (computing)
tux,CVC,intuition
tuj,CVC,
tuc,CVC,emotion
tuC,CVC,
tul,CVC,tool
tur,CVC,turf
kim,CVC,climb
kin,CVC,
kiq,CVC,action
kib,CVC,
kid,CVC,could
kig,CVC,
kip,CVC,tune
kit,CVC,
kik,CVC,kick
kis,CVC,bottom
kiz,CVC,if
kif,CVC,
kiv,CVC,intent
kix,CVC,process
kij,CVC,
kic,CVC,
kiC,CVC,
kem,CVC,
ken,CVC,communicate
keq,CVC,
keb,CVC,
ked,CVC,
keg,CVC,
kep,CVC,clone
ket,CVC,but
kek,CVC,agree
kes,CVC,case (situation)
kez,CVC,
kef,CVC,
kev,CVC,
kex,CVC,
kej,CVC,
kec,CVC,
keC,CVC,
kam,CVC,calm
kan,CVC,aggregate
kaq,CVC,object
kab,CVC,receive
kad,CVC,
kag,CVC,
kap,CVC,
kat,CVC,focus
kak,CVC,
kas,CVC,
kaz,CVC,cause
kaf,CVC,cough
kav,CVC,
kax,CVC,perfect
kaj,CVC,
kac,CVC,
kaC,CVC,
kal,CVC,time
kar,CVC,call
kom,CVC,five
kon,CVC,and
koq,CVC,
kob,CVC,
kod,CVC,code
kog,CVC,
kop,CVC,scope
kot,CVC,
kok,CVC,disagree
kos,CVC,
koz,CVC,z-axis
kof,CVC,default
kov,CVC,cover
kox,CVC,cell (biology)
koj,CVC,fool
koc,CVC,
koC,CVC,
kol,CVC,all
kor,CVC,
kum,CVC,back area
kun,CVC,
kuq,CVC,manner
kub,CVC,cube
kud,CVC,miss (didn't touch)
kug,CVC,
kup,CVC,tone
kut,CVC,
kuk,CVC,
kus,CVC,constant
kuz,CVC,
kuf,CVC,clue
kuv,CVC,divide
kux,CVC,
kuj,CVC,
kuc,CVC,
kuC,CVC,
kul,CVC,cool (interjection)
kur,CVC,down
him,CVC,nothing
hin,CVC,hi
hiq,CVC,
hib,CVC,
hid,CVC,not hidden
hig,CVC,
hip,CVC,group
hit,CVC,heat
hik,CVC,hike
his,CVC,snake
hiz,CVC,
hif,CVC,
hiv,CVC,
hix,CVC,peach (color)
hij,CVC,
hic,CVC,
hiC,CVC,
hem,CVC,hey
hen,CVC,
heq,CVC,hang
heb,CVC,
hed,CVC,
heg,CVC,
hep,CVC,
het,CVC,
hek,CVC,hour
hes,CVC,
hez,CVC,every
hef,CVC,
hev,CVC,
hex,CVC,
hej,CVC,
hec,CVC,
heC,CVC,
ham,CVC,hmm
han,CVC,zero
haq,CVC,
hab,CVC,
had,CVC,head
hag,CVC,
hap,CVC,event
hat,CVC,at
hak,CVC,hack (work)
has,CVC,hyper
haz,CVC,have
haf,CVC,
hav,CVC,
hax,CVC,
haj,CVC,
hac,CVC,
haC,CVC,
hal,CVC,how
har,CVC,era
hom,CVC,home
hon,CVC,
hoq,CVC,hold
hob,CVC,
hod,CVC,period of x (-hood)
hog,CVC,
hop,CVC,hope
hot,CVC,
hok,CVC,okay
hos,CVC,
hoz,CVC,cardinal number
hof,CVC,
hov,CVC,floating point
hox,CVC,
hoj,CVC,
hoc,CVC,
hoC,CVC,
hol,CVC,whole
hor,CVC,
hum,CVC,urge
hun,CVC,illusion
huq,CVC,uh
hub,CVC,x-axis
hud,CVC,hide
hug,CVC,
hup,CVC,
hut,CVC,heed
huk,CVC,hook
hus,CVC,
huz,CVC,duration
huf,CVC,
huv,CVC,handle
hux,CVC,
huj,CVC,
huc,CVC,
huC,CVC,
hul,CVC,
hur,CVC,
sim,CVC,
sin,CVC,
siq,CVC,
sib,CVC,
sid,CVC,seed
sig,CVC,front
sip,CVC,asleep
sit,CVC,medium
sik,CVC,seek
sis,CVC,
siz,CVC,peace
sif,CVC,purple
siv,CVC,perceive
six,CVC,all encompasing thing
sij,CVC,
sic,CVC,
siC,CVC,hush
sem,CVC,same (sym-)
sen,CVC,
seq,CVC,
seb,CVC,
sed,CVC,
seg,CVC,
sep,CVC,swipe
set,CVC,
sek,CVC,percept
ses,CVC,
sez,CVC,sir
sef,CVC,continue
sev,CVC,save
sex,CVC,
sej,CVC,
sec,CVC,
seC,CVC,etc.
sam,CVC,sound
san,CVC,sun
saq,CVC,song
sab,CVC,describe
sad,CVC,
sag,CVC,beyond (extra- or hyper-)
sap,CVC,present (now)
sat,CVC,sight
sak,CVC,
sas,CVC,parent
saz,CVC,emphasize
saf,CVC,
sav,CVC,silver
sax,CVC,wash
saj,CVC,etc
sac,CVC,
saC,CVC,
sal,CVC,like (similar)
sar,CVC,surf
som,CVC,drug
son,CVC,
soq,CVC,
sob,CVC,
sod,CVC,mystery
sog,CVC,reason
sop,CVC,so/transition
sot,CVC,
sok,CVC,around/surround
sos,CVC,
soz,CVC,also
sof,CVC,each
sov,CVC,
sox,CVC,
soj,CVC,
soc,CVC,
soC,CVC,
sol,CVC,soul
sor,CVC,file (computer)
sum,CVC,
sun,CVC,
suq,CVC,
sub,CVC,I
sud,CVC,
sug,CVC,
sup,CVC,above (super)/hover
sut,CVC,store
suk,CVC,top
sus,CVC,
suz,CVC,
suf,CVC,self (auto-)
suv,CVC,observe
sux,CVC,
suj,CVC,
suc,CVC,
suC,CVC,three
sul,CVC,still (time)
sur,CVC,assert
zim,CVC,pleasure
zin,CVC,decision
ziq,CVC,zing
zib,CVC,
zid,CVC,
zig,CVC,gain
zip,CVC,graph
zit,CVC,
zik,CVC,
zis,CVC,
ziz,CVC,
zif,CVC,
ziv,CVC,
zix,CVC,
zij,CVC,
zic,CVC,
ziC,CVC,
zem,CVC,plasma (matter)
zen,CVC,
zeq,CVC,
zeb,CVC,
zed,CVC,
zeg,CVC,
zep,CVC,
zet,CVC,olive (color)
zek,CVC,
zes,CVC,
zez,CVC,
zef,CVC,
zev,CVC,
zex,CVC,
zej,CVC,
zec,CVC,
zeC,CVC,
zam,CVC,
zan,CVC,one
zaq,CVC,presence
zab,CVC,public
zad,CVC,
zag,CVC,
zap,CVC,zap
zat,CVC,
zak,CVC,effect
zas,CVC,
zaz,CVC,
zaf,CVC,equal (iso-)
zav,CVC,lie
zax,CVC,
zaj,CVC,
zac,CVC,
zaC,CVC,
zal,CVC,
zar,CVC,vowel
zom,CVC,so/great
zon,CVC,zone
zoq,CVC,
zob,CVC,
zod,CVC,
zog,CVC,
zop,CVC,
zot,CVC,
zok,CVC,try
zos,CVC,
zoz,CVC,
zof,CVC,
zov,CVC,
zox,CVC,sense
zoj,CVC,
zoc,CVC,
zoC,CVC,
zol,CVC,
zor,CVC,
zum,CVC,zoom
zun,CVC,
zuq,CVC,
zub,CVC,absorb
zud,CVC,
zug,CVC,
zup,CVC,
zut,CVC,identity
zuk,CVC,where
zus,CVC,experience
zuz,CVC,converse (talk)
zuf,CVC,
zuv,CVC,
zux,CVC,
zuj,CVC,
zuc,CVC,
zuC,CVC,
zul,CVC,animal
zur,CVC,fall
fim,CVC,female
fin,CVC,
fiq,CVC,
fib,CVC,
fid,CVC,next
fig,CVC,
fip,CVC,
fit,CVC,
fik,CVC,
fis,CVC,
fiz,CVC,
fif,CVC,
fiv,CVC,
fix,CVC,belief
fij,CVC,
fic,CVC,
fiC,CVC,
fem,CVC,
fen,CVC,
feq,CVC,
feb,CVC,
fed,CVC,
feg,CVC,
fep,CVC,
fet,CVC,eight
fek,CVC,fake
fes,CVC,face
fez,CVC,
fef,CVC,
fev,CVC,
fex,CVC,
fej,CVC,
fec,CVC,
feC,CVC,
fam,CVC,family
fan,CVC,find
faq,CVC,
fab,CVC,
fad,CVC,
fag,CVC,
fap,CVC,
fat,CVC,
fak,CVC,fuck
fas,CVC,
faz,CVC,green
faf,CVC,
fav,CVC,
fax,CVC,
faj,CVC,
fac,CVC,
faC,CVC,
fal,CVC,
far,CVC,
fom,CVC,
fon,CVC,device
foq,CVC,
fob,CVC,
fod,CVC,
fog,CVC,
fop,CVC,
fot,CVC,right (direction)
fok,CVC,halt
fos,CVC,else
foz,CVC,
fof,CVC,
fov,CVC,
fox,CVC,
foj,CVC,
foc,CVC,
foC,CVC,
fol,CVC,
for,CVC,fire
fum,CVC,
fun,CVC,within (endo-)
fuq,CVC,function
fub,CVC,
fud,CVC,
fug,CVC,figure (it out)
fup,CVC,borrow
fut,CVC,bad
fuk,CVC,
fus,CVC,discontinuous
fuz,CVC,fusion
fuf,CVC,
fuv,CVC,
fux,CVC,
fuj,CVC,refuge
fuc,CVC,
fuC,CVC,
ful,CVC,fuel
fur,CVC,fail
vim,CVC,way/style
vin,CVC,fill (-full)
viq,CVC,everything
vib,CVC,
vid,CVC,veer
vig,CVC,start
vip,CVC,six
vit,CVC,information
vik,CVC,
vis,CVC,see
viz,CVC,
vif,CVC,
viv,CVC,
vix,CVC,preserve
vij,CVC,
vic,CVC,bit
viC,CVC,
vem,CVC,
ven,CVC,
veq,CVC,
veb,CVC,byte
ved,CVC,study or science of (-ology)
veg,CVC,
vep,CVC,
vet,CVC,
vek,CVC,filter
ves,CVC,vessel
vez,CVC,
vef,CVC,
vev,CVC,
vex,CVC,reveal
vej,CVC,
vec,CVC,
veC,CVC,
vam,CVC,
van,CVC,having the nature of (-ivity)
vaq,CVC,
vab,CVC,vibe
vad,CVC,
vag,CVC,
vap,CVC,
vat,CVC,body
vak,CVC,multiply
vas,CVC,aspect
vaz,CVC,
vaf,CVC,
vav,CVC,repeat
vax,CVC,it
vaj,CVC,
vac,CVC,
vaC,CVC,
val,CVC,value
var,CVC,variable
vom,CVC,
von,CVC,sin
voq,CVC,
vob,CVC,
vod,CVC,void
vog,CVC,black
vop,CVC,
vot,CVC,vote
vok,CVC,
vos,CVC,
voz,CVC,voice
vof,CVC,
vov,CVC,axis
vox,CVC,
voj,CVC,
voc,CVC,
voC,CVC,
vol,CVC,
vor,CVC,
vum,CVC,
vun,CVC,on
vuq,CVC,data
vub,CVC,
vud,CVC,
vug,CVC,
vup,CVC,
vut,CVC,
vuk,CVC,
vus,CVC,flex
vuz,CVC,
vuf,CVC,
vuv,CVC,
vux,CVC,
vuj,CVC,
vuc,CVC,catch
vuC,CVC,
vul,CVC,via
vur,CVC,
xim,CVC,speech
xin,CVC,machine
xiq,CVC,will
xib,CVC,
xid,CVC,grey
xig,CVC,
xip,CVC,imagine
xit,CVC,provide
xik,CVC,computation
xis,CVC,
xiz,CVC,
xif,CVC,
xiv,CVC,destroy
xix,CVC,
xij,CVC,
xic,CVC,eye
xiC,CVC,
xem,CVC,
xen,CVC,result
xeq,CVC,
xeb,CVC,
xed,CVC,should
xeg,CVC,
xep,CVC,
xet,CVC,
xek,CVC,
xes,CVC,
xez,CVC,
xef,CVC,
xev,CVC,
xex,CVC,
xej,CVC,
xec,CVC,
xeC,CVC,
xam,CVC,chime
xan,CVC,
xaq,CVC,
xab,CVC,seven
xad,CVC,
xag,CVC,
xap,CVC,
xat,CVC,or
xak,CVC,
xas,CVC,
xaz,CVC,
xaf,CVC,
xav,CVC,
xax,CVC,eternal
xaj,CVC,
xac,CVC,
xaC,CVC,
xal,CVC,share
xar,CVC,
xom,CVC,now
xon,CVC,
xoq,CVC,
xob,CVC,
xod,CVC,
xog,CVC,
xop,CVC,
xot,CVC,
xok,CVC,copy
xos,CVC,
xoz,CVC,
xof,CVC,
xov,CVC,
xox,CVC,
xoj,CVC,
xoc,CVC,
xoC,CVC,
xol,CVC,show
xor,CVC,
xum,CVC,sky
xun,CVC,change
xuq,CVC,
xub,CVC,
xud,CVC,quiet
xug,CVC,
xup,CVC,ship
xut,CVC,shout
xuk,CVC,
xus,CVC,
xuz,CVC,
xuf,CVC,
xuv,CVC,return
xux,CVC,
xuj,CVC,
xuc,CVC,
xuC,CVC,
xul,CVC,subtract
xur,CVC,
jim,CVC,
jin,CVC,paradise
jiq,CVC,
jib,CVC,
jid,CVC,
jig,CVC,
jip,CVC,
jit,CVC,digit
jik,CVC,
jis,CVC,
jiz,CVC,
jif,CVC,
jiv,CVC,
jix,CVC,
jij,CVC,
jic,CVC,
jiC,CVC,
jem,CVC,
jen,CVC,
jeq,CVC,
jeb,CVC,
jed,CVC,
jeg,CVC,
jep,CVC,
jet,CVC,throw
jek,CVC,
jes,CVC,
jez,CVC,
jef,CVC,
jev,CVC,
jex,CVC,
jej,CVC,
jec,CVC,
jeC,CVC,
jam,CVC,
jan,CVC,spirit
jaq,CVC,count
jab,CVC,
jad,CVC,
jag,CVC,
jap,CVC,
jat,CVC,
jak,CVC,wisdom
jas,CVC,just (close-focus)
jaz,CVC,
jaf,CVC,
jav,CVC,
jax,CVC,
jaj,CVC,
jac,CVC,
jaC,CVC,
jal,CVC,
jar,CVC,
jom,CVC,pattern
jon,CVC,
joq,CVC,
job,CVC,
jod,CVC,
jog,CVC,
jop,CVC,
jot,CVC,
jok,CVC,
jos,CVC,
joz,CVC,
jof,CVC,
jov,CVC,
jox,CVC,
joj,CVC,
joc,CVC,
joC,CVC,
jol,CVC,
jor,CVC,
jum,CVC,
jun,CVC,
juq,CVC,
jub,CVC,
jud,CVC,
jug,CVC,
jup,CVC,
jut,CVC,
juk,CVC,
jus,CVC,
juz,CVC,
juf,CVC,
juv,CVC,
jux,CVC,
juj,CVC,
juc,CVC,
juC,CVC,
jul,CVC,universe
jur,CVC,
cim,CVC,
cin,CVC,
ciq,CVC,thing (hatchling)
cib,CVC,
cid,CVC,
cig,CVC,
cip,CVC,
cit,CVC,get
cik,CVC,
cis,CVC,
ciz,CVC,
cif,CVC,
civ,CVC,
cix,CVC,
cij,CVC,
cic,CVC,
ciC,CVC,
cem,CVC,
cen,CVC,
ceq,CVC,
ceb,CVC,
ced,CVC,
ceg,CVC,
cep,CVC,
cet,CVC,
cek,CVC,
ces,CVC,
cez,CVC,
cef,CVC,
cev,CVC,
cex,CVC,
cej,CVC,
cec,CVC,
ceC,CVC,
cam,CVC,then
can,CVC,
caq,CVC,
cab,CVC,
cad,CVC,life
cag,CVC,
cap,CVC,
cat,CVC,mud
cak,CVC,thank
cas,CVC,
caz,CVC,
caf,CVC,
cav,CVC,
cax,CVC,
caj,CVC,
cac,CVC,
caC,CVC,
cal,CVC,
car,CVC,
com,CVC,
con,CVC,
coq,CVC,
cob,CVC,
cod,CVC,
cog,CVC,
cop,CVC,
cot,CVC,
cok,CVC,spec
cos,CVC,
coz,CVC,
cof,CVC,
cov,CVC,brown
cox,CVC,
coj,CVC,
coc,CVC,
coC,CVC,
col,CVC,
cor,CVC,
cum,CVC,
cun,CVC,
cuq,CVC,
cub,CVC,torture
cud,CVC,
cug,CVC,
cup,CVC,
cut,CVC,
cuk,CVC,eleven
cus,CVC,
cuz,CVC,
cuf,CVC,
cuv,CVC,field (ether)
cux,CVC,key
cuj,CVC,
cuc,CVC,
cuC,CVC,
cul,CVC,
cur,CVC,
Cim,CVC,
Cin,CVC,
Ciq,CVC,
Cib,CVC,
Cid,CVC,
Cig,CVC,
Cip,CVC,
Cit,CVC,
Cik,CVC,
Cis,CVC,
Ciz,CVC,kaledoscope
Cif,CVC,
Civ,CVC,
Cix,CVC,
Cij,CVC,
Cic,CVC,
CiC,CVC,
Cem,CVC,
Cen,CVC,
Ceq,CVC,
Ceb,CVC,
Ced,CVC,
Ceg,CVC,
Cep,CVC,
Cet,CVC,
Cek,CVC,
Ces,CVC,
Cez,CVC,
Cef,CVC,
Cev,CVC,without
Cex,CVC,
Cej,CVC,
Cec,CVC,
CeC,CVC,
Cam,CVC,
Can,CVC,than/compare
Caq,CVC,
Cab,CVC,
Cad,CVC,
Cag,CVC,
Cap,CVC,
Cat,CVC,
Cak,CVC,
Cas,CVC,thus
Caz,CVC,
Caf,CVC,
Cav,CVC,
Cax,CVC,
Caj,CVC,
Cac,CVC,
CaC,CVC,
Cal,CVC,
Car,CVC,there (abstract reference)
Com,CVC,
Con,CVC,transition
Coq,CVC,
Cob,CVC,
Cod,CVC,
Cog,CVC,though/regard
Cop,CVC,
Cot,CVC,
Cok,CVC,
Cos,CVC,
Coz,CVC,except
Cof,CVC,
Cov,CVC,
Cox,CVC,
Coj,CVC,
Coc,CVC,
CoC,CVC,
Col,CVC,
Cor,CVC,
Cum,CVC,
Cun,CVC,
Cuq,CVC,
Cub,CVC,
Cud,CVC,
Cug,CVC,
Cup,CVC,
Cut,CVC,
Cuk,CVC,
Cus,CVC,
Cuz,CVC,
Cuf,CVC,
Cuv,CVC,
Cux,CVC,
Cuj,CVC,
Cuc,CVC,
CuC,CVC,
Cul,CVC,
Cur,CVC,
wim,CVC,bounty
win,CVC,when (time location)
wiq,CVC,wing
wib,CVC,
wid,CVC,
wig,CVC,kaleidoscope
wip,CVC,
wit,CVC,
wik,CVC,
wis,CVC,inverse
wiz,CVC,solve
wif,CVC,
wiv,CVC,connection network (neighborhood)
wix,CVC,
wij,CVC,
wic,CVC,
wiC,CVC,
wem,CVC,warm
wen,CVC,
weq,CVC,
web,CVC,
wed,CVC,
weg,CVC,
wep,CVC,
wet,CVC,wait
wek,CVC,week
wes,CVC,
wez,CVC,fifteen
wef,CVC,
wev,CVC,wave
wex,CVC,
wej,CVC,
wec,CVC,
weC,CVC,
wam,CVC,
wan,CVC,why
waq,CVC,um
wab,CVC,
wad,CVC,
wag,CVC,
wap,CVC,
wat,CVC,white
wak,CVC,walk
was,CVC,
waz,CVC,
waf,CVC,
wav,CVC,exist
wax,CVC,
waj,CVC,
wac,CVC,
waC,CVC,water
wal,CVC,while
war,CVC,wear
wom,CVC,well (good)
won,CVC,
woq,CVC,
wob,CVC,
wod,CVC,
wog,CVC,
wop,CVC,
wot,CVC,
wok,CVC,
wos,CVC,
woz,CVC,problem
wof,CVC,
wov,CVC,
wox,CVC,
woj,CVC,
woc,CVC,
woC,CVC,
wol,CVC,wow
wor,CVC,forceful (like hard hit)
wum,CVC,swim
wun,CVC,woo
wuq,CVC,
wub,CVC,
wud,CVC,
wug,CVC,emanate
wup,CVC,
wut,CVC,what
wuk,CVC,
wus,CVC,
wuz,CVC,
wuf,CVC,
wuv,CVC,
wux,CVC,system
wuj,CVC,
wuc,CVC,
wuC,CVC,
wul,CVC,
wur,CVC,
lim,CVC,
lin,CVC,learn
liq,CVC,simulate
lib,CVC,
lid,CVC,lead
lig,CVC,square root
lip,CVC,chain
lit,CVC,light
lik,CVC,link
lis,CVC,
liz,CVC,
lif,CVC,leaf
liv,CVC,
lix,CVC,
lij,CVC,orient
lic,CVC,
liC,CVC,
lem,CVC,low
len,CVC,
leq,CVC,
leb,CVC,
led,CVC,
leg,CVC,
lep,CVC,push
let,CVC,
lek,CVC,collect
les,CVC,air
lez,CVC,
lef,CVC,
lev,CVC,
lex,CVC,
lej,CVC,
lec,CVC,
leC,CVC,point
lam,CVC,real
lan,CVC,land
laq,CVC,object feature type
lab,CVC,
lad,CVC,yellow
lag,CVC,organ (body)
lap,CVC,
lat,CVC,
lak,CVC,like
las,CVC,
laz,CVC,very much of (-some)
laf,CVC,four
lav,CVC,love
lax,CVC,add
laj,CVC,
lac,CVC,
laC,CVC,
lal,CVC,y-axis
lar,CVC,
lom,CVC,plural (many)
lon,CVC,loan
loq,CVC,
lob,CVC,error
lod,CVC,load
log,CVC,
lop,CVC,
lot,CVC,lot (land)
lok,CVC,place (space location)
los,CVC,less of (-less) empty
loz,CVC,
lof,CVC,
lov,CVC,
lox,CVC,string (computing)
loj,CVC,
loc,CVC,
loC,CVC,
lol,CVC,
lor,CVC,lord
lum,CVC,branch
lun,CVC,moon
luq,CVC,question
lub,CVC,
lud,CVC,
lug,CVC,
lup,CVC,loop
lut,CVC,
luk,CVC,look
lus,CVC,
luz,CVC,
luf,CVC,far (large-distance-focus)
luv,CVC,
lux,CVC,
luj,CVC,logic
luc,CVC,
luC,CVC,
lul,CVC,
lur,CVC,
rim,CVC,
rin,CVC,run
riq,CVC,
rib,CVC,ribbit
rid,CVC,read
rig,CVC,
rip,CVC,rich
rit,CVC,soil
rik,CVC,up
ris,CVC,express
riz,CVC,rise
rif,CVC,close (near)
riv,CVC,to/arrive
rix,CVC,
rij,CVC,
ric,CVC,straight
riC,CVC,algorithm
rem,CVC,
ren,CVC,rain
req,CVC,
reb,CVC,
red,CVC,red
reg,CVC,edit
rep,CVC,
ret,CVC,after
rek,CVC,
res,CVC,
rez,CVC,
ref,CVC,success
rev,CVC,
rex,CVC,array
rej,CVC,
rec,CVC,
reC,CVC,progress
ram,CVC,dark
ran,CVC,frog
raq,CVC,wrong
rab,CVC,ride
rad,CVC,
rag,CVC,
rap,CVC,wrap
rat,CVC,write
rak,CVC,rock
ras,CVC,in
raz,CVC,resonate
raf,CVC,reference
rav,CVC,particle
rax,CVC,
raj,CVC,range
rac,CVC,
raC,CVC,rhythm
ral,CVC,raw
rar,CVC,rare
rom,CVC,
ron,CVC,environment
roq,CVC,
rob,CVC,
rod,CVC,
rog,CVC,thirteen
rop,CVC,
rot,CVC,FALSE
rok,CVC,
ros,CVC,force
roz,CVC,rose
rof,CVC,
rov,CVC,copper
rox,CVC,
roj,CVC,
roc,CVC,
roC,CVC,
rol,CVC,cycle
ror,CVC,
rum,CVC,realm
run,CVC,glyph
ruq,CVC,
rub,CVC,logarithm
rud,CVC,update
rug,CVC,this
rup,CVC,right (time)
rut,CVC,
ruk,CVC,location
rus,CVC,
ruz,CVC,consonant
ruf,CVC,
ruv,CVC,local
rux,CVC,
ruj,CVC,
ruc,CVC,
ruC,CVC,
rul,CVC,rule (in system)
rur,CVC,
yim,CVC,
yin,CVC,
yiq,CVC,impermanent
yib,CVC,
yid,CVC,
yig,CVC,
yip,CVC,
yit,CVC,night
yik,CVC,
yis,CVC,
yiz,CVC,
yif,CVC,
yiv,CVC,
yix,CVC,something
yij,CVC,
yic,CVC,
yiC,CVC,
yem,CVC,yum (food)
yen,CVC,
yeq,CVC,
yeb,CVC,
yed,CVC,
yeg,CVC,
yep,CVC,
yet,CVC,
yek,CVC,
yes,CVC,
yez,CVC,
yef,CVC,
yev,CVC,sort
yex,CVC,
yej,CVC,
yec,CVC,
yeC,CVC,
yam,CVC,day
yan,CVC,vehicle
yaq,CVC,permanent
yab,CVC,
yad,CVC,away
yag,CVC,
yap,CVC,yep
yat,CVC,way
yak,CVC,
yas,CVC,
yaz,CVC,
yaf,CVC,
yav,CVC,
yax,CVC,
yaj,CVC,measure
yac,CVC,
yaC,CVC,
yal,CVC,turquoise
yar,CVC,year
yom,CVC,
yon,CVC,
yoq,CVC,
yob,CVC,
yod,CVC,
yog,CVC,practice of focusing on x (-ism)
yop,CVC,
yot,CVC,
yok,CVC,
yos,CVC,
yoz,CVC,
yof,CVC,
yov,CVC,of
yox,CVC,
yoj,CVC,
yoc,CVC,
yoC,CVC,
yol,CVC,yell
yor,CVC,
yum,CVC,
yun,CVC,
yuq,CVC,
yub,CVC,
yud,CVC,
yug,CVC,
yup,CVC,
yut,CVC,yet
yuk,CVC,
yus,CVC,
yuz,CVC,use
yuf,CVC,
yuv,CVC,view
yux,CVC,
yuj,CVC,
yuc,CVC,with (con-)
yuC,CVC,
yul,CVC,polynomial
yur,CVC,
minz,CVCC,means
minc,CVCC,
miqk,CVCC,who
mibz,CVCC,
midj,CVCC,
midc,CVCC,
mipf,CVCC,
mipx,CVCC,
mitz,CVCC,
miks,CVCC,mix
mikx,CVCC,
misp,CVCC,
misk,CVCC,
mift,CVCC,
mifs,CVCC,
mixt,CVCC,
milm,CVCC,
milb,CVCC,
milg,CVCC,
mils,CVCC,
milf,CVCC,
milx,CVCC,
mirt,CVCC,meter
mirC,CVCC,
mirl,CVCC,
ment,CVCC,mate
manc,CVCC,
maqk,CVCC,monkey
mabz,CVCC,
madj,CVCC,image
madc,CVCC,
magz,CVCC,moss
mapf,CVCC,
mapx,CVCC,
makx,CVCC,
mast,CVCC,member
mask,CVCC,mask
maft,CVCC,
mafs,CVCC,
maxt,CVCC,
malt,CVCC,metal
marm,CVCC,mammal
marg,CVCC,old
mars,CVCC,mass
marx,CVCC,mesh (inter-)
marC,CVCC,quite
marl,CVCC,
momd,CVCC,
momp,CVCC,
morf,CVCC,morph
mumz,CVCC,
munc,CVCC,
mubz,CVCC,
mugz,CVCC,
mupf,CVCC,
muts,CVCC,
mutx,CVCC,much (large-lot-focus)
mukx,CVCC,
musk,CVCC,
muft,CVCC,
mufs,CVCC,
muxt,CVCC,
mulm,CVCC,
mulb,CVCC,
mulg,CVCC,
mult,CVCC,
muls,CVCC,
mulx,CVCC,
murC,CVCC,
murl,CVCC,
nanz,CVCC,noise
natz,CVCC,glory
narb,CVCC,neighbor
nuqk,CVCC,bear (animal)
nust,CVCC,embed
bimp,CVCC,
bimz,CVCC,
binc,CVCC,
bibz,CVCC,
bigz,CVCC,
bipf,CVCC,
bits,CVCC,
bikx,CVCC,
bist,CVCC,beast
bift,CVCC,
bifs,CVCC,
bixt,CVCC,
bilm,CVCC,
bild,CVCC,build
bilg,CVCC,
bilp,CVCC,
bilf,CVCC,
bilx,CVCC,
birs,CVCC,beer
birC,CVCC,
birl,CVCC,
bend,CVCC,bend
besk,CVCC,basic
bamp,CVCC,bump
banc,CVCC,
babz,CVCC,
bapf,CVCC,
bats,CVCC,
batx,CVCC,bat (animal)
baks,CVCC,rectangle
bakx,CVCC,
bast,CVCC,prime
baft,CVCC,
bafs,CVCC,
baxt,CVCC,
barb,CVCC,barb
barv,CVCC,duck (bird)
barc,CVCC,birth
barl,CVCC,bare
born,CVCC,bury
borz,CVCC,poison
bump,CVCC,
bund,CVCC,boundary
bunk,CVCC,
bunz,CVCC,boon
bunc,CVCC,
bubz,CVCC,
budj,CVCC,
budc,CVCC,
bugz,CVCC,
bupf,CVCC,
bupx,CVCC,
butz,CVCC,
bukx,CVCC,
bust,CVCC,burst
buft,CVCC,
bufs,CVCC,
buxt,CVCC,
bulb,CVCC,
bulg,CVCC,
bult,CVCC,
bulf,CVCC,
bulx,CVCC,
burl,CVCC,
blim,CCVC,beam
bliz,CCVC,our
blet,CCVC,bait
blab,CCVC,blob
bloz,CCVC,boson
blof,CCVC,blow
blor,CCVC,blur
blum,CCVC,bloom
blub,CCVC,
blut,CCVC,butt
blux,CCVC,
brig,CCVC,insecta
brif,CCVC,brief
brak,CCVC,bacteria
bruk,CCVC,beak
diqk,CVCC,deny
didj,CVCC,
dipx,CVCC,
dank,CVCC,
danz,CVCC,dance
dalg,CVCC,magnitude
dalt,CVCC,dependent
dusk,CVCC,across (trans-)/cross
djin,CCVC,gene
djid,CCVC,
djip,CCVC,over
djiz,CCVC,jeez
djif,CCVC,
djix,CCVC,
djek,CCVC,reject
djam,CCVC,jam
djab,CCVC,
djat,CCVC,deal
djas,CCVC,justice
djaf,CCVC,
djax,CCVC,
djaC,CCVC,
djok,CCVC,joke
djud,CCVC,jew
djup,CCVC,
djus,CCVC,juice
djuf,CCVC,
djux,CCVC,
djuC,CCVC,
djul,CCVC,jewel
drib,CCVC,10^6
drix,CCVC,direction
dram,CCVC,human
drax,CCVC,
gimd,CVCC,
gimp,CVCC,
ginc,CVCC,
gibz,CVCC,
gidj,CVCC,
gidc,CVCC,
gigz,CVCC,
gipf,CVCC,
gipx,CVCC,
gitz,CVCC,
gikx,CVCC,
gisk,CVCC,
gift,CVCC,
gifs,CVCC,
gixt,CVCC,
gild,CVCC,
gilg,CVCC,
gilp,CVCC,gill
gils,CVCC,
gilf,CVCC,
gilx,CVCC,
girC,CVCC,
girl,CVCC,
gemz,CVCC,vowel e sound
gest,CVCC,guest
gant,CVCC,-gon (polygon)
gank,CVCC,
ganc,CVCC,
gabz,CVCC,
gagz,CVCC,
gapf,CVCC,
gats,CVCC,
gatx,CVCC,german i vowel sound
gakx,CVCC,
gask,CVCC,
gaft,CVCC,
gafs,CVCC,
gaxt,CVCC,
galt,CVCC,guilt
garm,CVCC,arm
garz,CVCC,again (re-)
garl,CVCC,
gomz,CVCC,
gost,CVCC,ghost
golx,CVCC,only
gump,CVCC,new
gunk,CVCC,
gunc,CVCC,
gubz,CVCC,
gudj,CVCC,
gudc,CVCC,
gugz,CVCC,
gupf,CVCC,
gupx,CVCC,
gutz,CVCC,
gukx,CVCC,
gusk,CVCC,
guft,CVCC,
gufs,CVCC,
guxt,CVCC,
gulm,CVCC,
gulg,CVCC,
gult,CVCC,
guls,CVCC,
gurl,CVCC,
glip,CCVC,lip
glix,CCVC,
glen,CCVC,gluon
gled,CCVC,lay
glez,CCVC,10^4
glav,CCVC,glove
glaj,CCVC,
glob,CCVC,planet
glot,CCVC,goat
glok,CCVC,your
glor,CCVC,glare
glux,CCVC,
griv,CCVC,grieve
grac,CCVC,jaw
groq,CCVC,lion
gruv,CCVC,rub
pink,CVCC,
pitx,CVCC,pitch (sound)
pamz,CVCC,
paqk,CVCC,punk
part,CVCC,part
park,CVCC,park (car)
posk,CVCC,
plib,CCVC,
plix,CCVC,
plan,CCVC,plan
plax,CCVC,accomplish
timd,CVCC,
timp,CVCC,
timz,CVCC,
tinc,CVCC,
tibz,CVCC,
tigz,CVCC,
tipf,CVCC,
tits,CVCC,
tikx,CVCC,
tisk,CVCC,
tift,CVCC,
tifs,CVCC,
tixt,CVCC,
tilb,CVCC,
tilg,CVCC,
tilt,CVCC,
tils,CVCC,
tilf,CVCC,
tilx,CVCC,
tirn,CVCC,tour
tirC,CVCC,
tirl,CVCC,
test,CVCC,taste
tamd,CVCC,
tamp,CVCC,temperature
tanc,CVCC,
tabz,CVCC,
tapf,CVCC,
tats,CVCC,
tatx,CVCC,touch
takx,CVCC,
taft,CVCC,
tafs,CVCC,
taxt,CVCC,
talb,CVCC,
tals,CVCC,tall
talf,CVCC,
talx,CVCC,
tarn,CVCC,10^39
tarC,CVCC,
tarl,CVCC,
toks,CVCC,easy
tosp,CVCC,
tumd,CVCC,
tump,CVCC,
tumz,CVCC,
tunk,CVCC,
tunc,CVCC,
tubz,CVCC,
tudj,CVCC,
tudc,CVCC,
tupf,CVCC,
tupx,CVCC,
tutz,CVCC,
tukx,CVCC,
tuft,CVCC,
tufs,CVCC,
tuxt,CVCC,
tulm,CVCC,
tulb,CVCC,
tulg,CVCC,
tult,CVCC,
tuls,CVCC,
tulf,CVCC,
tulx,CVCC,
turC,CVCC,
turl,CVCC,
txal,CCVC,shell
txum,CCVC,tissue
trin,CCVC,neutrino
trik,CCVC,trick
tris,CCVC,interest
trif,CCVC,
triC,CCVC,
tret,CCVC,trait
trab,CCVC,tribe
trag,CCVC,10^42
tras,CCVC,torus
traf,CCVC,
traC,CCVC,
tral,CCVC,
trot,CCVC,
trum,CCVC,
trub,CCVC,
trug,CCVC,
trus,CCVC,
truf,CCVC,
trux,CCVC,
truC,CCVC,
trul,CCVC,
kiqk,CVCC,10^15
kirn,CVCC,cure
kalv,CVCC,kelvin
kark,CVCC,quark
korb,CVCC,cone
kund,CVCC,kind (good)
kurv,CVCC,curve
ksim,CCVC,
ksib,CCVC,
ksig,CCVC,
ksit,CCVC,
ksis,CCVC,
ksif,CCVC,
ksix,CCVC,
ksiC,CCVC,
ksam,CCVC,
ksab,CCVC,
ksag,CCVC,
ksat,CCVC,
ksas,CCVC,
ksaf,CCVC,
ksax,CCVC,
ksaC,CCVC,
ksal,CCVC,
ksum,CCVC,
ksub,CCVC,
ksug,CCVC,
ksut,CCVC,
ksus,CCVC,
ksuf,CCVC,
ksux,CCVC,
ksuC,CCVC,
ksul,CCVC,
klek,CCVC,click
kloz,CCVC,close
himz,CVCC,
hint,CVCC,hint
hinc,CVCC,
hidz,CVCC,
hidj,CVCC,polyhedron
hidc,CVCC,
higz,CVCC,
hipf,CVCC,
hipx,CVCC,
hikx,CVCC,
hisp,CVCC,
hisk,CVCC,
hift,CVCC,
hifs,CVCC,
hixt,CVCC,
hilm,CVCC,
hilb,CVCC,
hilt,CVCC,
hilk,CVCC,elk
hils,CVCC,
hilf,CVCC,
hilx,CVCC,
hirC,CVCC,
hirl,CVCC,
heqk,CVCC,angry
heps,CVCC,ape
hamd,CVCC,
hamp,CVCC,ampere (electric current)
hanz,CVCC,house
hanc,CVCC,
hadz,CVCC,
hadj,CVCC,hedge
hadc,CVCC,
hagz,CVCC,
hapf,CVCC,
hapx,CVCC,
hakx,CVCC,
hask,CVCC,explore
haft,CVCC,
hafs,CVCC,
haxt,CVCC,
halm,CVCC,hue
hald,CVCC,elm
halp,CVCC,
hals,CVCC,ice
halx,CVCC,hair
hark,CVCC,arc
harl,CVCC,
hops,CVCC,
host,CVCC,thirst
holv,CVCC,elbow
humd,CVCC,
hump,CVCC,
humz,CVCC,
hunc,CVCC,
huqk,CVCC,hunger
hudz,CVCC,
hudj,CVCC,vowel u sound
hudc,CVCC,
hugz,CVCC,
hupf,CVCC,
hupx,CVCC,
hukx,CVCC,
husk,CVCC,
huft,CVCC,
hufs,CVCC,
huxt,CVCC,
hulm,CVCC,
hulb,CVCC,
hulg,CVCC,
hult,CVCC,
huls,CVCC,
hulx,CVCC,
hurl,CVCC,
sinc,CVCC,synthetic
siqk,CVCC,sink (down)
sibz,CVCC,
sigz,CVCC,
sipf,CVCC,
sitx,CVCC,second (time)
sikx,CVCC,
sisk,CVCC,
sift,CVCC,
sifs,CVCC,
sixt,CVCC,
silm,CVCC,
silb,CVCC,
silg,CVCC,
silt,CVCC,
sils,CVCC,
silf,CVCC,
silx,CVCC,
sirC,CVCC,
sirl,CVCC,
sent,CVCC,saint
senz,CVCC,essence
sanc,CVCC,
saqk,CVCC,sign
sabz,CVCC,
sadj,CVCC,beside
sagz,CVCC,
sapf,CVCC,
sapx,CVCC,
sakx,CVCC,
sasp,CVCC,
sask,CVCC,
saft,CVCC,soft
safs,CVCC,
saxt,CVCC,
salk,CVCC,circle
sals,CVCC,celsius
sard,CVCC,side
sarC,CVCC,
sarl,CVCC,swirl
somd,CVCC,
somp,CVCC,
somz,CVCC,
sots,CVCC,
solp,CVCC,swap
sorm,CVCC,some
sorf,CVCC,surface
sunc,CVCC,
subz,CVCC,
sugz,CVCC,
supf,CVCC,
sutx,CVCC,set (math)
sukx,CVCC,
susp,CVCC,
susk,CVCC,
suft,CVCC,
sufs,CVCC,
suxt,CVCC,
suld,CVCC,
sulg,CVCC,
suls,CVCC,
sulx,CVCC,
surC,CVCC,
surl,CVCC,
smin,CCVC,meson
smib,CCVC,
smit,CCVC,
smis,CCVC,
smix,CCVC,
smiC,CCVC,
smek,CCVC,smack
smad,CCVC,
smas,CCVC,
smaf,CCVC,
smax,CCVC,smash
smaC,CCVC,
smal,CCVC,small
smok,CCVC,smoke
smub,CCVC,
smut,CCVC,
smus,CCVC,
smuf,CCVC,
smux,CCVC,
smuC,CCVC,
smul,CCVC,smile
snif,CCVC,sniff
snap,CCVC,snap
snom,CCVC,snow
spin,CCVC,spin
spib,CCVC,
spit,CCVC,spit
spik,CCVC,speak
spis,CCVC,
spix,CCVC,
spiC,CCVC,
span,CCVC,spine
spak,CCVC,spike
spas,CCVC,spice
spof,CCVC,
spum,CCVC,
spug,CCVC,
spus,CCVC,
spul,CCVC,
stef,CCVC,safe
stab,CCVC,stab
stat,CCVC,stat
stal,CCVC,stall
stoj,CCVC,storage
stud,CCVC,sad
stup,CCVC,stupid
skim,CCVC,minimum
skib,CCVC,
skig,CCVC,
skit,CCVC,sweet
skis,CCVC,
skif,CCVC,
skix,CCVC,
skiC,CCVC,
skad,CCVC,
skag,CCVC,
skap,CCVC,skip
skas,CCVC,
skaf,CCVC,
skax,CCVC,squash
skaC,CCVC,
skal,CCVC,scale
skoq,CCVC,cease
skud,CCVC,
skug,CCVC,
skup,CCVC,scoop
skuz,CCVC,excuse
skuf,CCVC,
skux,CCVC,
skul,CCVC,school
sfim,CCVC,
sfib,CCVC,
sfit,CCVC,
sfis,CCVC,
sfif,CCVC,
sfix,CCVC,
sfiC,CCVC,
sfam,CCVC,
sfab,CCVC,
sfag,CCVC,
sfat,CCVC,
sfaf,CCVC,
sfax,CCVC,
sfaC,CCVC,
sfal,CCVC,
sfum,CCVC,
sfub,CCVC,
sfug,CCVC,
sfut,CCVC,
sfus,CCVC,
sfuf,CCVC,
sfux,CCVC,
sfuC,CCVC,
svik,CCVC,knife
svas,CCVC,sigh
svur,CCVC,very
slim,CCVC,submit
slid,CCVC,swing
slig,CCVC,
slip,CCVC,sleep
slis,CCVC,
slif,CCVC,
slix,CCVC,wish
sliC,CCVC,therefore
slad,CCVC,slide
slag,CCVC,slug (animal)
slap,CCVC,slop
slas,CCVC,faint (light)
slaf,CCVC,
slax,CCVC,slash
slaC,CCVC,
slal,CCVC,
slom,CCVC,slow
slud,CCVC,
slug,CCVC,
slup,CCVC,swoop
slus,CCVC,
sluf,CCVC,
slux,CCVC,
sluC,CCVC,
slur,CCVC,my
zits,CVCC,
zist,CVCC,resist
zalx,CVCC,toe
zuqk,CVCC,z sound
finz,CVCC,finish
finc,CVCC,
fiqk,CVCC,even (though)
fibz,CVCC,
figz,CVCC,
fipf,CVCC,
fipx,CVCC,
fikx,CVCC,
fisk,CVCC,
fift,CVCC,
fifs,CVCC,
fixt,CVCC,
film,CVCC,film (material)
filb,CVCC,
filg,CVCC,
filt,CVCC,
fils,CVCC,
filf,CVCC,
filx,CVCC,
firC,CVCC,
firl,CVCC,
fent,CVCC,faint (dizzy)
famz,CVCC,
fanc,CVCC,
faqk,CVCC,funk
fabz,CVCC,
fagz,CVCC,
fapf,CVCC,
fapx,CVCC,
fakx,CVCC,
fast,CVCC,fast
fask,CVCC,
faft,CVCC,
fafs,CVCC,
faxt,CVCC,
farm,CVCC,far
farg,CVCC,fog
fart,CVCC,fart
farv,CVCC,10^24
farl,CVCC,
fots,CVCC,
forc,CVCC,there
fumz,CVCC,
funt,CVCC,photon
funk,CVCC,
func,CVCC,
fubz,CVCC,
fugz,CVCC,
fupf,CVCC,
fukx,CVCC,
fusk,CVCC,
fuft,CVCC,
fufs,CVCC,
fuxt,CVCC,
fulm,CVCC,
fulg,CVCC,
fult,CVCC,
fulz,CVCC,
fulv,CVCC,
furl,CVCC,
flid,CCVC,field (math)
flip,CCVC,flip
flif,CCVC,
flem,CCVC,flame
flek,CCVC,mirror
fleC,CCVC,appear
flad,CCVC,
flap,CCVC,hop
flaf,CCVC,
flax,CCVC,flesh
flom,CCVC,f sound
flok,CCVC,glow
flor,CCVC,flower
flud,CCVC,fluid
flup,CCVC,
fluz,CCVC,complex
fluf,CCVC,
flux,CCVC,flush
fris,CCVC,hiss
frix,CCVC,fish
fras,CCVC,sail
vidc,CVCC,
vitz,CVCC,
vist,CVCC,visit
vedj,CVCC,vegetable
varz,CVCC,forest
vorb,CVCC,ever
vutx,CVCC,entity
vust,CVCC,v sound
ximd,CVCC,
ximp,CVCC,shrimp (fish)
ximz,CVCC,happy
xink,CVCC,
xinc,CVCC,
xibz,CVCC,
xidj,CVCC,
xigz,CVCC,
xipf,CVCC,
xipx,CVCC,
xikx,CVCC,
xisp,CVCC,
xisk,CVCC,
xift,CVCC,shift
xifs,CVCC,
xixt,CVCC,
xilm,CVCC,
xild,CVCC,shield
xilg,CVCC,
xilp,CVCC,
xils,CVCC,
xilf,CVCC,
xilx,CVCC,
xirC,CVCC,
xirl,CVCC,
xamz,CVCC,
xant,CVCC,ancient
xank,CVCC,
xanc,CVCC,
xabz,CVCC,
xadj,CVCC,
xagz,CVCC,
xapf,CVCC,
xapx,CVCC,
xakx,CVCC,
xasp,CVCC,
xask,CVCC,ask
xaft,CVCC,
xafs,CVCC,
xaxt,CVCC,
xald,CVCC,
xalx,CVCC,
xarm,CVCC,10^21
xarp,CVCC,x sound
xark,CVCC,society
xarz,CVCC,opposite (anti)
xarl,CVCC,
xodc,CVCC,
xotz,CVCC,
xumd,CVCC,
xump,CVCC,
xumz,CVCC,
xunk,CVCC,
xunc,CVCC,
xubz,CVCC,
xudj,CVCC,
xugz,CVCC,
xupf,CVCC,
xupx,CVCC,
xukx,CVCC,
xusp,CVCC,
xusk,CVCC,
xuft,CVCC,
xufs,CVCC,
xuxt,CVCC,
xulm,CVCC,
xulb,CVCC,
xulg,CVCC,
xult,CVCC,
xuls,CVCC,
xulf,CVCC,
xulx,CVCC,
xurC,CVCC,
xurl,CVCC,
xnim,CCVC,
xnib,CCVC,
xnig,CCVC,
xnit,CCVC,
xnis,CCVC,
xnif,CCVC,
xnix,CCVC,
xniC,CCVC,
xnam,CCVC,
xnab,CCVC,
xnag,CCVC,
xnat,CCVC,
xnas,CCVC,
xnaf,CCVC,
xnax,CCVC,
xnaC,CCVC,
xnal,CCVC,
xnum,CCVC,
xnub,CCVC,
xnug,CCVC,
xnut,CCVC,
xnus,CCVC,
xnuf,CCVC,
xnux,CCVC,
xnuC,CCVC,
xnul,CCVC,
xkim,CCVC,
xkib,CCVC,
xkig,CCVC,
xkit,CCVC,
xkis,CCVC,
xkif,CCVC,
xkix,CCVC,
xkiC,CCVC,
xkam,CCVC,
xkab,CCVC,
xkag,CCVC,
xkat,CCVC,
xkas,CCVC,
xkaf,CCVC,
xkax,CCVC,
xkaC,CCVC,
xkal,CCVC,
xkum,CCVC,
xkub,CCVC,
xkug,CCVC,
xkut,CCVC,
xkus,CCVC,
xkuf,CCVC,
xkux,CCVC,
xkuC,CCVC,
xkul,CCVC,
xlim,CCVC,
xlib,CCVC,
xlit,CCVC,
xlik,CCVC,shriek
xlis,CCVC,
xlif,CCVC,
xlix,CCVC,
xliC,CCVC,
xlam,CCVC,
xlab,CCVC,
xlag,CCVC,
xlat,CCVC,
xlas,CCVC,
xlav,CCVC,calculate
xlax,CCVC,
xlal,CCVC,
xlum,CCVC,mushroom
xlub,CCVC,
xlug,CCVC,
xlut,CCVC,
xlus,CCVC,
xluf,CCVC,
xlux,CCVC,
xluC,CCVC,
xlul,CCVC,
jidc,CVCC,
jitz,CVCC,
jalf,CVCC,j sound
cets,CVCC,mole (measurement)
Cimd,CVCC,
Cimp,CVCC,
Cimz,CVCC,
Cink,CVCC,
Cinc,CVCC,
Cibz,CVCC,
Cigz,CVCC,
Cipf,CVCC,
Cipx,CVCC,
Cikx,CVCC,
Cisk,CVCC,
Cift,CVCC,
Cifs,CVCC,
Cixt,CVCC,
Cilm,CVCC,
Cilb,CVCC,
Cilg,CVCC,
Cilt,CVCC,
Cils,CVCC,
Cilf,CVCC,
Cilx,CVCC,
CirC,CVCC,
Cirl,CVCC,
Camd,CVCC,
Camp,CVCC,
Camz,CVCC,
Cank,CVCC,
Canc,CVCC,
Cabz,CVCC,
Cagz,CVCC,
Capf,CVCC,
Capx,CVCC,
Cakx,CVCC,
Casp,CVCC,
Cask,CVCC,
Caft,CVCC,
Cafs,CVCC,
Caxt,CVCC,
Calm,CVCC,
Calt,CVCC,
Carl,CVCC,
Cots,CVCC,
Cork,CVCC,large C sound
Cumd,CVCC,
Cump,CVCC,
Cumz,CVCC,
Cunc,CVCC,
Cubz,CVCC,
Cugz,CVCC,
Cupf,CVCC,
Cukx,CVCC,
Cusk,CVCC,
Cuft,CVCC,
Cufs,CVCC,
Cuxt,CVCC,
Culm,CVCC,
Cult,CVCC,
Culs,CVCC,
Culf,CVCC,
Culx,CVCC,
CurC,CVCC,
Curl,CVCC,
wimd,CVCC,
wimp,CVCC,
wimz,CVCC,
wink,CVCC,
winc,CVCC,
wibz,CVCC,
widj,CVCC,10^45
widc,CVCC,width
wigz,CVCC,
wipf,CVCC,
wipx,CVCC,
witz,CVCC,
wikx,CVCC,
wisp,CVCC,
wisk,CVCC,
wift,CVCC,
wifs,CVCC,
wixt,CVCC,
wilm,CVCC,
wilg,CVCC,
wilp,CVCC,
wils,CVCC,
wilf,CVCC,
wilx,CVCC,
wird,CVCC,weird
wirC,CVCC,
wirl,CVCC,
wamp,CVCC,
wamz,CVCC,
wand,CVCC,wind (coil)
wank,CVCC,
wanc,CVCC,
wabz,CVCC,
wagz,CVCC,
wapf,CVCC,
wats,CVCC,
watx,CVCC,watch
wakx,CVCC,
wasp,CVCC,
wask,CVCC,
waft,CVCC,
wafs,CVCC,
waxt,CVCC,
walm,CVCC,
wald,CVCC,wild
wals,CVCC,
warp,CVCC,vowel large A sound
wark,CVCC,work
warx,CVCC,worship
warC,CVCC,
warl,CVCC,
wolf,CVCC,wolf
wumd,CVCC,
wump,CVCC,
wumz,CVCC,
wunk,CVCC,
wunc,CVCC,
wudz,CVCC,
wudj,CVCC,
wudc,CVCC,
wugz,CVCC,
wups,CVCC,whoops
wupf,CVCC,
wupx,CVCC,
wukx,CVCC,
wusp,CVCC,
wusk,CVCC,
wuft,CVCC,
wufs,CVCC,
wuxt,CVCC,
wulb,CVCC,
wulg,CVCC,
wult,CVCC,
wuls,CVCC,
wulx,CVCC,
wurm,CVCC,worm
wurC,CVCC,
wurl,CVCC,
limp,CVCC,limp
limz,CVCC,
linc,CVCC,
libz,CVCC,
lidc,CVCC,
lipf,CVCC,
lipx,CVCC,
litz,CVCC,
likx,CVCC,
list,CVCC,list
lift,CVCC,
lifs,CVCC,
lixt,CVCC,
lilm,CVCC,
lilp,CVCC,
lilf,CVCC,
lilx,CVCC,
lird,CVCC,wet
lirk,CVCC,ratio
lirl,CVCC,
ledj,CVCC,theory
legz,CVCC,leg
lanc,CVCC,
laqk,CVCC,wool
labz,CVCC,
ladc,CVCC,
lapf,CVCC,
lapx,CVCC,
latz,CVCC,
lakx,CVCC,
last,CVCC,last
laft,CVCC,laugh
lafs,CVCC,
laxt,CVCC,
lald,CVCC,
lals,CVCC,
larm,CVCC,limb
larg,CVCC,element
larp,CVCC,lepton
larv,CVCC,larva
larx,CVCC,10^12
larl,CVCC,
lodj,CVCC,
logz,CVCC,
lump,CVCC,
lumz,CVCC,
lunk,CVCC,
lunc,CVCC,
ludz,CVCC,
ludc,CVCC,
lupf,CVCC,
lupx,CVCC,
lukx,CVCC,
lusp,CVCC,
luft,CVCC,
lufs,CVCC,
luxt,CVCC,
lulm,CVCC,
lulb,CVCC,
lulg,CVCC,
lult,CVCC,
luls,CVCC,
lulx,CVCC,
lurv,CVCC,leave
lurl,CVCC,
riqk,CVCC,rhyme
risk,CVCC,risk
rilz,CVCC,reel
rend,CVCC,french r sound
ramp,CVCC,r sound
ranz,CVCC,ram
rask,CVCC,reminiscent of (-esque)
rond,CVCC,gnaw
rups,CVCC,10^39
rusk,CVCC,vowel english r sound
yimd,CVCC,
yimp,CVCC,
yimz,CVCC,
yinc,CVCC,
yiqk,CVCC,vowel large I sound
yibz,CVCC,
yidj,CVCC,
yidc,CVCC,
yigz,CVCC,
yipf,CVCC,
yipx,CVCC,
yitz,CVCC,
yikx,CVCC,
yisp,CVCC,
yisk,CVCC,
yift,CVCC,
yifs,CVCC,
yixt,CVCC,
yilm,CVCC,
yild,CVCC,yield
yilg,CVCC,
yilp,CVCC,
yils,CVCC,
yilf,CVCC,
yilx,CVCC,
yirC,CVCC,
yirl,CVCC,
yamd,CVCC,
yamp,CVCC,
yamz,CVCC,
yank,CVCC,
yanc,CVCC,
yabz,CVCC,
yadj,CVCC,
yadc,CVCC,
yagz,CVCC,
yapf,CVCC,
yapx,CVCC,
yatz,CVCC,
yakx,CVCC,
yasp,CVCC,
yask,CVCC,
yaft,CVCC,
yafs,CVCC,
yaxt,CVCC,
yalp,CVCC,
yals,CVCC,
yalf,CVCC,
yalx,CVCC,
yarn,CVCC,y sound
yard,CVCC,yard (measurement)
yarC,CVCC,
yarl,CVCC,
york,CVCC,10^2
yumd,CVCC,
yump,CVCC,
yumz,CVCC,
yunk,CVCC,
yunc,CVCC,
yubz,CVCC,
yudj,CVCC,
yudc,CVCC,
yugz,CVCC,
yupf,CVCC,
yupx,CVCC,
yutz,CVCC,
yukx,CVCC,
yust,CVCC,used to
yusk,CVCC,
yuft,CVCC,
yufs,CVCC,
yuxt,CVCC,
yulm,CVCC,
yulb,CVCC,
yult,CVCC,
yuls,CVCC,
yulf,CVCC,
yulx,CVCC,
yurC,CVCC,
yurl,CVCC,
